tree
version=v4
num_class=1
num_tree_per_iteration=1
label_index=0
max_feature_idx=12
objective=binary sigmoid:1
feature_names=name_jw name_lev name_jaccard name_exact addr_jw addr_lev addr_jaccard pin_match country_match suffix_match script_mismatch len_diff_name len_diff_addr
feature_infos=[0:1] [0:1] [0:1] [0:1] [0:1] [0:1] [0:1] [0:1] [0:1] [0:1] [0:1] [0:59] [0:166]
tree_sizes=3541 3590 3600 3610 3597 3595 3601 3598 3622 3616 3639 3624 3621 3614 3628 3631 3620 3621 3631 3606 3617 3614 3620 3622 3625 3625 3623 3604 3629 3613 3623 3605 3634 3615 3633 3608 3607 3607 3599 3621 3608 3625 3618 3599 3612 3622 3610 3598 3606 3612 3611 3628 3602 3608 3611 3605 3614 3614 3597 3618 3620 3597 3623 3604 3616 3617 3619 3609 3611 3611 3593 3596 3621 3606 3606 3572 3599 3587 3598 3530 3619 3617 3607 3598 3609 3600 3595 3623 3619 3618 3635 3622 3620 3627 3596 3624 3595 3637 3609 3625 3626 3615 3612 3635 3615 3602 3599 3632 3618 3619 3625 3608 3627 3601 3630 3607 3638 3613 3614 3603 3596 3614 3600 3596 3551 3617 3577 3646 3620 3628 3610 3594 3612 3609 3593 3643 3549 3670 3558 3585 3608 3558 3610 3620 3572 3582 3604 3623 3578 3656 3596 3596 3594 3615 3596 3654 3534 3646 3561 3580 3582 3609 3604 3583 3552 3566 3593 3578 3586 3613 3580 3610 3547 3551 3552 3560 3546 3532 3563 3570 3546 3608 3540 3519 3548 3550 3571 3558 3610 3547 3570 3539 3543 3551 3529 3578 3560 3577 3588 3555 3546 3536 3518 3516 3538 3548 3526 3538 3528 3520 3570 3552 3521 3632 3530 3551 3548 3553 3517 3563 3583 3536 3576 3573 3545 3523 3537 3543 3552 3568 3551 3543 3569 3564 3518 3542 3502 3586 3564 3522 3540 3522 3499 3526 3574 3569 3540 3591

Tree=0
num_leaves=31
num_cat=0
split_feature=6 0 4 10 2 6 1 6 1 4 11 6 10 2 6 6 1 1 12 6 9 6 11 12 9 11 4 6 4 0
split_gain=2.81743e+07 3.10245e+06 1.76323e+06 949593 862783 802104 1.7873e+06 288881 286017 139547 92573.3 71739.1 49243 49883.7 47677.6 46602 176497 41657.2 38851.5 36013.6 35878.4 31660.6 28278.5 27989.4 27451.8 26583.5 25432.1 24450.7 33413.5 24405.8
threshold=0.29520697167755999 0.64954883112777861 1.0000000180025095e-35 1.0000000180025095e-35 0.16025641025641027 0.16064516129032261 0.44590643274853803 0.71714285714285719 0.56711711711711721 0.81711599808393987 4.5000000000000009 0.79057017543859665 1.0000000180025095e-35 0.30952380952380959 0.94868421052631591 0.13100686498855837 0.45080645161290328 0.33712121212121221 45.500000000000007 0.56385869565217395 1.0000000180025095e-35 0.85357142857142865 8.5000000000000018 36.500000000000007 1.0000000180025095e-35 21.500000000000004 0.82408041603247095 0.54195804195804198 0.69804274383078746 1.0000000180025095e-35
decision_type=2 2 2 2 2 2 2 2 2 2 2 2 2 2 2 2 2 2 2 2 2 2 2 2 2 2 2 2 2 2
left_child=2 3 8 4 7 15 12 17 -1 27 19 22 13 -7 -9 -4 -17 26 -18 20 -3 -6 -12 -14 -10 -11 -2 28 -5 -27
right_child=1 10 5 9 21 6 -8 14 24 25 11 -13 23 -15 -16 16 18 -19 -20 -21 -22 -23 -24 -25 -26 29 -28 -29 -30 -31
leaf_value=-1.4604571867786289 -1.474335540409508 -1.2012349473939072 -1.4829498221978648 -1.2765896624624657 -1.2438314768281433 -1.4816567094110409 -1.2214631821083211 -1.3652217546785719 -1.263916036782545 -1.1977837948977181 -1.2169126614261134 -1.1781400754670253 -1.4424656939908205 -1.2807088549136947 -1.2700557747531702 -1.4789339404469775 -1.3640665082727137 -1.2888018708511217 -1.2076241107746768 -1.1743101209981603 -1.1738327927617895 -1.1711882510566132 -1.2634918365530801 -1.3462063054625162 -1.2117114773896096 -1.1973723862013814 -1.4362650057919191 -1.2488092440705083 -1.383760324335054 -1.363834605191603
leaf_weight=17987.285804450512 98387.659295782447 296106.54961127043 1628406.8280770183 13373.42218311131 38357.343820631504 212118.46874557436 101754.25417417288 28390.979053840041 70968.725052878261 116156.46278743446 80278.143016964197 89692.457102045417 30613.150915801525 3134.0190752595663 24534.336295619607 72979.008490130305 9166.5952079743147 3742.6905411630869 6998.6133490204811 1277625.5137087256 200232.17911559343 24630.809754192829 54846.853055283427 10024.672088459134 39032.196908712387 4062.9511151909828 79164.362148791552 11485.822485461831 15943.689935967326 4807.1787319928408
leaf_count=108108 612066 614250 10343242 43043 104377 1343160 242333 129584 214760 234871 185640 154609 175630 10283 76531 459095 41678 12740 15197 2128035 332059 39858 165620 42861 87178 8190 446719 32123 77259 21840
internal_value=-1.32584 -1.2096 -1.45573 -1.32622 -1.3797 -1.46684 -1.39872 -1.42388 -1.27562 -1.23036 -1.18258 -1.21281 -1.4692 -1.47873 -1.32111 -1.48102 -1.44582 -1.45388 -1.29634 -1.17875 -1.19018 -1.21543 -1.23582 -1.41872 -1.24539 -1.20415 -1.45736 -1.31065 -1.33487 -1.28759
internal_weight=4.665e+06 2.46182e+06 2.20318e+06 463038 297208 2.0752e+06 357645 234220 127988 165830 1.99878e+06 224817 255890 215252 52925.3 1.71755e+06 89144.2 181295 16165.2 1.77396e+06 496339 62988.2 135125 40637.8 110001 125027 177552 40802.9 29317.1 8870.13
internal_count=18502939 5419414 13083525 1839201 1421875 12673479 1814267 1277640 410046 417326 3580213 505869 1571934 1353443 206115 10859212 515970 1071525 56875 3074344 946309 144235 351260 218491 301938 264901 1058785 152425 120302 30030
is_linear=0
shrinkage=1


Tree=1
num_leaves=31
num_cat=0
split_feature=6 0 4 6 1 6 10 1 10 2 2 6 11 6 10 2 0 9 6 1 4 12 6 12 4 9 4 12 12 6
split_gain=2.15085e+07 2.02363e+06 1.52294e+06 756727 1.50604e+06 749201 296589 217238 202227 270173 166796 99751.2 55005.2 47120.4 46531.8 48481.6 36512 30921.9 28470.3 105373 28440.9 28578.4 25018.4 49852.7 47388.7 33735.7 31762.6 24445.4 21435.1 29806.1
threshold=0.29520697167755999 0.66215654156830639 1.0000000180025095e-35 0.15075757575757578 0.44590643274853803 0.56385869565217395 1.0000000180025095e-35 0.56711711711711721 1.0000000180025095e-35 0.16025641025641027 0.23611111111111113 0.84412955465587058 6.5000000000000009 0.88562091503267981 1.0000000180025095e-35 0.30952380952380959 0.61245498826143996 1.0000000180025095e-35 0.13100686498855837 0.52704678362573121 0.81711599808393987 27.500000000000004 0.78759398496240618 1.0000000180025095e-35 0.94744415456745323 1.0000000180025095e-35 0.99222761596548015 28.500000000000004 41.500000000000007 0.17752100840336138
decision_type=2 2 2 2 2 2 2 2 2 2 2 2 2 2 2 2 2 2 2 2 2 2 2 2 2 2 2 2 2 2
left_child=2 5 7 18 14 6 10 -1 9 11 -2 16 22 17 15 -5 -7 -14 -4 -20 21 -8 23 24 -3 26 -26 -16 29 -6
right_child=1 12 3 4 28 8 20 -9 -10 -11 -12 -13 13 -15 27 -17 -18 -19 19 -21 -22 -23 -24 -25 25 -27 -28 -29 -30 -31
leaf_value=-0.035819132304918365 -0.04042764029210083 0.19627919449345579 -0.058531691916529884 -0.057375020538935867 0.063197202872058614 0.0052342625703708 0.048393588499362809 0.15216489367684519 0.1853257176550227 0.1855818291534678 0.13769670794912764 0.12028478713881385 0.16880217258348321 0.2101757653800983 -0.027191225616982919 0.1250113105167501 0.11385690469944598 0.10867185807264906 -0.055209062785753493 0.11472608327942875 0.15574647705960709 0.14595281196246551 0.20956223864946055 0.1999910878438701 0.063584774585901296 0.18721408800614739 0.20638006576934145 0.049276280585339532 0.20079659328254829 0.16361561035783473
leaf_weight=17582.756839871407 133260.80309899151 43257.052792817354 1569506.379999876 222511.02319081128 8165.437168225646 60867.886539593339 21199.884463071823 122042.38045114279 130281.80587737262 61901.480702757835 14580.478712201118 37364.716582044959 102063.89133061469 58890.704697743058 27855.978023976088 3704.2709871381521 8862.7985957562923 27046.265388160944 48799.997164517641 11219.535551533103 22681.815999507904 11621.59107363224 642238.59267178178 1369301.8944524527 22116.325706958771 12861.560580447316 4726.5532208383083 16727.983373612165 34363.755360975862 77767.681191712618
leaf_count=108108 825643 69069 10343242 1461005 32032 325780 93821 301938 240240 113659 39130 116662 221858 80808 165893 11375 30485 83811 318136 36127 51961 31759 879697 2106741 79534 22022 6734 76167 56875 172627
internal_value=0.0871852 0.179019 -0.0312134 -0.0422491 0.0202086 0.0881962 0.0141387 0.128492 0.138515 0.102427 -0.0228606 0.0543636 0.199019 0.173112 -0.0451871 -0.0543884 0.0190402 0.156206 -0.0572393 -0.0234428 0.112692 0.0829378 0.201345 0.197711 0.160075 0.120631 0.0887285 0.00149952 0.167421 0.154074
internal_weight=4.94537e+06 2.78513e+06 2.16025e+06 2.02062e+06 391096 502623 203345 139625 299279 168997 147841 107095 2.2825e+06 188001 270799 226215 69730.7 129110 1.62953e+06 60019.5 55503.3 32821.5 2.0945e+06 1.45226e+06 82961.5 39704.4 26842.9 44584 120297 85933.1
internal_count=18502939 5419414 13083525 12673479 1975974 1869140 1042314 410046 826826 586586 864773 472927 3550274 386477 1714440 1472380 356265 305669 10697505 354263 177541 125580 3163797 2284100 177359 108290 86268 242060 261534 204659
is_linear=0
shrinkage=0.05


Tree=2
num_leaves=31
num_cat=0
split_feature=6 1 4 6 6 1 10 10 2 2 0 2 6 1 0 10 6 2 12 1 6 1 4 4 4 12 12 9 6 5
split_gain=1.7212e+07 1.58204e+06 1.36435e+06 624374 604043 1.13272e+06 221472 183665 172294 153560 108707 108186 92783.4 41462.7 39729.5 36772.9 36748.4 35627 29972.4 29532.7 27968.9 93423.3 26337 23805.8 23400.6 24682.5 20576.5 20547.5 21603.4 18842.9
threshold=0.2834821428571429 0.32200460829493094 1.0000000180025095e-35 0.52786377708978338 0.15075757575757578 0.44590643274853803 1.0000000180025095e-35 1.0000000180025095e-35 0.47222222222222227 0.16025641025641027 0.62609461688409074 0.23611111111111113 0.98148148148148151 0.76095238095238105 0.69299499335789672 1.0000000180025095e-35 0.86811594202898557 0.30952380952380959 1.0000000180025095e-35 0.72850122850122856 0.13100686498855837 0.52704678362573121 0.94389916592433776 0.8360457913643361 0.81711599808393987 27.500000000000004 48.500000000000007 1.0000000180025095e-35 0.55777777777777793 0.55603864734299535
decision_type=2 2 2 2 2 2 2 2 2 2 2 2 2 2 2 2 2 2 2 2 2 2 2 2 2 2 2 2 2 2
left_child=2 3 8 6 20 15 11 9 19 10 12 14 -5 16 -2 17 18 -6 22 -1 29 -22 -3 -20 25 -8 -17 28 -15 -4
right_child=1 13 4 7 5 -7 24 -9 -10 -11 -12 -13 -14 27 -16 26 -18 -19 23 -21 21 -23 -24 -25 -26 -27 -28 -29 -30 -31
leaf_value=-0.044669753347169168 -0.043340122318670335 0.14431018801803228 -0.05791502319896899 0.0057352010777871922 -0.057012860488578669 0.14279457673801904 0.033756621265717705 0.15792825976974378 0.13484414679405254 0.16174680632275959 0.14995985557356675 0.13373257446844281 0.11432499842659223 0.15883306737817768 0.14134642357058599 -0.016669268678204934 0.17917142763797778 0.10567608649779324 0.12714388412380292 0.15086147858125531 -0.054374927014963506 0.10216180961731941 0.025620216656968162 0.15965871919678198 0.13562965530188581 0.12098488779843511 0.085822039028441599 0.17926129919405775 0.17355904302829589 0.1716536707398871
leaf_weight=17689.202095642686 130728.18562051654 9539.4220089018345 1511015.8600706756 78798.118363499641 203193.07628133893 117480.92294497788 21394.614724293351 151406.44184873998 129539.86689439416 45477.351570248604 24421.234120547771 9696.9203695952892 26215.814800336957 351366.78959713876 2978.2793562859297 35101.682245910168 129549.9550395906 3421.8119973838329 75420.13150113821 2167.7850984632969 47114.043643116951 11948.882781133056 9163.6867114156485 221978.27148416638 19265.099093079567 13060.733672201633 5691.0335134714842 897517.71018858254 855317.84131968021 894.37577995657921
leaf_count=111293 839020 19019 10340239 416143 1385202 239603 97279 261170 294476 75439 48048 21840 71799 577941 5915 202748 163345 10101 171808 4277 318136 36127 35399 378196 41587 35217 21021 1125852 1151696 3003
internal_value=0.0791129 0.154344 -0.0317647 0.0751671 -0.0430001 0.0149523 0.0049069 0.11761 0.113821 0.0827103 0.0549406 -0.0275308 0.0328437 0.170598 -0.0392263 -0.0457533 0.156744 -0.0543185 0.147552 -0.0233236 -0.0564606 -0.0227063 0.0861574 0.151413 0.0914974 0.0668216 -0.0023706 0.173532 0.169271 -0.0577792
internal_weight=5.15856e+06 3.0733e+06 2.08526e+06 523443 1.93586e+06 364889 197124 326319 149397 174913 129435 143403 105014 2.54985e+06 133706 247408 445651 206615 316102 19857 1.57097e+06 59062.9 18703.1 297398 53720.4 34455.3 40792.7 2.1042e+06 1.20668e+06 1.51191e+06
internal_count=18502939 5536713 12966226 1913457 12556180 1858675 1040858 872599 410046 611429 535990 866775 487942 3623256 844935 1619072 767767 1395303 604422 115570 10697505 354263 54418 550004 174083 132496 223769 2855489 1729637 10343242
is_linear=0
shrinkage=0.05


Tree=3
num_leaves=31
num_cat=0
split_feature=6 4 0 6 0 6 10 1 2 10 2 6 10 2 11 0 6 12 6 12 9 4 12 5 1 9 6 1 9 6
split_gain=1.41964e+07 1.21374e+06 1.20723e+06 574950 1.07459e+06 537248 225001 140978 133254 112732 158448 68336.1 35436.3 39743.3 32851.8 29164.8 28406.8 22905.1 31226.8 22673.9 22484.8 21127.7 20579.2 16570 16432.4 16084.9 15384.1 15349.7 15337.7 14751.2
threshold=0.2834821428571429 1.0000000180025095e-35 0.66548867798867806 0.13100686498855837 0.69754165587498929 0.55777777777777793 1.0000000180025095e-35 0.54653679653679665 0.26136363636363641 1.0000000180025095e-35 0.16025641025641027 0.84412955465587058 1.0000000180025095e-35 0.30952380952380959 6.5000000000000009 0.59918229918229937 0.79057017543859665 36.500000000000007 0.17752100840336138 48.500000000000007 1.0000000180025095e-35 0.81711599808393987 32.500000000000007 0.54108003857280629 0.091966173361522255 1.0000000180025095e-35 0.56385869565217395 0.33712121212121221 1.0000000180025095e-35 0.3585714285714286
decision_type=2 2 2 2 2 2 2 2 2 2 2 2 2 2 2 2 2 2 2 2 2 2 2 2 2 2 2 2 2 2
left_child=1 7 5 23 12 6 8 -1 27 10 11 15 13 -5 26 24 20 18 -6 -14 -16 22 29 -3 -7 -9 -4 -2 -13 -8
right_child=2 3 14 4 17 9 21 25 -10 -11 -12 28 19 -15 16 -17 -18 -19 -20 -21 -22 -23 -24 -25 -26 -27 -28 -29 -30 -31
leaf_value=-0.036620074179325633 -0.041668987114931791 -0.057217475252206711 0.14624737965658219 -0.05739875073846297 0.041214200657077558 0.058519225637403083 -0.0058136068600959491 0.1057703092317349 0.11792062357248581 0.14125947708336736 0.14058309743021075 0.10746493251742223 -0.021983624942110362 0.089820456565430404 0.12756024223395673 0.084955796694512697 0.15310524013038529 0.15044582344906474 0.12127307485968514 0.073573897824859444 0.075183839237340358 0.12202614657319495 0.11892397520824614 0.13061197959340592 -0.0096599222025986337 0.14093911828551658 0.15498140609945721 0.052688066042831376 0.0062435241009761965 0.069773293752774163
leaf_weight=16364.412015140057 135138.77551709116 1454533.8431704044 701000.58332626522 230905.05897584558 14579.012924313545 10790.278021454811 10682.984291240573 90498.627436116338 15052.987428918481 154189.70212002099 74285.734648242593 38054.866770073771 42130.550194054842 4677.1785227805376 100311.30109526217 13144.634311303496 94654.334185406566 49927.786406546831 74019.680666595697 7280.5355137586594 25750.896961316466 26265.077143833041 11839.028920352459 1175.1318937242031 48837.983691692352 50740.871701017022 1795654.3347695321 4452.1491786688566 4150.6347985714674 16307.855258822441
leaf_count=105742 888251 10339238 991900 1634815 55419 48412 53144 216853 32578 242424 116298 99281 253890 13377 193284 42861 120757 77714 149695 28028 74165 52325 27755 4004 270179 87451 2188641 16289 17745 60424
internal_value=0.0727118 -0.0309708 0.137086 -0.0421484 0.00912544 0.0704611 0.00940777 0.102308 -0.0234181 0.109523 0.0836671 0.0468945 -0.0464014 -0.0544759 0.150894 0.0175392 0.132404 0.123362 0.108099 -0.00790359 0.116861 0.0873911 0.0639634 -0.0570658 0.00267772 0.118405 0.152529 -0.0386595 0.0975105 0.039856
internal_weight=5.3174e+06 2.03683e+06 3.28056e+06 1.87923e+06 423520 563193 219739 157604 154644 343454 189264 114978 284993 235582 2.71737e+06 72772.9 220717 138526 88598.7 49411.1 126062 65094.9 38829.9 1.45571e+06 59628.3 141239 2.49665e+06 139591 42205.5 26990.8
internal_count=18502939 12966226 5536713 12556180 2212938 1967966 1130766 410046 937118 837200 594776 478478 1930110 1648192 3568747 361452 388206 282828 205114 281918 267449 193648 141323 10343242 318591 304304 3180541 904540 117026 113568
is_linear=0
shrinkage=0.05


Tree=4
num_leaves=31
num_cat=0
split_feature=6 4 0 6 1 6 10 2 2 10 2 6 10 11 6 2 1 12 12 12 6 4 4 4 6 5 9 6 12 4
split_gain=1.19701e+07 1.08921e+06 962235 547966 939157 432132 208608 117977 107956 103938 132794 59740.8 34639 31509.6 32217.3 29721.8 22954.6 20122.3 19968.6 19066.3 27641.9 16863.2 17745.1 16698.2 16656.8 15121 14547.4 18914.2 33944.4 28694.2
threshold=0.2834821428571429 1.0000000180025095e-35 0.6344958951866847 0.13100686498855837 0.407785336356765 0.56385869565217395 1.0000000180025095e-35 0.47222222222222227 0.23611111111111113 1.0000000180025095e-35 0.16025641025641027 0.84412955465587058 1.0000000180025095e-35 4.5000000000000009 0.55777777777777793 0.30952380952380959 0.72850122850122856 48.500000000000007 1.0000000180025095e-35 35.500000000000007 0.17752100840336138 0.81711599808393987 0.68518264143264151 0.86217891839009864 0.3585714285714286 0.53386644577545572 1.0000000180025095e-35 0.71714285714285719 1.0000000180025095e-35 0.94744415456745323
decision_type=2 2 2 2 2 2 2 2 2 2 2 2 2 2 2 2 2 2 2 2 2 2 2 2 2 2 2 2 2 2
left_child=1 7 5 25 12 6 8 16 -2 10 11 18 15 26 -15 -5 -1 -14 -7 20 -6 22 -8 -20 -24 -3 27 28 29 -4
right_child=2 3 13 4 19 9 21 -9 -10 -11 -12 -13 17 14 -16 -17 -18 -19 23 -21 -22 -23 24 -25 -26 -27 -28 -29 -30 -31
leaf_value=-0.043377975260697595 -0.041508462882236072 -0.056555833800995076 0.12750245862858267 -0.056534133897646499 0.0332944090734184 -0.044882576989652534 0.10167629510646106 0.10851662286215405 0.098035720598613943 0.12736387235062721 0.12819698553559797 0.084664050474355351 -0.021547445167808377 0.091488488691432349 0.12920332197536383 0.087367842141279323 0.1203887574883768 0.067038603082292383 -0.022727151395356388 0.13381652942285122 0.10855408653682884 0.10933008073049968 -0.026430287341515403 0.040059513994077062 0.060821960711132772 0.10410577433718991 0.14156695974255948 0.14131588899314193 0.13204337673290306 0.056135318927468904
leaf_weight=16967.454195722938 129276.43084169924 1399489.2524665594 28309.004158392549 222163.36970625818 14493.557940661907 14029.424381420016 15100.164285868406 145018.46265229583 15524.342229560018 161612.136250332 64613.0487305969 41360.366654410958 41472.351163506508 73290.205478876829 249018.02710811794 3647.1498938053846 2448.4985672086477 7582.4768946170807 14763.955068796873 55346.650085672736 77121.626236051321 27929.852801933885 8008.3506996780634 37451.936327069998 17256.315589293838 1466.0611091554165 1098569.8511203527 549599.39335663617 869858.71915690601 28029.88365188241
leaf_count=111293 875238 10338055 39676 1634542 54964 84721 38584 294476 34580 239967 94549 112840 253799 164983 363818 10465 4277 28028 84357 81809 149331 53326 42497 173173 61061 5187 1230502 616161 1152151 74529
internal_value=0.0674906 -0.0302266 0.123881 -0.0413447 0.00861548 0.0630546 0.00742707 0.0930199 -0.0265477 0.0985636 0.0715371 0.037515 -0.0459369 0.135365 0.120627 -0.0542099 -0.0227258 -0.00785457 0.00807736 0.110646 0.096648 0.0794616 0.0587945 0.0223067 0.0331649 -0.0563877 0.137211 0.133968 0.129607 0.0919957
internal_weight=5.43082e+06 1.98722e+06 3.4436e+06 1.82278e+06 421827 546926 213095 164434 144801 333831 172219 107606 274865 2.89668e+06 322308 225811 19416 49054.8 66245.3 146962 91615.2 68294.7 40364.8 52215.9 25264.7 1.40096e+06 2.57437e+06 1.4758e+06 926198 56338.9
internal_count=18502939 12966226 5536713 12556180 2212938 1894893 1105286 410046 909818 789607 549640 455091 1926834 3641820 528801 1645007 115570 281827 342251 286104 204295 195468 142142 257530 103558 10343242 3113019 1882517 1266356 114205
is_linear=0
shrinkage=0.05


Tree=5
num_leaves=31
num_cat=0
split_feature=6 4 1 6 0 6 10 2 10 2 2 0 6 10 2 0 11 6 12 11 9 4 12 6 12 8 11 6 11 5
split_gain=1.02627e+07 1.00031e+06 858384 468103 767258 401172 156191 100874 94756.8 84371.8 78285.5 62357.7 59953.1 29781.7 33469.6 27875.5 24944.9 28310 19796.1 16941.5 15960.5 15810.5 15710.8 20913.1 15685.5 15014.4 14862.3 14694.7 14565.2 13796.6
threshold=0.267948717948718 1.0000000180025095e-35 0.32200460829493094 0.13100686498855837 0.70320450748082342 0.52786377708978338 1.0000000180025095e-35 0.30952380952380959 1.0000000180025095e-35 0.19090909090909094 0.23611111111111113 0.61085275878232537 0.98148148148148151 1.0000000180025095e-35 0.30952380952380959 0.70320450748082342 4.5000000000000009 0.88562091503267981 1.0000000180025095e-35 1.0000000180025095e-35 1.0000000180025095e-35 0.94744415456745323 43.500000000000007 0.17752100840336138 28.500000000000004 1.0000000180025095e-35 20.500000000000004 0.32305502846299816 7.5000000000000009 0.53386644577545572
decision_type=2 2 2 2 2 2 2 2 2 2 2 2 2 2 2 2 2 2 2 2 2 2 2 2 2 2 2 2 2 2
left_child=1 7 5 29 13 6 10 -1 9 11 15 12 19 14 -5 -2 -4 18 21 -7 -20 -18 23 -6 -15 -9 -10 -8 -22 -3
right_child=2 3 16 4 22 8 27 25 26 -11 -12 -13 -14 24 -16 -17 17 -19 20 -21 28 -23 -24 -25 -26 -27 -28 -29 -30 -31
leaf_value=-0.05699145755116123 -0.041497350602647781 -0.055913101468406591 0.12530874173212378 -0.056258337412716575 0.040192412340653128 0.087159336443118463 0.022071011114195609 -0.069744229766506613 0.11915363715207689 0.11777508975051712 0.098760912068824591 0.10299425207707369 0.085755253564005124 -0.032517493840444632 0.073606537743448261 0.10915800924785973 0.099919004210172649 0.13222236087565517 0.11278324961407932 -0.004849950123902675 0.10936030516398182 0.0017380354771916286 0.12587648070770455 0.10053265244837402 0.027132949379475326 0.097168571136448667 0.068901392149722795 0.080025190740243057 0.056725269866888889 0.093144649239129379
leaf_weight=11602.718936607242 129948.381542027 1346150.5134007931 2659803.5882550329 205322.68500369787 17575.297950342298 5379.9775696545839 14077.154126629233 1358.9689044356346 161956.50685058534 52867.677634239197 11368.124442413449 33567.938954636455 29215.78683154285 27581.411509275436 5084.2896055579185 3144.6943492144346 7862.103465154767 110361.96953722835 175503.52958066761 71392.816922754049 24763.104306012392 8570.2306759506464 42930.36753308773 78484.949609622359 18354.758684128523 157144.44392313063 16183.778684437275 49046.157962635159 28010.326496049762 1554.1913021504879
leaf_count=82446 904995 10338055 3090633 1569386 61607 19929 59969 7189 224406 73983 22295 64883 69615 179543 13468 5005 14378 116116 278278 383019 39494 30030 57148 144144 87269 320411 36764 129220 74074 5187
internal_value=0.0631346 -0.0304129 0.112945 -0.0417075 0.00613376 0.0571371 0.00148906 0.0853201 0.0883103 0.063983 -0.0271804 0.0436051 0.0247958 -0.0451572 -0.0531203 -0.0379377 0.123647 0.111199 0.101718 0.00159775 0.105533 0.048713 0.100731 0.0894927 -0.00868291 0.0957375 0.114588 0.0671008 0.0814234 -0.0557412
internal_weight=5.50617e+06 1.91314e+06 3.59302e+06 1.74304e+06 395334 578149 207585 170106 370564 192424 144461 139557 105989 256343 210407 133093 3.01487e+06 355071 244709 76772.8 228277 16432.3 138991 96060.2 45936.2 158503 178140 63123.3 52773.4 1.3477e+06
internal_count=18502939 12865853 5637086 12455807 2112565 1994083 1121484 410046 872599 611429 932295 537446 472563 1849666 1582854 910000 3643003 552370 436254 402948 391846 44408 262899 205751 266812 327600 261170 189189 113568 10343242
is_linear=0
shrinkage=0.05


Tree=6
num_leaves=31
num_cat=0
split_feature=6 4 0 6 1 6 10 2 1 10 2 6 10 2 0 11 6 9 1 4 12 9 12 6 12 4 6 9 5 5
split_gain=8.91552e+06 908860 729094 446779 683407 361611 142215 90629.1 87163.9 68242.4 100473 49282 29377.8 23388.8 21230.4 21114.8 19436 15594.9 15465.9 14701.5 16311 14440.6 14073.1 17724.7 13998.9 12878.1 12752.2 13355.2 12985.1 12679.1
threshold=0.267948717948718 1.0000000180025095e-35 0.67652151211361755 0.13100686498855837 0.407785336356765 0.54195804195804198 1.0000000180025095e-35 0.26136363636363641 0.54653679653679665 1.0000000180025095e-35 0.23611111111111113 0.71714285714285719 1.0000000180025095e-35 0.30952380952380959 0.61245498826143996 6.5000000000000009 0.82480818414322254 1.0000000180025095e-35 0.33712121212121221 0.81711599808393987 23.500000000000004 1.0000000180025095e-35 35.500000000000007 0.17752100840336138 48.500000000000007 0.8659537305672772 0.56385869565217395 1.0000000180025095e-35 0.71480709071949955 0.53386644577545572
decision_type=2 2 2 2 2 2 2 2 2 2 2 2 2 2 2 2 2 2 2 2 2 2 2 2 2 2 2 2 2 2
left_child=1 8 5 29 12 6 7 18 -1 10 11 14 13 -5 -7 26 17 -17 -2 20 -8 22 23 -6 -14 -13 27 28 -4 -3
right_child=2 3 15 4 21 9 19 -9 -10 -11 -12 25 24 -15 -16 16 -18 -19 -20 -21 -22 -23 -24 -25 -26 -27 -28 -29 -30 -31
leaf_value=-0.034522444982446533 -0.040336404957325961 -0.055298798773099928 0.11154365427668474 -0.055424411884654051 0.0038398063770370785 -0.0096297521846454067 0.017331216395303516 0.088585208904727167 0.089763364126950018 0.10622370782812916 0.1066699841097651 -0.0029801591999950852 -0.020753246210732212 0.071186858389218483 0.063867455425723987 0.097393970864211712 0.11843780807852251 0.057286633624756715 0.043384195205109242 0.093213027389042205 0.078823459639367585 0.11149504933230357 0.10626713856469723 0.077280131242456085 0.054655331102861276 0.071816229805650181 0.11784952382468594 0.11823709762818753 0.09456511099682878 0.084141669133729419
leaf_weight=15476.635844260454 129501.9079619348 1294362.5644142628 295827.37238033116 197179.40115229785 9957.8635672330856 49490.232694119215 23576.349457159638 16138.890892520547 159401.79025347531 180300.93585236371 87420.853014841676 6289.2865084856749 38225.204322636127 3716.3193131089211 12259.443293362856 121516.55082935095 92834.171274885535 30275.224055841565 5761.7844191342592 25618.302050173283 19874.862567976117 57099.188387364149 31078.693828687072 46962.268441304564 7335.5404599010944 67718.14669457078 2017420.7556479871 323538.29252371192 181826.97449977696 1632.2954251766205
leaf_count=105742 924469 10338055 375102 1567930 40495 277095 100373 30940 304304 253071 120211 29757 240240 10101 32851 202293 101647 77259 18291 46592 51142 85995 46046 95277 26481 187642 2180360 351624 276367 5187
internal_value=0.0594321 -0.0297382 0.104473 -0.0409821 0.00582304 0.0552087 0.00371552 -0.0234078 0.0787641 0.083346 0.0648635 0.0379422 -0.0448614 -0.0530823 0.00496198 0.114507 0.100416 0.0893945 -0.0367702 0.0631707 0.0454582 0.0919131 0.0792071 0.0644322 -0.00861203 0.0654599 0.11573 0.110393 0.10508 -0.0551232
internal_weight=5.54962e+06 1.86243e+06 3.68719e+06 1.68755e+06 391554 623951 220472 151403 174878 403479 223178 135757 246456 200896 61749.7 3.06324e+06 244626 151792 135264 69069.5 43451.2 145098 87998.8 56920.1 45560.7 74007.4 2.81861e+06 801193 477654 1.29599e+06
internal_count=18502939 12865853 5637086 12455807 2112565 2072434 1171807 973700 410046 900627 647556 527345 1844752 1578031 309946 3564652 381199 279552 942760 198107 151515 267813 181818 135772 266721 217399 3183453 1003093 651469 10343242
is_linear=0
shrinkage=0.05


Tree=7
num_leaves=31
num_cat=0
split_feature=6 4 0 6 0 6 10 2 2 0 2 6 10 2 0 11 6 9 2 1 11 0 12 6 12 6 0 5 4 12
split_gain=7.82562e+06 829364 629472 426370 613569 313653 126802 81703.5 77913 59233.3 81215.6 41213.4 28360.3 28683.9 24790.2 19640 22588.6 14472.6 15266.2 14305.9 13698.8 19618.1 13663.8 13314.2 12061.2 16009.3 11865 11718.6 11065.9 11056
threshold=0.267948717948718 1.0000000180025095e-35 0.67652151211361755 0.13100686498855837 0.70320450748082342 0.54195804195804198 1.0000000180025095e-35 0.26136363636363641 0.30952380952380959 0.42691798941798947 0.066964285714285726 0.71714285714285719 1.0000000180025095e-35 0.30952380952380959 0.60366526766782536 8.5000000000000018 0.8973684210526317 1.0000000180025095e-35 0.47222222222222227 0.33712121212121221 21.500000000000004 0.35808694229746868 28.500000000000004 0.56385869565217395 43.500000000000007 0.17752100840336138 0.59918229918229937 0.53386644577545572 0.99912280701754397 65.500000000000014
decision_type=2 2 2 2 2 2 2 2 2 2 2 2 2 2 2 2 2 2 2 2 2 2 2 2 2 2 2 2 2 2
left_child=1 8 5 27 12 6 7 19 -1 -7 11 14 13 -5 -11 23 -17 18 -10 -2 -8 -22 -14 -4 25 -6 28 29 -13 -3
right_child=2 3 15 4 24 9 20 -9 17 10 -12 26 22 -15 -16 16 -18 -19 -20 -21 21 -23 -24 -25 -26 -27 -28 -29 -30 -31
leaf_value=-0.05604763789831986 -0.039414659404006486 -0.055584144292018446 0.10220543026431704 -0.055085519799930427 0.034205173224145645 0.095997228527533077 0.067351152806836456 0.081979626243557938 -0.017656801988858939 -0.020979658915865007 0.095542312945323102 0.025030539791705903 -0.030966233417697459 0.061959543437864389 0.058713718218951064 0.073633466687617569 0.11361277467914921 0.1013238131271935 0.074668396383672384 0.040487352930186335 0.095122431720747913 -0.053585166249303956 0.024790230806511222 0.10962859600982169 0.10758667766280966 0.085914239203444182 0.098716994448111245 0.076594017429925415 0.072931004267472441 -0.029295037029004073
leaf_weight=10951.805862829089 125993.82482685149 1202782.2021546289 843069.45070241392 189869.53228797019 18268.55483956635 211944.64372000098 61133.536832928658 16555.850956350565 4680.4066800475121 40076.294918239117 83756.58524312079 26755.242166280746 26631.643703222275 5382.8579182475805 12899.243689149618 92215.659353137016 57275.795353487134 59828.376466766 103256.19364340603 5862.6209940910339 3565.3004234582186 5868.2829388082027 18705.970696389675 2130654.6253882945 45434.436888620257 82865.064581915736 14088.926921740174 1701.5767190158367 21948.030684038997 41368.619628317654
leaf_count=82446 924469 10010273 1048138 1569386 61607 327418 161889 30940 24843 234689 118300 108745 179543 13468 36582 181363 57148 92001 210756 18291 7644 28574 87269 2278003 57148 144144 25571 5187 49322 327782
internal_value=0.056245 -0.029097 0.0974358 -0.0402884 0.00554246 0.0518629 0.00351952 -0.0227164 0.0731635 0.0775907 0.0580384 0.0309048 -0.0435866 -0.0518587 -0.00157477 0.106635 0.088951 0.0815985 0.0706649 -0.035862 0.0586973 0.00261694 -0.00796152 0.107524 0.0861873 0.0765736 0.0583067 -0.0545307 0.0466168 -0.05471
internal_weight=5.56539e+06 1.81173e+06 3.75366e+06 1.63301e+06 387158 630448 218979 148412 178717 411469 199524 115768 240590 195252 52975.5 3.12322e+06 149491 167765 107937 131856 70567.1 9433.58 45337.6 2.97372e+06 146568 101134 62792.2 1.24585e+06 48703.3 1.24415e+06
internal_count=18502939 12865853 5637086 12455807 2112565 2072434 1171807 973700 410046 900627 573209 454909 1849666 1582854 271271 3564652 238511 327600 235599 942760 198107 36218 266812 3326141 262899 205751 183638 10343242 158067 10338055
is_linear=0
shrinkage=0.05


Tree=8
num_leaves=31
num_cat=0
split_feature=6 4 1 6 6 2 10 10 2 2 0 2 4 1 4 0 10 11 11 0 0 12 9 6 12 4 4 12 4 9
split_gain=6.92846e+06 806943 689003 342539 267802 409887 118729 80923 71228.2 70057.2 54179.8 50855.6 47978.2 22472.1 22323.1 18244.5 18426.5 16169.8 15462.5 15232.2 14543.7 14475.7 14368.5 15376.4 31462.8 28352.5 18612.7 13173.6 18163 12489.7
threshold=0.24621212121212124 1.0000000180025095e-35 0.32200460829493094 0.47722567287784684 0.13100686498855837 0.30952380952380959 1.0000000180025095e-35 1.0000000180025095e-35 0.19090909090909094 0.30952380952380959 0.62609461688409074 0.26136363636363641 0.987266214824983 0.76095238095238105 0.8659537305672772 0.70320450748082342 1.0000000180025095e-35 1.0000000180025095e-35 21.500000000000004 0.71212121212121227 1.0000000180025095e-35 28.500000000000004 1.0000000180025095e-35 0.78019323671497598 1.0000000180025095e-35 0.94744415456745323 0.99222761596548015 24.500000000000004 0.81711599808393987 1.0000000180025095e-35
decision_type=2 2 2 2 2 2 2 2 2 2 2 2 2 2 2 2 2 2 2 2 2 2 2 2 2 2 2 2 2 2
left_child=1 9 3 6 -3 15 11 8 10 -1 12 19 17 14 -4 16 -6 -5 -9 -2 -20 -7 23 24 25 -15 -27 28 -8 -11
right_child=2 4 13 7 5 21 27 18 -10 29 -12 -13 -14 22 -16 -17 -18 -19 20 -21 -22 -23 -24 -25 -26 26 -28 -29 -30 -31
leaf_value=-0.057186091711593029 -0.044692907075251816 -0.05396129635372774 0.073776750187514978 0.071468878712365444 -0.054877398601178788 0.056842561501070248 0.0024945235448129849 0.095086292678124004 0.094375981187180755 0.065855076574214313 0.087002768762845281 0.081499688197066558 0.069017738363668577 0.094863149929478391 0.096392381430554161 0.056469854803816749 -0.015963514056788083 -0.0072964974670554923 0.098362247394894117 0.083754765037400231 -0.0039185392199498998 0.093456380081324258 0.10571667694026431 0.10612196869201487 0.097280679201679487 0.01250797039490288 0.10908055680628546 0.074156007205934155 0.074972919255681267 0.094034828808541374
leaf_weight=10489.514271855354 133742.37721125782 1197296.7645947859 147609.00838240981 7021.1820049583912 152179.30970669538 50316.550853312016 24563.750335305929 187413.27799752355 59501.629293173552 109968.76134598255 33634.918702766299 8807.2000527083874 31888.743963465095 33067.505289077759 418386.97590698302 4349.4768310338259 38021.50848415494 90539.633212968707 6179.1783017218113 2348.6075729727745 7943.5200334042311 58243.846525683999 1138998.2749045938 446733.05582456291 1024512.1281974614 27854.576837554574 6078.021838247776 26107.483826130629 13337.257349207997 61204.364272907376
leaf_count=82355 1045863 10343242 263718 26026 1309854 114933 112658 249158 78806 235599 56602 15470 73346 40495 525889 13559 230685 497952 8463 4004 25025 83993 1147601 442988 1210755 74347 6279 65156 26117 92001
internal_value=0.0534599 -0.0312825 0.0902331 0.0425185 -0.0433328 -0.00134989 -0.00988772 0.0683318 0.0475498 0.0682446 0.0304652 -0.0349407 0.015775 0.0995462 0.0904943 -0.044783 -0.0470984 -0.00162797 0.0912845 -0.0424762 0.0408329 0.0764863 0.10146 0.0983079 0.0951098 0.0619146 0.0298061 0.0468256 0.0279995 0.075931
internal_weight=5.55834e+06 1.68207e+06 3.87627e+06 633029 1.50041e+06 303111 208907 424122 222586 181663 163084 144898 129450 3.24324e+06 565996 194550 190201 97560.8 201536 136091 14122.7 108560 2.67724e+06 1.53825e+06 1.09151e+06 67000.1 33932.6 64008.5 37901 171173
internal_count=18502939 12506221 5996718 2284646 12096266 1753024 1269268 1015378 732732 409955 653926 1065337 597324 3712072 789607 1554098 1540539 523978 282646 1049867 33488 198926 2922465 1774864 1331876 121121 80626 203931 138775 327600
is_linear=0
shrinkage=0.05


Tree=9
num_leaves=31
num_cat=0
split_feature=6 4 0 6 6 0 10 6 0 2 2 2 1 11 6 2 10 12 4 6 9 4 9 8 5 0 12 6 2 12
split_gain=6.1804e+06 742877 614386 316293 256876 371594 104206 63736.9 63199.9 61975.6 61100.8 44660.6 27613.8 20279.2 18663.4 16980.8 18234.2 14675.4 12852.7 12482.4 13763.2 12395.5 11962.5 11701.4 11596.3 12178.9 11578.7 29760.9 39521.5 11525
threshold=0.24621212121212124 1.0000000180025095e-35 0.67652151211361755 0.47722567287784684 0.13100686498855837 0.70320450748082342 1.0000000180025095e-35 0.71714285714285719 0.40675465838509323 0.30952380952380959 0.26136363636363641 0.07417582417582419 0.33712121212121221 6.5000000000000009 0.73508771929824568 0.30952380952380959 1.0000000180025095e-35 28.500000000000004 0.76598173581492834 0.56385869565217395 1.0000000180025095e-35 0.8659537305672772 1.0000000180025095e-35 1.0000000180025095e-35 0.50129533678756488 0.79492963177173703 65.500000000000014 0.098387096774193564 0.095454545454545472 32.500000000000007
decision_type=2 2 2 2 2 2 2 2 2 2 2 2 2 2 2 2 2 2 2 2 2 2 2 2 2 2 2 2 2 2
left_child=1 9 3 6 24 15 10 8 -5 -1 -2 12 -10 19 22 16 -6 18 -7 20 -4 -9 -15 -11 26 -26 -3 -28 -29 -8
right_child=2 4 13 7 5 17 29 21 11 23 -12 -13 -14 14 -16 -17 -18 -19 -20 -21 -22 -23 -24 -25 25 -27 27 28 -30 -31
leaf_value=-0.056617398643098817 -0.041885504479595458 -0.054588182768002036 0.085314926668071264 0.07539928068472275 -0.054347240176852746 0.035814339859413048 0.03074946689702068 0.04544238326901498 -0.012138172865653498 -0.072894776567497488 0.071571776633125375 0.065341315002899011 0.10619673813981048 0.07551409511194114 0.094700008779426456 0.051919559947806421 -0.015322102435937408 0.088703001218991939 0.090601482614369011 0.097558437943904314 0.098116703871492572 0.084128539704118044 0.038577889816052258 0.072097830713143476 -0.061256966614288789 0.15589523788721352 -0.042611676502468665 -0.03514750150424472 0.26463548528019909 0.07731398567725345
leaf_weight=10075.618951693177 134575.45870907605 1108873.8394452482 524080.2016672194 85515.531060092151 146133.83712341636 36018.121660545468 46516.300553694367 22615.793139830232 69306.62087239325 1402.8193994760513 13014.036804646254 34111.042261429131 5307.4638959467411 106285.75537127256 126107.73033358157 4503.4016449004412 37642.380776435137 58786.841390669346 15231.72649563849 2089743.3841973096 350273.14541450143 245182.80605149269 27616.553076893091 172601.52648566663 1234.6424683779478 1353.5484331399202 34442.605451196432 2544.5174004733562 1935.8157471716404 18602.456097021699
leaf_count=82355 1066702 10003266 691418 156247 1309854 95004 163709 56784 397215 7189 23478 61152 8554 174174 145691 11011 230685 83447 23023 2180360 369278 393575 67977 320411 9282 2912 298298 21749 7735 40404
internal_value=0.0510035 -0.0306653 0.0852051 0.0418184 -0.0426873 -0.00134208 -0.00863503 0.0650456 0.0432404 0.0639477 -0.0318812 0.0179465 -0.00372075 0.0942852 0.0808964 -0.0440033 -0.0463538 0.0716538 0.0520974 0.0954596 0.0904434 0.0808615 0.0678962 0.0709289 -0.0534089 0.0523073 -0.0536473 -0.0268429 0.0943796 0.0440515
internal_weight=5.53164e+06 1.63278e+06 3.89885e+06 674748 1.4487e+06 298316 212708 462039 194241 184080 147589 108725 74614.1 3.22411e+06 260010 188280 183776 110037 51249.8 2.9641e+06 874353 267799 133902 174004 1.15038e+06 2588.19 1.1478e+06 38922.9 4480.33 65118.8
internal_count=18502939 12506221 5996718 2367820 12096266 1753024 1294293 1073527 623168 409955 1090180 466921 405769 3628898 387842 1551550 1540539 201474 118027 3241056 1060696 450359 242151 327600 10343242 12194 10331048 327782 29484 204113
is_linear=0
shrinkage=0.05


Tree=10
num_leaves=31
num_cat=0
split_feature=6 4 0 4 6 1 10 10 2 2 2 6 11 6 12 1 12 11 12 9 6 11 11 0 12 6 2 5 0 0
split_gain=5.54279e+06 685435 554598 277034 246361 338286 103813 72201.5 92364.2 55574.2 46862.5 42418.5 21323.1 21394.2 15287.4 14334.3 13280.7 12758.6 12619.2 12404.5 16614.2 12276 11411.1 11926.2 11347.1 26173.4 28063.7 11095.8 10266 10150.6
threshold=0.24621212121212124 1.0000000180025095e-35 0.65254395045584979 0.82142483952828793 0.13100686498855837 0.44590643274853803 1.0000000180025095e-35 1.0000000180025095e-35 0.23611111111111113 0.47222222222222227 0.23611111111111113 0.71714285714285719 4.5000000000000009 0.55777777777777793 41.500000000000007 0.72850122850122856 1.0000000180025095e-35 21.500000000000004 33.500000000000007 1.0000000180025095e-35 0.44722222222222224 13.500000000000002 21.500000000000004 1.0000000180025095e-35 65.500000000000014 0.098387096774193564 0.095454545454545472 0.50129533678756488 0.79492963177173703 0.59735092235092246
decision_type=2 2 2 2 2 2 2 2 2 2 2 2 2 2 2 2 2 2 2 2 2 2 2 2 2 2 2 2 2 2
left_child=1 9 3 6 24 14 10 8 11 15 -2 16 19 -14 -6 -1 -5 21 -7 20 -4 -8 -9 -24 27 -26 -27 -3 -29 -18
right_child=2 4 12 7 5 18 17 22 -10 -11 -12 -13 13 -15 -16 -17 29 -19 -20 -21 -22 -23 23 -25 25 26 -28 28 -30 -31
leaf_value=-0.042286750893528756 -0.044490211806603591 -0.054093288499408788 0.077320545949788266 -0.049304045998823279 -0.04900688230448038 0.051280445472205109 0.024407922697275711 0.086856642475786838 0.085114096248506577 0.069074385294041848 0.049641343806280103 0.047697881354304611 0.056178818601432035 0.084612924833916053 -0.0068597190269264682 0.080856292750553171 -0.0044330546301857279 -0.013633222887777484 0.085020266965709024 0.094439843358370593 0.090195818320863208 0.068331036770957004 0.089132619046606118 -0.0040871222856158282 -0.041823572529755021 -0.034299894296830155 0.20723987016788184 -0.060624948033682804 0.13756980933853288 0.046707219156022772
leaf_weight=15266.964399322867 122165.55840599537 1064199.7756318823 307225.57907490432 13887.098576299846 157342.88517794758 57770.54156921804 30276.159020394087 184208.35649110377 83495.094352759421 167898.37670633197 14826.596710711718 72702.114727988839 87186.102674238384 274235.16198940575 24922.571755759418 2795.9632550925016 56617.021165676415 9857.9722461998463 53265.209826529026 1231019.6926453561 1358367.3894862682 33520.058459565043 6467.4276282340288 7308.0241392999887 33364.592405587435 2478.7168565690517 2335.7817662358284 1186.3607244491577 1454.2793562710285 11709.77351488173
leaf_count=111202 986531 10003266 424333 88179 1383564 127673 98462 235235 108654 294476 31031 196742 170261 352625 171080 4277 365729 40677 70707 1247792 1491672 81718 8372 22477 298298 21749 7735 9282 2912 46228
internal_value=0.048806 -0.0300749 0.0808079 0.0385258 -0.0420683 -0.00133216 -0.00856467 0.0612562 0.0427228 0.0601091 -0.0343024 0.0198752 0.089205 0.0777537 -0.0432438 -0.0232254 -0.00472847 0.0393059 0.0674659 0.0906339 0.0878209 0.0474862 0.0835741 0.0396786 -0.0528808 -0.0260975 0.0828845 -0.0538393 0.0485268 0.00433131
internal_weight=5.48936e+06 1.58428e+06 3.90508e+06 647041 1.39832e+06 293301 210646 436395 238411 185961 136992 154916 3.25803e+06 361421 182265 18062.9 82213.9 73654.2 111036 2.89661e+06 1.66559e+06 63796.2 197984 13775.5 1.10502e+06 38179.1 4814.5 1.06684e+06 2640.64 68326.8
internal_count=18502939 12506221 5996718 2310035 12096266 1753024 1238419 1071616 805532 409955 1017562 696878 3686683 522886 1554644 115479 500136 220857 198380 3163797 1916005 180180 266084 30849 10343242 327782 29484 10015460 12194 411957
is_linear=0
shrinkage=0.05


Tree=11
num_leaves=31
num_cat=0
split_feature=6 4 0 6 6 2 10 0 2 2 2 6 0 11 6 10 0 12 11 6 12 4 9 4 0 9 6 9 12 1
split_gain=4.9954e+06 633691 504491 257710 236447 309627 73111.4 62488.3 77333 49903.9 43072.7 39211.7 28237.3 19570 18412.7 15849.1 17650.5 13012.7 12536.1 12473.5 25147.1 24880.7 16399.5 17940.2 12451.5 12156.9 11874.2 11585.5 11303.7 23614.4
threshold=0.24621212121212124 1.0000000180025095e-35 0.67652151211361755 0.43875000000000003 0.13100686498855837 0.30952380952380959 1.0000000180025095e-35 0.40675465838509323 0.066964285714285726 0.30952380952380959 0.26136363636363641 0.71714285714285719 0.59735092235092246 6.5000000000000009 0.88562091503267981 1.0000000180025095e-35 0.70320450748082342 1.0000000180025095e-35 21.500000000000004 0.78759398496240618 1.0000000180025095e-35 0.94744415456745323 1.0000000180025095e-35 0.99222761596548015 0.30349511599511608 1.0000000180025095e-35 0.87867647058823539 1.0000000180025095e-35 65.500000000000014 0.55086206896551737
decision_type=2 2 2 2 2 2 2 2 2 2 2 2 2 2 2 2 2 2 2 2 2 2 2 2 2 2 2 2 2 2
left_child=1 9 3 6 28 15 10 18 11 -1 -2 12 -9 19 17 16 -6 -15 -5 20 21 -4 23 -23 -20 -19 -10 -7 -3 -30
right_child=2 4 13 7 5 27 -8 8 26 -11 -12 -13 -14 14 -16 -17 -18 25 24 -21 -22 22 -24 -25 -26 -27 -28 -29 29 -31
leaf_value=-0.055692912486897762 -0.042859659394994143 -0.053357887365034384 0.083456791704413974 0.078263254912074212 -0.05344067356299384 0.050230926843297025 0.033819427803342759 -0.021859302693686095 0.059921008669034825 0.062629406100574256 0.063986903188124764 0.044476713883217035 0.046449595858188676 0.015359411470508427 0.092392051690854071 -0.013139379501113322 0.046895913321708345 0.073902685799123541 0.081851726553484744 0.091327635523839573 0.085567951159298855 0.0019395402739220951 0.076861800287503709 0.093177062033171387 -0.0068480591420366638 0.040892212332872317 0.095228404489757099 0.082896352646131502 -0.049922341257577996 0.038910155342672871
leaf_weight=9381.388308018446 115925.0037946403 1023746.9271657243 61165.442032665014 219268.5908318013 135630.02266528457 65612.818650394678 57593.327884122729 64149.397872082889 60292.501504868269 177840.88857811689 10267.839803740382 72350.740214720368 19798.162162356079 13055.868593707681 78498.062025785446 36329.33867071569 4529.4515674114227 136223.38622997701 7105.821233227849 882523.24482923746 1959863.5511623025 30405.815320804715 17500.74301892519 6548.2612699866295 8927.3675414100289 35071.101790487766 39357.157794341445 46297.57193467021 27075.365012168884 10337.64847394824
leaf_count=82355 980616 10015460 70434 326235 1309854 132951 183547 419146 102648 327600 18018 194558 64610 32851 77805 230685 13559 199927 10283 876421 2186548 79352 21567 6734 28756 77259 39403 65975 252070 75712
internal_value=0.0468368 -0.0295021 0.0769496 0.0376475 -0.0414608 -0.00131554 -0.0128613 0.0565438 0.0394455 0.0567005 -0.034166 0.0175004 -0.00574936 0.0851866 0.072112 -0.0425698 -0.0501982 0.0634766 0.0751425 0.0863484 0.0842312 0.0615717 0.0369896 0.0181068 0.0324632 0.0671441 0.0738659 0.0637447 -0.0523714 -0.0253769
internal_weight=5.43267e+06 1.53678e+06 3.89589e+06 675036 1.34956e+06 288399 183786 491250 255948 187222 126193 156298 83947.6 3.22086e+06 262848 176489 140159 184350 235302 2.95801e+06 2.07548e+06 115620 54454.8 36954.1 16033.2 171294 99649.7 111910 1.06116e+06 37413
internal_count=18502939 12506221 5996718 2367820 12096266 1753024 1182181 1185639 820365 409955 998634 678314 483756 3628898 387842 1554098 1323413 310037 365274 3241056 2364635 178087 107653 86086 39039 277186 142051 198926 10343242 327782
is_linear=0
shrinkage=0.05


Tree=12
num_leaves=31
num_cat=0
split_feature=6 4 0 4 6 0 10 10 2 1 2 6 6 11 12 10 0 12 1 9 5 2 4 12 6 1 11 5 0 12
split_gain=4.52075e+06 586606 462704 235215 226744 283143 85156.5 52778.1 71751.6 45127.4 44960.2 31132.1 19321.8 23470.9 16614.8 16246.7 15402.6 14007.6 12434.4 12049.2 12023.9 11850.7 11330.1 11305 23303.7 20077.3 11190.3 10909 10603.8 10403.9
threshold=0.24621212121212124 1.0000000180025095e-35 0.67652151211361755 0.82408041603247095 0.13100686498855837 0.67256036673928843 1.0000000180025095e-35 1.0000000180025095e-35 0.23611111111111113 0.50555555555555565 0.30952380952380959 0.71714285714285719 0.56385869565217395 8.5000000000000018 1.0000000180025095e-35 1.0000000180025095e-35 0.59735092235092246 31.500000000000004 0.32529069767441865 1.0000000180025095e-35 0.72763636363636375 0.30952380952380959 0.76598173581492834 65.500000000000014 0.098387096774193564 0.55086206896551737 21.500000000000004 0.50129533678756488 0.45918790030632145 48.500000000000007
decision_type=2 2 2 2 2 2 2 2 2 2 2 2 2 2 2 2 2 2 2 2 2 2 2 2 2 2 2 2 2 2
left_child=1 9 3 6 23 15 10 8 11 -1 18 14 13 19 -5 21 28 22 -2 20 -4 -6 -7 27 -25 -26 -8 -3 -16 -17
right_child=2 4 12 7 5 17 26 -9 -10 -11 -12 -13 -14 -15 16 29 -18 -19 -20 -21 -22 -23 -24 24 25 -27 -28 -29 -30 -31
leaf_value=-0.036411022074740361 -0.044721337350777914 -0.053158504286037057 0.077570711197317732 -0.049001860223252293 -0.053320925896838123 0.028243717130915891 0.0422090783904241 0.075696770645508824 0.076063051578581981 0.060228606296255899 0.048615783525703622 0.044119750326681757 0.083948147271327545 0.034703021028030301 0.034216376538153154 -0.025548513863064677 0.05144381761144641 0.076571034872473326 0.02337742510656091 0.084170604832545029 0.061897183700945095 0.041168188579997239 0.077669194003378961 -0.040528763588435213 -0.021083003587271557 0.17853478615601848 -0.014605476151481875 0.049304979731998835 -0.015802218015387386 0.044528631345800013
leaf_weight=12974.478232979774 115814.21097451448 979668.67985943705 365210.28698207438 14077.285234071314 128510.036091052 42457.294057637453 67436.244517356157 197000.03456276655 94796.673412948847 175240.06129029393 15882.026440605521 79182.443456530571 2265375.9480189234 34125.490078754723 14380.581564947963 29478.520527541637 17344.047433927655 57078.153798267245 7115.0984212681651 351876.03489534557 184018.04843150079 3406.2883604168892 15951.264527358115 31651.39919077605 2612.0558771789074 2432.8763689696789 9944.9943628907204 2604.5824607610703 40260.859931781888 6456.4765156060457
leaf_count=100737 993447 10003266 454545 90454 1296477 113295 183183 263445 123669 309218 29939 201474 2446262 74984 80262 206570 56147 80080 27573 380926 272181 8463 24115 298298 22841 6643 40768 12194 277459 24024
internal_value=0.0450549 -0.0289428 0.0735267 0.0358491 -0.0408674 -0.00130258 -0.0071221 0.0561755 0.0413868 0.0535668 -0.0305517 0.021494 0.081452 0.0754057 0.00067708 -0.0427621 0.0103922 0.0589558 -0.0407798 0.0769472 0.0723193 -0.0508811 0.0417417 -0.0518689 -0.0246212 0.075181 0.0349073 -0.0528868 -0.00263828 -0.0129577
internal_weight=5.36436e+06 1.49052e+06 3.87384e+06 673235 1.30231e+06 283338 216193 457042 260042 188215 138811 165245 3.20061e+06 935230 86062.8 167851 71985.5 115487 122929 901104 549228 131916 58408.6 1.01897e+06 36696.3 5044.93 77381.2 982273 54641.4 35935
internal_count=18502939 12506221 5996718 2367820 12096266 1753024 1274910 1092910 829465 409955 1050959 705796 3628898 1182636 504322 1535534 413868 217490 1021020 1107652 726726 1304940 137410 10343242 327782 29484 223951 10015460 357721 230594
is_linear=0
shrinkage=0.05


Tree=13
num_leaves=31
num_cat=0
split_feature=6 4 0 6 0 6 10 10 2 2 2 6 0 11 6 10 6 11 9 12 0 12 11 6 9 12 1 6 9 2
split_gain=4.10472e+06 543927 426947 217359 259185 213843 60502 51086.4 68355 41334.5 38076.5 29851.3 24456.5 20272.9 18031 15984.8 13168.7 13006.9 12917.1 12869.4 12666.8 12327.3 12228.7 11640.1 11560.9 11247.3 21199.1 37730.1 11234.3 11228.7
threshold=0.24621212121212124 1.0000000180025095e-35 0.68020295837633304 0.13100686498855837 0.67256036673928843 0.43875000000000003 1.0000000180025095e-35 1.0000000180025095e-35 0.16025641025641027 0.30952380952380959 0.26136363636363641 0.84412955465587058 0.59918229918229937 6.5000000000000009 0.88562091503267981 1.0000000180025095e-35 0.56385869565217395 21.500000000000004 1.0000000180025095e-35 31.500000000000004 1.0000000180025095e-35 1.0000000180025095e-35 1.0000000180025095e-35 0.8973684210526317 1.0000000180025095e-35 65.500000000000014 0.55086206896551737 0.048809523809523817 1.0000000180025095e-35 0.30952380952380959
decision_type=2 2 2 2 2 2 2 2 2 2 2 2 2 2 2 2 2 2 2 2 2 2 2 2 2 2 2 2 2 2
left_child=1 9 5 25 15 6 10 8 11 -1 -2 12 22 16 21 29 18 -9 -4 -6 -19 -15 -7 -10 -11 -3 -27 -28 -23 -5
right_child=2 3 13 4 19 7 -8 17 23 24 -12 -13 -14 14 -16 -17 -18 20 -20 -21 -22 28 -24 -25 -26 26 27 -29 -30 -31
leaf_value=-0.055014986912041035 -0.041285299579802384 -0.052433855994992777 0.069229721500213462 -0.052870889468002252 0.03942443371170315 0.059270948932160283 0.029227954494130143 0.073021243834263935 0.055145044209678418 0.04653557666222416 0.05733246110526713 0.047909892245151998 0.045564861633474112 0.0093286263730264721 0.085237099705625763 -0.012450632013075964 0.081539991084855656 0.076836122501565213 0.081714285319602092 0.07276476936555637 -0.01411418128104186 0.066404545030294429 -0.014281672979298594 0.088678201036214391 0.073045419848172977 -0.048850928591870645 -0.050328944489862387 0.13874131896105055 0.0347283746658167 0.0387199507907732
leaf_weight=8810.184393376112 110324.3339497447 942243.5298615545 522468.63261240721 123256.79334691912 58740.276637390256 6060.2708433195949 58959.089122653008 200228.68852648139 66740.363728687167 116353.34518966079 10740.75323933363 54702.923511072993 26237.184659801424 12976.082105636597 76185.741956412792 35567.623970910907 2040016.5285682529 6791.7666415274143 343335.10633301735 57060.432175777853 8773.4404921680689 135831.70189213753 83671.946952529252 42269.233432337642 63609.429154098034 25298.024291485548 5830.3565715029836 4820.0593430548906 35256.446123540401 3439.6846321225166
leaf_count=82355 982982 10015460 689780 1296477 137410 24843 183547 266721 109746 235599 18564 119119 75803 32578 76986 230594 2177448 9191 368641 80080 28028 198471 515697 42133 92001 252070 54691 21021 76440 8463
internal_value=0.0434291 -0.0284065 0.0704504 -0.0402979 -0.00128948 0.0343635 -0.0123079 0.0513209 0.0372183 0.050729 -0.032536 0.0174634 0.00310182 0.0781498 0.0647806 -0.0420694 0.0793472 0.0695987 0.0741805 0.0558528 0.0255713 0.0563134 -0.00931413 0.0681478 0.0559057 -0.0513866 -0.0239378 0.0352386 0.059877 -0.0503843
internal_weight=5.2866e+06 1.44503e+06 3.84157e+06 1.25626e+06 278065 675500 180024 495476 279682 188773 121065 170672 115969 3.16607e+06 260250 162264 2.90582e+06 215794 865804 115801 15565.2 184064 89732.2 109010 179963 978192 35948.4 10650.4 171088 126696
internal_count=18502939 12506221 5996718 12096266 1753024 2376374 1185093 1191281 887341 409955 1001546 735462 616343 3620344 384475 1535534 3235869 303940 1058421 217490 37219 307489 540540 151879 327600 10343242 327782 75712 274911 1304940
is_linear=0
shrinkage=0.05


Tree=14
num_leaves=31
num_cat=0
split_feature=6 4 0 6 2 4 10 10 2 2 2 6 11 6 12 10 0 1 0 6 9 12 12 1 6 1 12 6 5 4
split_gain=3.73905e+06 504891 396329 208420 237928 198463 69199.9 42518.2 59587.5 40249.3 38256.7 24818.3 19808.9 17491.6 16340.3 15178.2 14566.7 13744.3 13239.4 13205 12722.9 11354.9 11161.5 19673.9 31496.3 10931.9 10812.1 14994.7 10753.2 10742.2
threshold=0.24621212121212124 1.0000000180025095e-35 0.68401073489824793 0.13100686498855837 0.30952380952380959 0.82408041603247095 1.0000000180025095e-35 1.0000000180025095e-35 0.23611111111111113 0.30952380952380959 0.47222222222222227 0.71714285714285719 6.5000000000000009 0.8973684210526317 1.0000000180025095e-35 1.0000000180025095e-35 0.65923697377501733 0.32529069767441865 0.59735092235092246 0.56385869565217395 1.0000000180025095e-35 1.0000000180025095e-35 65.500000000000014 0.55086206896551737 0.048809523809523817 0.72850122850122856 24.500000000000004 0.3585714285714286 0.50129533678756488 0.94744415456745323
decision_type=2 2 2 2 2 2 2 2 2 2 2 2 2 2 2 2 2 2 2 2 2 2 2 2 2 2 2 2 2 2
left_child=1 10 5 22 15 6 9 8 11 17 25 14 19 21 -7 16 -5 -2 -16 20 -4 29 28 -24 -25 -1 27 -8 -3 -14
right_child=2 3 12 4 -6 7 26 -9 -10 -11 -12 -13 13 -15 18 -17 -18 -19 -20 -21 -22 -23 23 24 -26 -27 -28 -29 -30 -31
leaf_value=-0.041131629509552507 -0.043522804693586783 -0.052282073229175496 0.066270595587440417 -0.053039763314650323 0.054312164482518438 -0.048428392390628502 -0.024485026368322074 0.069096420283061233 0.069199535602217518 0.043471759478828247 0.055225015992092612 0.04001675676480871 0.056953870846680223 0.082687722123642171 -0.0015917730018816943 -0.011574462647889168 0.018393106295644463 0.025658879656047691 0.046950920409498872 0.078611817765951997 0.078736194853392824 0.057109911330067757 -0.048259850612454594 -0.049740153655963654 0.12061316680966981 0.066195310968985496 0.05450636974185822 0.034747703145795734 0.049541925871801028 -0.034619616867903928
leaf_weight=14231.203530296683 110116.44379656762 901163.70185421407 517931.21765762568 117063.23445117474 112885.52681230009 13703.124994121492 15579.089869558811 195619.86956353486 99153.676414445043 16913.106189578772 171897.94683514535 82303.791773453355 6038.9645927250385 72596.35457238555 53766.046316623688 35370.563540056348 7600.1715380176902 7679.9797818437219 19013.511946737766 2009432.6280954778 338450.11481581628 171368.30157612264 24351.531938821077 5610.0010582357645 5254.8318661600351 2847.2403192669153 29158.304385751486 34007.956555128098 2600.3435246646404 6818.4523625522852
leaf_count=111202 996177 10003266 688415 1285830 198926 90818 75803 263536 130858 31486 294476 203931 10283 73892 357721 230685 37583 28392 58149 2174263 368004 274820 252070 54691 21021 4277 65611 82537 12194 22022
internal_value=0.0419421 -0.0278809 0.0676849 -0.0397342 -0.00127347 0.0330042 -0.00689006 0.0513743 0.0384355 -0.0286563 0.048134 0.0203632 0.075204 0.061901 0.00165927 -0.0404827 -0.0486848 -0.0390124 0.0110899 0.0763961 0.0711971 0.0537098 -0.050913 -0.0232972 0.0326521 -0.0232386 0.0303454 0.0161382 -0.0519891 0.00839128
internal_weight=5.20053e+06 1.40088e+06 3.79965e+06 1.2119e+06 272919 677015 213455 463560 267940 134710 188976 168786 3.12264e+06 256822 86482.7 160034 124663 117796 72779.6 2.86581e+06 856381 184226 938980 35216.4 10864.8 17078.4 78745.4 49587 903764 12857.4
internal_count=18502939 12506221 5996718 12096266 1753024 2385019 1280006 1105013 841477 1056055 409955 710619 3611699 381017 506688 1554098 1323413 1024569 415870 3230682 1056419 307125 10343242 327782 75712 115479 223951 158340 10015460 32305
is_linear=0
shrinkage=0.05


Tree=15
num_leaves=31
num_cat=0
split_feature=6 4 0 6 1 4 10 10 2 2 2 6 6 11 12 4 4 9 12 12 1 0 6 12 1 6 9 9 5 5
split_gain=3.41462e+06 469162 369910 199945 218079 178993 63376.8 39288.8 54944.4 37247.5 34242.6 22085 20188 33391.2 28004.3 27095.6 16990.4 16756.9 15998.7 15098.3 12929.4 11825.1 11813.2 11117.7 32306.1 75375 12482.3 10969.3 11046.8 10424.2
threshold=0.24621212121212124 1.0000000180025095e-35 0.68401073489824793 0.13100686498855837 0.52704678362573121 0.82408041603247095 1.0000000180025095e-35 1.0000000180025095e-35 0.23611111111111113 0.30952380952380959 0.47222222222222227 0.71714285714285719 0.79057017543859665 8.5000000000000018 1.0000000180025095e-35 0.94744415456745323 0.99222761596548015 1.0000000180025095e-35 41.500000000000007 1.0000000180025095e-35 0.32529069767441865 0.61245498826143996 0.56385869565217395 43.500000000000007 0.60263157894736852 0.05634920634920635 1.0000000180025095e-35 1.0000000180025095e-35 0.70853559870550165 0.48584779706275044
decision_type=2 2 2 2 2 2 2 2 2 2 2 2 2 2 2 2 2 2 2 2 2 2 2 2 2 2 2 2 2 2
left_child=1 10 5 23 18 6 9 8 11 20 -1 19 13 14 15 -4 17 -17 -5 -7 -2 -21 27 29 -25 -26 -27 28 -16 -3
right_child=2 3 12 4 -6 7 -8 -9 -10 -11 -12 -13 -14 -15 22 16 -18 -19 -20 21 -22 -23 -24 24 25 26 -28 -29 -30 -31
leaf_value=-0.022607991789239879 -0.042735288130892862 -0.052843771380051398 0.070192295675096161 -0.045594293067728581 0.052743334972293589 -0.047406039163512707 0.028703745016731147 0.06608899016960354 0.06626707268580527 0.041281069350422223 0.052393426379923447 0.037698637873624957 0.078640384642277544 0.038734838686242341 0.069274362487746696 -0.011326965586012303 0.079934021475541711 0.055465447378822953 -0.00085063548123109033 -0.00010587046037248876 0.024141520329931353 0.048687791825326399 0.075927965923273 -0.051536354563529223 -0.046312539017228455 0.088762898552148695 0.21390298244966777 0.075216880892507818 0.054239335022994384 0.034625454440674101
leaf_weight=16694.436501204967 106627.48610647023 793068.97720530629 61016.294946119189 134337.3079822138 110118.84088304639 13308.795790277421 79061.10360532999 194327.46438062191 98383.502867206931 16919.865810036659 172121.698062554 82978.349184498191 934080.07189615071 82978.047589853406 319912.89842824638 31517.524696409702 10244.495561376214 13375.331087887287 23468.610176026821 57115.483373917639 7752.6177721172571 15866.411543779075 1098997.7525240779 77604.586855977774 18197.033940322697 5830.3201010525227 3027.4035119563341 328281.78675186634 197651.68214955926 3420.9063117057085
leaf_count=115479 996177 9193821 73983 1389934 190554 90818 223951 263536 130858 31486 294476 203931 986622 159978 402220 82446 10920 19201 172536 373464 28392 42406 1214213 878605 199017 37856 13559 368277 293839 20384
internal_value=0.0405688 -0.0273687 0.0651667 -0.03918 -0.0012576 0.0315679 -0.00666367 0.0489766 0.0365522 -0.0279598 0.0457621 0.0192812 0.0725056 0.0698329 0.0710849 0.047236 0.0218319 0.0085731 -0.0389401 0.0015707 -0.0382024 0.010502 0.0725093 -0.0504549 -0.0351342 0.0119142 0.131533 0.0680674 0.0635327 -0.0524681
internal_weight=5.10829e+06 1.35789e+06 3.7504e+06 1.16907e+06 267925 672341 210361 461980 267653 131300 188816 169269 3.07806e+06 2.14398e+06 2.061e+06 116154 55137.4 44892.9 157806 86290.7 114380 72981.9 1.94484e+06 901149 104659 27054.8 8857.72 845846 517565 796490
internal_count=18502939 12506221 5996718 12096266 1753024 2385019 1280006 1105013 841477 1056055 409955 710619 3611699 2625077 2465099 186550 112567 101647 1562470 506688 1024569 415870 2278549 10343242 1129037 250432 51415 1064336 696059 9214205
is_linear=0
shrinkage=0.05


Tree=16
num_leaves=31
num_cat=0
split_feature=6 1 0 12 6 4 10 6 4 2 4 5 0 2 10 6 11 6 6 1 7 5 2 6 12 4 9 4 12 12
split_gain=3.12834e+06 417252 267425 264416 212150 115718 57914.5 43267.4 138979 36944.7 36470.3 32721.4 26295.3 36309.7 22522.2 19586.1 19297.1 16509.2 16176.2 14505.4 13956.7 16458.6 13935.6 12513.6 24490.9 23269.4 14605.4 15348.6 12257 10767.6
threshold=0.2834821428571429 0.55086206896551737 0.68401073489824793 23.500000000000004 0.16064516129032261 0.8659537305672772 1.0000000180025095e-35 0.061553030303030311 1.0000000180025095e-35 0.30952380952380959 1.0000000180025095e-35 0.42912946428571436 0.42961256187062641 0.23611111111111113 1.0000000180025095e-35 0.16064516129032261 6.5000000000000009 0.8973684210526317 0.71714285714285719 0.32529069767441865 1.0000000180025095e-35 0.73363914373088701 0.41428571428571431 0.78759398496240618 1.0000000180025095e-35 0.94744415456745323 1.0000000180025095e-35 0.99222761596548015 24.500000000000004 1.0000000180025095e-35
decision_type=2 2 2 2 2 2 2 2 2 2 2 2 2 2 2 2 2 2 2 2 2 2 2 2 2 2 2 2 2 2
left_child=1 14 5 4 10 6 9 8 -5 19 -3 -12 -7 18 22 -16 23 29 20 -2 21 -14 -1 24 25 -4 27 -27 -17 -18
right_child=2 3 16 7 -6 12 -8 -9 -10 -11 11 -13 13 -15 15 28 17 -19 -20 -21 -22 -23 -24 -25 -26 26 -28 -29 -30 -31
leaf_value=-0.052837784971636638 -0.032817954118651758 0.060862651464905798 0.068654802348168315 0.048480150985175163 0.048565501331686314 0.064080282889973 0.035598327097417524 0.067717547771931397 -0.047754055386620031 0.040290406099110575 -0.051171501306757565 0.10730024990099263 0.040976034552227751 0.065964927490469075 -0.044295078269121962 -0.026050926849227843 0.0044382875497499322 0.077606971599255725 0.037767694699332915 0.033550921349644137 0.063955350008867859 -0.025870089075343789 -0.00081461758867139647 0.076708425666876995 0.070716903920333751 -0.0094359272790752284 0.061888390664992798 0.07684402849916451 0.032905175127557564 0.052337076431089993
leaf_weight=663818.11719439924 100715.01227451861 7764.4392139315605 56796.632121667266 167689.42933316529 76709.57613992691 192443.64705602825 97972.214630663395 93145.166839838028 48330.209129437804 24702.756233781576 252948.73631840944 3299.8676551282406 12457.06631334126 74033.283164903522 52338.576149761677 17347.675616256893 12621.13395062089 69935.032362341881 70259.284579068422 8965.5308015495539 7736.2799751088023 35308.543598264456 13127.366115413606 817764.56635791063 1795296.0075907707 30552.465572416782 16380.176519393921 6200.6255097836256 17925.371563978493 166742.71377789974
leaf_count=7841015 858858 11921 68614 291837 130312 288288 224042 223314 567385 44681 3009188 13559 59787 96096 578578 122031 31850 73892 165438 25753 30485 213850 98735 873418 2107651 79079 21385 6734 78351 266812
internal_value=0.0392929 -0.0237042 0.064066 0.00575103 -0.0246291 0.0343251 0.00636297 0.0392322 0.0269496 -0.0149511 -0.0458959 -0.0491308 0.0508894 0.0381838 -0.0487417 -0.0248874 0.0703158 0.057001 0.0218296 -0.0273928 0.00165368 -0.00843691 -0.0518289 0.0715348 0.0693141 0.046405 0.0226211 0.00512039 0.00390991 0.0489666
internal_weight=5.01133e+06 1.41444e+06 3.59688e+06 649887 340723 624594 232356 309165 216020 134383 264013 256249 392238 199794 764557 87611.6 2.97229e+06 249299 125761 109681 55501.9 47765.6 676945 2.72299e+06 1.90523e+06 109930 53133.3 36753.1 35273 179364
internal_count=18502939 12966226 5536713 4247516 3164980 2007278 1153334 1082536 859222 929292 3034668 3022747 853944 565656 8718710 778960 3529435 372554 469560 884611 304122 273637 7939750 3156881 2283463 175812 107198 85813 200382 298662
is_linear=0
shrinkage=0.05


Tree=17
num_leaves=31
num_cat=0
split_feature=6 4 0 6 0 6 10 2 0 2 2 11 6 10 2 7 9 6 4 11 12 9 9 11 4 12 5 2 4 2
split_gain=2.86893e+06 406891 328393 184569 212330 146320 70094.1 38440.2 30355.4 32984.4 29374 24492.1 21388.5 15539.1 13998.9 13992.7 13785.5 18317.4 12658.5 13201.7 12600.1 11544.7 11111.1 11017.9 10864.9 10329.9 9895.77 9848.24 9816.24 9496.12
threshold=0.24621212121212124 1.0000000180025095e-35 0.6344958951866847 0.12060606060606062 0.70320450748082342 0.56385869565217395 1.0000000180025095e-35 0.23611111111111113 0.43167347949956653 0.066964285714285726 0.30952380952380959 4.5000000000000009 0.79057017543859665 1.0000000180025095e-35 0.30952380952380959 1.0000000180025095e-35 1.0000000180025095e-35 0.44722222222222224 0.99222761596548015 3.5000000000000004 28.500000000000004 1.0000000180025095e-35 1.0000000180025095e-35 26.500000000000004 0.81068356246927686 1.0000000180025095e-35 0.89402852049910886 0.88194444444444453 0.82408041603247095 0.63068181818181823
decision_type=2 2 2 2 2 2 2 2 2 2 2 2 2 2 2 2 2 2 2 2 2 2 2 2 2 2 2 2 2 2
left_child=1 10 5 -3 13 6 7 28 -7 18 -1 16 15 14 -5 21 17 -4 19 -10 24 25 -12 -8 -6 26 -13 29 -2 -23
right_child=2 3 11 4 20 8 23 -9 9 -11 22 12 -14 -15 -16 -17 -18 -19 -20 -21 -22 27 -24 -25 -26 -27 -28 -29 -30 -31
leaf_value=-0.05372907081909109 -0.044916290286568739 -0.050226091543260666 0.05482323825449207 -0.051384897129517937 0.019621542346888843 0.05934574809683172 0.033731191957664018 0.039797086544768823 0.029058497517062888 0.059888604797461477 0.03654479162458845 0.051322075676671478 0.070841829414874019 -0.01091448342686694 0.034696953614036151 0.085317282353314164 0.07331313393094975 0.068671791135941435 0.041113508387302738 -0.015351709381753341 0.064436200279029354 0.03642095609386891 0.062581707698828468 -0.047812591619245955 0.072550658945066501 0.051692629159858776 -0.043224355505238801 0.094792083904126898 -0.013565452991749216 -0.011181675615609113
leaf_weight=7755.3525629937649 88289.707086667418 808843.96049401909 294837.94493747503 122286.29123651236 43308.06217943877 208316.72195606679 89235.144607946277 19327.657364375889 26932.170908480883 59034.132319167256 117148.02757388353 5268.0725313052535 135482.6729798466 36157.604226879776 4912.6694167256355 20216.841246776283 1122869.4421122521 1255822.7368080989 28077.104094922543 44193.839850857854 60325.123262748122 20846.819125317037 63016.392643734813 4344.1111735552549 12492.456005588174 145694.72619441897 5830.7546845972538 3980.8033235967159 34813.328081175685 21061.066772758961
leaf_count=82355 917280 10089989 431795 1506050 121303 315861 227773 37492 104832 82082 235599 9009 158613 257257 13650 21931 1253616 1503866 57239 229593 91091 41314 92001 19019 16926 236964 19474 4004 269178 55783
internal_value=0.0381017 -0.0263911 0.0607483 -0.0381225 -0.00309367 0.0270349 -0.0036711 -0.0257579 0.0468054 0.0302961 0.0415504 0.0674486 0.0551743 -0.0398383 -0.0480602 0.0456513 0.0690939 0.0660387 0.0126862 0.00146441 0.0485959 0.0416948 0.0456518 0.0299458 0.0314712 0.0481505 0.00165223 0.0196369 -0.0360503 0.012498
internal_weight=4.91072e+06 1.27625e+06 3.63448e+06 1.08833e+06 279482 602564 236010 142431 366554 158237 187920 3.03191e+06 358382 163357 127199 222899 2.67353e+06 1.55066e+06 99203.1 71126 116126 202682 180164 93579.3 55800.5 156794 11098.8 45888.7 123103 41907.9
internal_count=18502939 12506221 5996718 12096266 2006277 2260349 1470742 1223950 789607 473746 409955 3736369 547092 1776957 1519700 388479 3189277 1935661 391664 334425 229320 366548 327600 246792 138229 265447 28483 101101 1186458 97097
is_linear=0
shrinkage=0.05


Tree=18
num_leaves=31
num_cat=0
split_feature=6 1 0 12 6 4 6 4 1 4 5 10 2 2 10 6 12 4 11 6 6 11 4 9 2 4 1 12 6 9
split_gain=2.63606e+06 377262 243224 225533 184198 100507 37096 119315 35510 32376.9 30099.7 29703.6 43397.7 24270.7 22564 19015.1 30069.2 27617.4 23872.4 17824.9 17628.9 18575.1 17047.9 15086.3 13512.6 11321.7 11214.7 11072.1 11051.2 10120.5
threshold=0.2834821428571429 0.55086206896551737 0.69299499335789672 23.500000000000004 0.16064516129032261 0.82142483952828793 0.05634920634920635 1.0000000180025095e-35 0.084219858156028407 1.0000000180025095e-35 0.42912946428571436 1.0000000180025095e-35 0.26136363636363641 0.066964285714285726 1.0000000180025095e-35 0.79057017543859665 1.0000000180025095e-35 0.94744415456745323 8.5000000000000018 0.16064516129032261 0.90238095238095251 3.5000000000000004 0.99222761596548015 1.0000000180025095e-35 0.41428571428571431 0.64005489292491202 0.35805860805860806 1.0000000180025095e-35 0.56385869565217395 1.0000000180025095e-35
decision_type=2 2 2 2 2 2 2 2 2 2 2 2 2 2 2 2 2 2 2 2 2 2 2 2 2 2 2 2 2 2
left_child=1 14 5 4 9 8 7 -5 -2 -3 -11 12 20 26 24 16 17 -4 28 -16 21 -7 23 -19 -1 -21 -10 -23 29 -18
right_child=2 3 15 6 -6 11 -8 -9 13 10 -12 -13 -14 -15 19 -17 18 22 -20 25 -22 27 -24 -25 -26 -27 -28 -29 -30 -31
leaf_value=-0.052154265654070414 0.023355802133145451 0.055839715203436779 0.062621866375635438 0.043981432804425992 0.044201023085506531 0.032411766277510586 0.062670680935600617 -0.049012619524997914 -0.041483242368529377 -0.050355094410973737 0.099165492452807577 0.05881894454862216 0.06084644028844774 0.026829014004548131 -0.043053250071417609 0.072262523565864739 0.056904400514845958 -0.016168624022989766 0.036777233751717972 0.048466487505345657 0.043893395536214207 -0.051126986015076328 0.073199088532591869 0.046447006316213027 -0.00036430272746882839 -0.014294227168226096 0.052520902089531377 0.0016223266015586335 0.069443129554070726 0.068806981750612339
leaf_weight=610939.00369855762 75051.518055938184 7722.6094656586647 59838.435286983848 166976.4610709399 76055.720575883985 51518.605996184051 93143.111786805093 43472.832231722772 66451.913307212293 233097.93341799825 3415.2036088481545 189656.67997781932 92870.497968405485 18937.77529977262 48880.349736817181 871271.5915620476 464208.45350423455 33998.878360241652 72295.128881826997 10047.968283474445 50414.531288444996 11681.742603689432 10063.612480193377 13415.34784437716 12859.81434956938 25226.523849621415 3331.7963313907385 67030.951542571187 1033384.4757946283 290261.47595565021
leaf_count=7841015 247702 11921 77623 291837 130312 197288 234052 556647 626990 3009188 13559 263536 124488 42315 578578 981708 641277 91455 133224 43043 95277 77805 11557 21112 98735 157339 8099 341341 1210573 343343
internal_value=0.0369845 -0.0228266 0.0599033 0.00552099 -0.0237472 0.0317088 0.0363991 0.0247715 -0.00195809 -0.0449065 -0.048196 0.0436131 0.0330693 -0.0233717 -0.047808 0.0661083 0.0633968 0.0388457 0.0649452 -0.023505 0.0187891 0.00907081 0.014093 0.0015478 -0.0510866 0.00358321 -0.0369951 -0.00620619 0.0660842 0.0614836
internal_weight=4.80752e+06 1.33184e+06 3.47568e+06 623884 320291 626946 303592 210449 163773 244236 236513 463173 273516 88721.5 707954 2.84874e+06 1.97747e+06 117316 1.86015e+06 84154.8 180646 130231 57477.8 47414.2 623799 35274.5 69783.7 78712.7 1.78785e+06 754470
internal_count=18502939 12966226 5536713 4247516 3164980 2024841 1082536 848484 925106 3034668 3022747 1099735 836199 677404 8718710 3511872 2530164 201747 2328417 778960 711711 616434 124124 112567 7939750 200382 635089 419146 2195193 984620
is_linear=0
shrinkage=0.05


Tree=19
num_leaves=31
num_cat=0
split_feature=6 4 0 6 0 6 10 6 0 2 2 6 11 2 0 10 9 12 5 4 9 2 12 5 11 0 12 1 6 6
split_gain=2.42648e+06 353937 295463 170600 180892 133659 35577.8 32736.6 30575.1 26678.7 24636.1 20867.6 21856.6 19638.4 22806.6 16145.8 14037.8 12951 11251.1 10682.1 10449.3 10116.4 10058.1 10036.3 9346.79 9667.95 9279.4 24312.6 46683 9124.27
threshold=0.24621212121212124 1.0000000180025095e-35 0.69299499335789672 0.12060606060606062 0.65923697377501733 0.43875000000000003 1.0000000180025095e-35 0.80322580645161301 0.40675465838509323 0.26136363636363641 0.30952380952380959 0.56385869565217395 4.5000000000000009 0.066964285714285726 0.59606410746116645 1.0000000180025095e-35 1.0000000180025095e-35 43.500000000000007 0.62805605247465723 0.81068356246927686 1.0000000180025095e-35 0.30952380952380959 32.500000000000007 0.73363914373088701 21.500000000000004 0.30349511599511608 43.500000000000007 0.61620294599018022 0.05634920634920635 0.88562091503267981
decision_type=2 2 2 2 2 2 2 2 2 2 2 2 2 2 2 2 2 2 2 2 2 2 2 2 2 2 2 2 2 2
left_child=1 10 5 26 15 6 9 8 24 -2 -1 12 16 14 -10 21 23 19 -14 -6 -12 -5 -8 -4 -7 -26 -3 -28 -29 -13
right_child=2 3 11 4 17 7 22 -9 13 -11 20 29 18 -15 -16 -17 -18 -19 -20 -21 -22 -23 -24 -25 25 -27 27 28 -30 -31
leaf_value=-0.053037008126365172 -0.03746496868741981 -0.051441927479112894 0.059716514160047855 -0.051615683063514967 0.022612387068371025 0.050863883682769055 0.0057086223521802884 0.05554129132444531 -0.013621117301643788 0.041962135015269096 0.03271521425393694 0.06463983457352683 0.053142061439065025 0.038257569655252233 0.038667976959231007 -0.010319648392051416 0.068465403292231261 0.065898047085345177 0.015925515025205676 0.070942234400978993 0.058079859153128445 0.036825089767903607 0.049921486679274457 0.044129987723739821 0.061335585395009953 -0.03530686110963193 -0.050294137285031716 -0.043628950307840135 0.10129935884379115 0.072162874557724396
leaf_weight=7162.7614564225078 96127.228106103837 657290.9785881117 316013.58882419765 109420.97232634574 64852.761624127626 122703.05565923452 42869.463479548693 201309.32763029635 72737.91345731169 11878.692301765084 116860.67971993983 1427806.0746146142 37252.141463324428 55838.602848365903 29234.907487116754 35458.81110483408 300297.04831194878 40603.604019507766 44646.478354781866 13880.124151661992 62224.143564224243 3331.8730094432831 18377.981341600418 153420.93824779987 4249.605780929327 6617.8834860250354 63879.31147942692 15404.522092558444 8691.3447264432907 561561.56703682244
leaf_count=82355 987714 8990618 419601 1478568 183183 215306 145964 313495 473018 20748 235599 1789970 57785 98917 82082 257166 355901 57967 94185 19838 92001 9555 37674 240877 6552 22659 855218 197106 47047 634270
internal_value=0.0359357 -0.0254563 0.0569503 -0.0371054 -0.00285632 0.0268667 -0.0114666 0.0400353 0.0293226 -0.0287294 0.0378915 0.0639597 0.0574103 0.0144218 0.00136981 -0.0397476 0.0600231 0.0429614 0.0328537 0.0311326 0.0415283 -0.0490022 0.0189752 0.0546225 0.0469276 0.00248405 -0.0494008 -0.0341507 0.00864648 0.0667634
internal_weight=4.702e+06 1.19906e+06 3.50294e+06 1.01281e+06 267548 661945 169253 492691 291382 108006 186248 2.841e+06 851630 157811 101973 148212 769732 119336 81898.6 78732.9 179085 112753 61247.4 469435 133571 10867.5 745266 87975.2 24095.9 1.98937e+06
internal_count=18502939 12506221 5996718 12096266 2006277 2404129 1192100 1212029 898534 1008462 409955 3592589 1168349 654017 555100 1745289 1016379 260988 151970 203021 327600 1488123 183638 660478 244517 29211 10089989 1099371 244153 2424240
is_linear=0
shrinkage=0.05


Tree=20
num_leaves=31
num_cat=0
split_feature=6 1 0 12 6 4 10 6 5 4 2 5 10 11 6 12 6 6 5 6 12 4 4 9 2 1 12 2 9 6
split_gain=2.23543e+06 339761 223301 191385 159306 87945.3 38287.5 30708.8 97158.6 29194.9 28232.9 27953.5 22633.6 20336.3 19679.6 28474.9 16212.3 15693.6 14622.6 13309.3 22751 20184.3 13163.5 13295.6 13081.9 12725.4 10391.2 10273.5 10070.1 11780.9
threshold=0.2834821428571429 0.55086206896551737 0.70320450748082342 23.500000000000004 0.16064516129032261 0.8659537305672772 1.0000000180025095e-35 0.061553030303030311 0.091372912801484255 0.44347452395479253 0.30952380952380959 0.42912946428571436 1.0000000180025095e-35 6.5000000000000009 0.78759398496240618 1.0000000180025095e-35 0.16064516129032261 0.90692640692640702 0.83889506859473506 0.76696832579185525 1.0000000180025095e-35 0.94744415456745323 0.99222761596548015 1.0000000180025095e-35 0.41428571428571431 0.32529069767441865 24.500000000000004 0.095454545454545472 1.0000000180025095e-35 0.55777777777777793
decision_type=2 2 2 2 2 2 2 2 2 2 2 2 2 2 2 2 2 2 2 2 2 2 2 2 2 2 2 2 2 2
left_child=1 12 5 4 9 6 10 8 -5 -3 25 -11 24 19 15 18 27 -15 -7 20 21 -4 23 -23 -1 -2 -18 -14 29 -22
right_child=2 3 13 7 -6 14 -8 -9 -10 11 -12 -13 16 17 -16 -17 26 -19 -20 -21 28 22 -24 -25 -26 -27 -28 -29 -30 -31
leaf_value=-0.051498351356052942 -0.030230071109158985 0.044594338153087797 0.060527014020160579 0.039882515626525963 0.040146396099638493 0.048805319091161148 0.028601591098051632 0.057782990670812433 -0.046393104024686875 -0.049876046170592631 0.032040401527040567 0.092436066145114251 -0.042998847280277641 0.040579672614031941 0.054343770993357389 0.039045099128985801 -0.024926055077582467 0.07061520631350636 -0.045495795675724642 0.069138320199192957 0.053324422718322197 -0.013944933115544851 0.071634971837729031 0.049751386147346109 3.6964975528438812e-05 0.028075970334298952 0.029414480270168061 0.4241623018062779 0.067576067070034024 0.064581395192740518
leaf_weight=561527.06683208793 94531.910237506032 8946.9233595430851 50062.654791370034 166367.28526042402 75124.697809800506 5498.6011869162321 98325.07543733716 91211.388057939708 40594.516523100436 213152.95177384466 28016.02075573802 3507.3624140024185 45515.546639569104 170220.0307186842 207950.40612280369 168715.290546529 16904.751252181828 58415.062837719917 16287.937999412417 801724.07847934961 426448.60230386257 29603.477842524648 8629.521972283721 11327.262897104025 12590.101859204471 10386.206337243319 18344.019360601902 117.99128198623657 645243.91018716991 510834.21268238127
leaf_count=7841015 862316 29484 65429 300027 130312 14742 224315 223314 559195 2991625 51415 13559 578123 289562 320866 448630 122031 67704 94640 948220 604422 76804 9828 16653 98735 28574 78351 455 776230 636363
internal_value=0.0349378 -0.021992 0.0562962 0.00522663 -0.0229176 0.0294729 0.00494594 0.0336124 0.02296 -0.0439172 -0.012551 -0.0475723 -0.0468796 0.0625233 0.0437082 0.0320986 -0.0221168 0.0482536 -0.0216956 0.0638368 0.06131 0.0381343 0.0155145 0.00368253 -0.0503682 -0.0244582 0.00335362 -0.0417909 0.062769 0.0594597
internal_weight=4.59612e+06 1.2539e+06 3.34222e+06 598905 300732 629711 231259 298173 206962 225607 132934 216660 654999 2.71251e+06 398452 190502 80882.3 228635 21786.5 2.48387e+06 1.68215e+06 99622.9 49560.3 40930.7 574117 104918 35248.8 45633.5 1.58253e+06 937283
internal_count=18502939 12966226 5536713 4247516 3164980 2045498 1166620 1082536 859222 3034668 942305 3005184 8718710 3491215 878878 558012 778960 357266 109382 3133949 2185729 168714 103285 93457 7939750 890890 200382 578578 2017015 1240785
is_linear=0
shrinkage=0.05


Tree=21
num_leaves=31
num_cat=0
split_feature=6 4 0 6 0 6 10 10 2 2 11 2 0 4 6 10 9 6 12 5 11 12 6 4 11 12 6 5 4 2
split_gain=2.06204e+06 308776 269566 157909 154174 112666 30282.3 28343.5 39030.6 23458.6 21918.8 20796.7 17562.5 17065.6 16933.9 15638 14649.3 17987.7 21677.6 18321.4 12619.5 11842.5 11828.7 11474.2 11418.2 11047.5 10368.7 10147.2 10041.3 9883.5
threshold=0.24621212121212124 1.0000000180025095e-35 0.69299499335789672 0.12060606060606062 0.65923697377501733 0.43875000000000003 1.0000000180025095e-35 1.0000000180025095e-35 0.26136363636363641 0.26136363636363641 4.5000000000000009 0.30952380952380959 0.59918229918229937 0.987266214824983 0.88562091503267981 1.0000000180025095e-35 1.0000000180025095e-35 0.71714285714285719 1.0000000180025095e-35 0.85770528683914526 20.500000000000004 43.500000000000007 0.44722222222222224 0.987266214824983 1.0000000180025095e-35 1.0000000180025095e-35 0.55777777777777793 0.61170759565962318 0.94744415456745323 0.30952380952380959
decision_type=2 2 2 2 2 2 2 2 2 2 2 2 2 2 2 2 2 2 2 2 2 2 2 2 2 2 2 2 2 2
left_child=1 11 5 -3 15 6 9 8 12 -2 16 -1 13 24 25 29 17 18 19 -4 -9 -6 -20 -21 -7 28 27 -27 -12 -5
right_child=2 3 10 4 21 7 -8 20 -10 -11 14 -13 -14 -15 -16 -17 -18 -19 22 23 -22 -23 -24 -25 -26 26 -28 -29 -30 -31
leaf_value=-0.052388538314696621 -0.036153305727328527 -0.04861843337820073 0.058460928472997588 -0.050935674177070983 0.028202640882132965 0.05094831337603322 0.016701451860679818 0.055358659615685937 0.052902947824724003 0.038815815914789886 0.043249100403017188 0.03791782998260896 0.038979043835086713 0.034362457445572432 0.06858376195742831 -0.0094047980812593957 0.066750637103736007 0.066576155130483303 0.047924680499711513 -0.012914477137953316 0.013820129875374744 0.061804835670717477 0.060647826207537815 0.059515595315236883 -0.010585948438195969 0.050883691871391926 0.05246196411769638 0.014157612586476352 -0.03497950881534883 0.036673772387741596
leaf_weight=6612.7680685445666 91402.539217457175 686571.31019382924 24221.400903537869 100275.98886212707 78221.501832902431 8181.8065920323133 61627.534571498632 181047.95342370868 94482.693695813417 11779.361274138093 7747.3697738945484 177493.34563785791 50069.127571202815 35574.792354531586 75322.980083122849 34851.742911554873 1003447.4057080001 488847.28972311318 264725.49599803984 27287.270789682865 20338.312374919653 39442.490052700043 589423.69223451614 6838.2019247412682 95935.236249513924 32473.337286904454 139239.61509855092 44692.994232192636 8718.0197757035494 3325.9818909540772
leaf_count=82355 987714 10089989 32669 1478568 203021 28028 183638 258076 136409 20748 12922 327600 115115 72527 90454 257166 1231776 602238 396942 69797 46046 57967 772135 9373 555828 50232 203021 94185 26845 9555
internal_value=0.0339873 -0.0245528 0.0535991 -0.0361197 -0.00261455 0.0246901 -0.011031 0.0368129 0.0266454 -0.0275947 0.06053 0.0346742 0.0135716 0.00446498 0.047976 -0.0383769 0.0621389 0.0588366 0.0546904 0.0252042 0.0511636 0.0394665 0.0567046 0.00159936 -0.00575042 0.0413104 0.0443144 0.0296128 0.00182897 -0.0481231
internal_weight=4.49022e+06 1.1268e+06 3.36342e+06 942689 256118 650439 164809 485630 284244 103182 2.71299e+06 184106 189761 139692 308194 138454 2.40479e+06 1.40134e+06 912496 58346.9 201386 117664 854149 34125.5 104117 232871 216406 77166.3 16465.4 103602
internal_count=18502939 12506221 5996718 12096266 2006277 2404129 1192100 1212029 907907 1008462 3592589 409955 771498 656383 477659 1745289 3114930 1883154 1280916 111839 304122 260988 1169077 79170 583856 387205 347438 144417 39767 1488123
is_linear=0
shrinkage=0.05


Tree=22
num_leaves=31
num_cat=0
split_feature=6 4 0 6 6 2 10 0 2 11 2 6 2 6 9 1 4 10 7 12 5 6 12 12 5 11 9 9 12 1
split_gain=1.90474e+06 311819 299021 124704 101978 99461.3 36686.1 32407.8 36258.3 25182 21831.5 19774.2 19025.7 15705.9 15380.6 14148.2 13821.6 12275.6 11883.7 12483.6 12296 11801.6 11053.7 10688 10132.6 10088 10069.5 10046.3 9934.81 23897.5
threshold=0.21807065217391305 1.0000000180025095e-35 0.65582121825542894 0.43875000000000003 0.12060606060606062 0.30952380952380959 1.0000000180025095e-35 0.40675465838509323 0.066964285714285726 4.5000000000000009 0.26136363636363641 0.88562091503267981 0.30952380952380959 0.56385869565217395 1.0000000180025095e-35 0.32200460829493094 0.86217891839009864 1.0000000180025095e-35 1.0000000180025095e-35 1.0000000180025095e-35 0.89893315174214061 0.55777777777777793 45.500000000000007 23.500000000000004 0.61170759565962318 21.500000000000004 1.0000000180025095e-35 1.0000000180025095e-35 43.500000000000007 0.61620294599018022
decision_type=2 2 2 2 2 2 2 2 2 2 2 2 2 2 2 2 2 2 2 2 2 2 2 2 2 2 2 2 2 2
left_child=1 12 3 6 28 17 10 25 15 13 -2 18 -1 14 -4 16 -9 -6 19 20 -11 24 27 -8 -21 -5 -14 -7 -3 -30
right_child=2 4 9 7 5 22 23 8 -10 11 -12 -13 26 -15 -16 -17 -18 -19 -20 21 -22 -23 -24 -25 -26 -27 -28 -29 29 -31
leaf_value=-0.052003799301638731 -0.039636331609726516 -0.050469052700651822 0.048835600073796642 0.051140092476395595 -0.047100550760276347 0.0044733044358252821 -0.0041353417890341191 -0.026356331084260581 0.048126518528413431 0.041699089981789179 0.038312838646631389 0.067169282817950635 0.027540932723102336 0.063131800287021811 0.06345772546165826 0.066563353075166365 0.011078421811918471 -0.0096348601020805336 0.075886060221698193 0.043168860304446333 -0.046058047584425402 0.047702667871801246 0.059794697658802402 0.036019509291370516 0.0070267266076563563 0.0098864645446536826 0.052666976055516929 0.049256252320973998 -0.049139446182338231 0.011328897208194012
leaf_weight=6335.6242243796587 101463.63859471679 579303.70235619694 469456.01887569577 202061.65864612162 84228.629372633994 33229.16284866631 36433.535663664341 32241.636594235897 80179.44336117059 7186.2748862579465 9855.048162356019 79861.499268576503 115959.61630308628 1636102.5722593814 291519.66495328397 9127.3570489212871 104823.71198826283 29527.794363863766 19594.420577667654 35101.508867703378 8978.5013008713722 131629.43007904291 28794.213933393359 30397.227886065841 43332.074054583907 15991.930102728307 60772.827313572168 20097.685410171747 56348.344780936837 23012.278415739536
leaf_count=82355 1237327 8990618 706524 326235 1241513 99008 140413 254072 124579 12285 17563 98735 235599 2123576 376922 16471 393120 223314 22568 63791 29393 200928 41951 76895 97006 39039 92001 39767 855218 244153
internal_value=0.0330941 -0.0260904 0.0514511 0.0201896 -0.0387769 -0.00710336 -0.0151549 0.0343575 0.021106 0.0585992 -0.0327355 0.0455539 0.0331291 0.0603716 0.0544371 0.00628662 0.00227271 -0.0373756 0.0385316 0.0352962 -0.0070444 0.0385544 0.0348306 0.0141286 0.0232015 0.0481146 0.036181 0.021351 -0.0481962 -0.0316054
internal_weight=4.38295e+06 1.03761e+06 3.34534e+06 622575 854542 195877 178149 444426 226372 2.72276e+06 111319 325684 183068 2.39708e+06 760976 146193 137065 113756 245822 226228 16164.8 210063 82121.1 66830.8 78433.6 218054 176732 53326.8 658664 79360.6
internal_count=18502939 12145497 6357442 2625714 11735542 1645553 1472198 1153516 788242 3731728 1254890 524706 409955 3207022 1083446 663663 647192 1464827 425971 403403 41678 361725 180726 217308 160797 365274 327600 138775 10089989 1099371
is_linear=0
shrinkage=0.05


Tree=23
num_leaves=31
num_cat=0
split_feature=6 1 0 12 6 4 6 5 5 4 1 6 10 12 10 11 2 6 6 12 4 6 2 2 0 4 9 6 9 5
split_gain=1.76279e+06 292747 200373 152439 128348 72891 26954.9 79762.7 26303.9 25727.7 23880.7 23368.5 26089.9 23924.8 22677.3 21005.2 16887.1 15468.8 14491.4 23280.1 20480.8 14035.2 12495.7 12174.8 15126.3 11613.6 12291.6 10887.6 11186 11379.6
threshold=0.2834821428571429 0.55086206896551737 0.70320450748082342 23.500000000000004 0.16064516129032261 0.82142483952828793 0.05634920634920635 0.091372912801484255 0.42912946428571436 0.44347452395479253 0.084219858156028407 0.90238095238095251 1.0000000180025095e-35 1.0000000180025095e-35 1.0000000180025095e-35 6.5000000000000009 0.066964285714285726 0.90692640692640702 0.78759398496240618 1.0000000180025095e-35 0.94744415456745323 0.15075757575757578 0.41428571428571431 0.26136363636363641 0.59353174603174608 0.99222761596548015 1.0000000180025095e-35 0.55777777777777793 1.0000000180025095e-35 0.70853559870550165
decision_type=2 2 2 2 2 2 2 2 2 2 2 2 2 2 2 2 2 2 2 2 2 2 2 2 2 2 2 2 2 2
left_child=1 14 5 4 8 10 7 -5 9 -3 -2 12 13 -7 22 18 -12 -17 19 20 -4 -16 -1 24 -15 26 -22 28 29 -21
right_child=2 3 15 6 -6 11 -8 -9 -10 -11 16 -13 -14 23 21 17 -18 -19 -20 27 25 -23 -24 -25 -26 -27 -28 -29 -30 -31
leaf_value=-0.050610458090621493 0.017331172985473209 0.039831046678720547 0.056102517689677417 0.034818613712507877 0.034835812068049775 -0.034983143513260324 0.053157043703173396 -0.047887689015399283 0.089423277989440692 -0.048779564832074317 -0.034242046473985939 0.053808669397356304 0.045990332656323026 0.0014538319659279863 -0.041521618820736649 0.035569018453752113 0.018153670304364242 0.066529907529680396 0.06547940217203406 0.055213876964417298 -0.01689616790654996 0.0013151199732028614 0.00084103292474979597 0.042997420950915383 0.039922571388055821 0.064781292237032592 0.044711911812608474 0.061924975361987156 0.061763878499826341 0.038150407760827183
leaf_weight=496020.69092919305 74973.61314099282 8564.0302457883954 48959.832957610488 163767.25830206275 73384.553446024656 19825.41174647212 89281.409688718617 35464.53823037073 3711.9232593476772 188368.46237161011 63362.539496153593 133264.79891140759 131485.79721531272 78164.389366477728 38388.11864624545 165666.6684768647 20306.495771847665 53330.147659286857 673829.72668363154 240108.91547170281 30135.899196356535 38099.848990157247 12088.165041700006 52749.796468049288 37965.705601222813 8209.0227024704218 11069.968733772635 874214.23178206384 247461.48654513061 164752.04130685329
leaf_count=7841015 247702 29302 68341 300027 130312 112931 234052 548457 13741 2991625 636454 198016 204477 423787 555009 289562 46046 67704 867048 333424 78806 223951 98735 83629 92456 10465 17381 1158430 329056 270998
internal_value=0.0322337 -0.0207881 0.0516671 0.00496086 -0.0217461 0.0260091 0.0303271 0.0200964 -0.0424407 -0.0449261 -0.00316211 0.0362147 0.028892 0.0169782 -0.0455656 0.057905 -0.0215256 0.0431086 0.0593146 0.0567581 0.0331827 -0.020184 -0.0493864 0.0230781 0.0140302 0.010474 -0.000345139 0.0582774 0.0533891 0.0482702
internal_weight=4.27698e+06 1.14714e+06 3.12984e+06 562542 274029 612099 288513 199232 200644 196932 158643 453456 320191 188705 584597 2.51774e+06 83669 218997 2.29874e+06 1.62491e+06 98374.7 76488 508109 168880 116130 49414.9 41205.9 1.52654e+06 652322 404861
internal_count=18502939 12966226 5536713 4247516 3164980 2045498 1082536 848484 3034668 3020927 930202 1115296 917280 712803 8718710 3491215 682500 357266 3133949 2266901 174993 778960 7939750 599872 516243 106652 96187 2091908 933478 604422
is_linear=0
shrinkage=0.05


Tree=24
num_leaves=31
num_cat=0
split_feature=6 4 0 6 6 2 10 0 2 6 11 12 5 2 2 6 9 1 6 10 4 9 11 5 12 1 6 12 5 0
split_gain=1.63013e+06 273731 271437 105265 94944.3 84619.2 31826.1 28620.5 31905.1 25494 34029.5 25007.9 21264.2 19424.4 16171.5 15562.3 12968.3 12716.7 12529.5 11828.2 11732.1 11611.6 11354.4 10385.4 10200.3 22449.7 35968.9 10123.6 10006.9 18020.6
threshold=0.21807065217391305 1.0000000180025095e-35 0.65582121825542894 0.43875000000000003 0.12060606060606062 0.30952380952380959 1.0000000180025095e-35 0.40675465838509323 0.066964285714285726 0.79057017543859665 8.5000000000000018 1.0000000180025095e-35 0.86696165191740426 0.26136363636363641 0.30952380952380959 0.56385869565217395 1.0000000180025095e-35 0.3506756756756757 0.71714285714285719 1.0000000180025095e-35 0.99222761596548015 1.0000000180025095e-35 4.5000000000000009 0.69592735277930662 43.500000000000007 0.61620294599018022 0.048809523809523817 45.500000000000007 0.44274004683840756 0.79492963177173703
decision_type=2 2 2 2 2 2 2 2 2 2 2 2 2 2 2 2 2 2 2 2 2 2 2 2 2 2 2 2 2 2
left_child=1 14 3 6 24 19 13 -5 17 10 11 12 -4 -2 -1 16 23 18 -9 -6 21 -14 -18 -13 28 -26 -27 -7 -3 -30
right_child=2 4 9 7 5 27 -8 8 -10 -11 -12 15 20 -15 -16 -17 22 -19 -20 -21 -22 -23 -24 -25 25 26 -28 -29 29 -31
leaf_value=-0.051399310404105794 -0.038397983687659475 -0.05055997809404305 0.055558134687579176 0.044839069929426281 -0.046122972753191605 0.019064284700096051 0.012511606615175959 -0.013089906252616518 0.045001930518696109 0.063517246957061999 0.021971406084206772 0.051294777600701592 -0.014816259397564308 0.035640478357618841 0.033137429947011438 0.060044475936535391 0.060860589947931032 0.071811976027003649 0.016988654386568013 -0.0087345016453807822 0.06442172631714041 0.038944040674282289 0.0075529734283527328 0.036215083309472255 -0.048379400615394835 -0.049127613592638161 0.076028377091124949 0.05630966773155658 -0.054026449161842183 0.12867563482097485
leaf_weight=5846.5271852165461 95738.649830780923 526498.4041194953 46107.899390175939 212647.06941919029 77616.835676878691 52913.062055774033 67030.19107221812 68669.356980130076 78030.13043230027 748909.75156603754 86566.003943130374 286476.38157884032 34989.467808425426 9762.021617308259 174656.77477663755 894323.77640558779 267788.30332639813 6861.0838274806738 69830.225482791662 29078.47257386893 8443.9244390726089 14088.144623085856 10376.115219682455 189838.35046572983 51798.125650759786 11952.700529664755 11045.799817577004 27845.754051081836 3521.8614168129861 2188.2226450443268
leaf_count=82355 1237327 8926736 65975 365274 1241513 138775 217308 466830 124579 1001728 176358 427973 90454 17563 327600 1226407 365820 10738 186095 223314 11011 23751 22841 319410 855218 179634 64519 41951 55601 8281
internal_value=0.0314128 -0.0251823 0.048675 0.0186289 -0.0378106 -0.00670655 -0.0144298 0.0317095 0.0192114 0.0557406 0.0525737 0.0540854 0.0302605 -0.0315472 0.0303993 0.0555828 0.0502941 0.00536702 0.00207543 -0.0359332 0.00998249 0.00061609 0.0588721 0.0452847 -0.0474161 -0.0301267 0.0109827 0.0319065 -0.049846 0.0159888
internal_weight=4.17144e+06 974963 3.19648e+06 608569 794459 187454 172531 436038 223391 2.58791e+06 1.839e+06 1.75243e+06 103629 105501 180503 1.6488e+06 754479 145361 138500 106695 57521.5 49077.6 278164 476315 607005 74796.6 22998.5 80758.8 532208 5710.08
internal_count=18502939 12145497 6357442 2625714 11735542 1645553 1472198 1153516 788242 3731728 2730000 2553642 191191 1254890 409955 2362451 1136044 663663 652925 1464827 125216 114205 388661 747383 10089989 1099371 244153 180726 8990618 63882
is_linear=0
shrinkage=0.05


Tree=25
num_leaves=31
num_cat=0
split_feature=6 1 0 12 6 4 5 9 4 10 11 1 6 10 12 6 4 6 6 12 4 2 6 6 6 9 4 9 5 4
split_gain=1.51173e+06 263109 187573 132656 110690 63562.2 24987.1 24764.1 23978.4 23213.6 21785.3 21118.3 20941.1 22394.6 21792.7 15917.5 36193.6 15504.8 15007.7 21531.3 18405.1 14069.7 12717 11267.9 11202 11381.3 10747.7 10603.4 10599.5 10183.7
threshold=0.2834821428571429 0.52704678362573121 0.70320450748082342 23.500000000000004 0.14119601328903655 0.82408041603247095 0.42912946428571436 1.0000000180025095e-35 0.44347452395479253 1.0000000180025095e-35 6.5000000000000009 0.084219858156028407 0.90238095238095251 1.0000000180025095e-35 1.0000000180025095e-35 0.10762548262548265 1.0000000180025095e-35 0.90692640692640702 0.78759398496240618 1.0000000180025095e-35 0.94744415456745323 0.066964285714285726 0.16064516129032261 0.050641025641025648 0.55777777777777793 1.0000000180025095e-35 0.81711599808393987 1.0000000180025095e-35 0.70853559870550165 0.99222761596548015
decision_type=2 2 2 2 2 2 2 2 2 2 2 2 2 2 2 2 2 2 2 2 2 2 2 2 2 2 2 2 2 2
left_child=1 9 5 4 6 11 8 15 -3 -1 18 -2 13 14 -7 16 -5 27 19 20 -4 -13 -11 -18 25 28 -10 -12 -21 -22
right_child=2 3 10 7 -6 12 -8 -9 26 22 17 21 -14 -15 -16 -17 23 -19 -20 24 29 -23 -24 -25 -26 -27 -28 -29 -30 -31
leaf_value=-0.049074733105840568 0.015725922447241986 0.037142509736974014 0.053481780596738637 0.023802127873291286 0.028495053066688786 -0.034672908942850265 0.10083458885625235 0.048191038798770069 -0.049289459159618576 -0.0386896899823789 0.03927701543884074 -0.03266513428067451 0.050645657788597614 0.0429531441681534 0.0214873172697214 0.043683175119866635 -0.051937904409016133 0.064335899775735964 0.063242045976886624 0.052203521338653913 -0.00041540244897600947 0.015096751616356119 0.0028378577445427079 0.0098911674068231613 0.059432428848046018 0.059290211394842175 0.66590455329665188 0.0084756987423768807 0.035454773562905155 0.062185857082635125
leaf_weight=461854.46386916563 76846.918580144644 8463.4972601607442 46719.032026708126 106504.06931494921 78047.030003473163 19289.489381946623 2985.412806827575 98994.63244459033 171344.09521755949 38671.729617394507 126567.57613645494 61695.001223295927 129509.13260284066 126131.83025078475 165323.20250731707 43576.163137070835 25667.229687400162 49929.804537579417 631118.80427889526 230131.95933516324 40881.656267464161 20556.834214605391 35229.972411967814 10336.200069714338 823779.75581984222 233153.66595678031 52.546040043234825 35857.401814132929 160234.6160493046 7723.8618358820677
leaf_count=7873229 251615 29393 68341 210574 149786 112294 11466 279461 3018197 578578 210028 643916 198016 201565 590954 84448 432978 67704 867048 333424 96187 47138 200382 97370 1158430 329056 364 79534 270998 10465
internal_value=0.0306232 -0.0200183 0.0489723 0.00440909 -0.0213541 0.0239657 -0.042632 0.0279865 -0.0450134 -0.0449115 0.0552535 -0.00312036 0.0337541 0.0267142 0.0156193 0.017238 0.00915151 0.039968 0.0567468 0.0540894 0.0310723 -0.0207282 -0.0188929 -0.0341874 0.0556054 0.0505493 -0.0490702 0.0324772 0.0453286 0.00953251
internal_weight=4.06718e+06 1.08173e+06 2.98545e+06 545971 260893 599352 182846 285078 179860 535756 2.3861e+06 159099 440254 310745 184613 186084 142507 212355 2.17374e+06 1.54262e+06 95324.6 82251.8 73901.7 36003.4 1.4473e+06 623520 171397 162425 390367 48605.5
internal_count=18502939 12966226 5536713 4314037 3209206 2045498 3059420 1104831 3047954 8652189 3491215 942669 1102829 904813 703248 825370 740922 357266 3133949 2266901 174993 691054 778960 530348 2091908 933478 3018561 289562 604422 106652
is_linear=0
shrinkage=0.05


Tree=26
num_leaves=31
num_cat=0
split_feature=6 1 0 12 6 4 10 0 6 5 11 4 5 10 2 6 2 6 12 5 6 1 9 6 9 11 4 5 2 6
split_gain=1.39912e+06 248643 182500 121892 104086 58728.4 23128.3 22910.8 22486.3 65313.6 21915.9 21213.8 21429.6 16471.5 27584.3 15378.7 15344.9 15340.3 20906.4 17527.7 12129.8 11667.6 11537.2 12725 11333.6 11061.8 10272.9 10211.4 10034.7 15500.5
threshold=0.2834821428571429 0.52704678362573121 0.70320450748082342 23.500000000000004 0.17752100840336138 0.8659537305672772 1.0000000180025095e-35 0.3940582371122669 0.05634920634920635 0.091372912801484255 6.5000000000000009 0.44347452395479253 0.42912946428571436 1.0000000180025095e-35 0.26136363636363641 0.90692640692640702 0.066964285714285726 0.78759398496240618 1.0000000180025095e-35 0.86696165191740426 0.15075757575757578 0.32529069767441865 1.0000000180025095e-35 0.56385869565217395 1.0000000180025095e-35 3.5000000000000004 0.65559940333725975 0.70853559870550165 0.30952380952380959 0.10435571687840291
decision_type=2 2 2 2 2 2 2 2 2 2 2 2 2 2 2 2 2 2 2 2 2 2 2 2 2 2 2 2 2 2
left_child=1 6 5 4 11 7 28 -2 9 -5 17 -3 -13 14 25 -12 21 18 19 -4 -8 -9 23 27 -21 -7 -22 -20 -1 -30
right_child=2 3 10 8 -6 13 20 16 -10 -11 15 12 -14 -15 -16 -17 -18 -19 22 24 26 -23 -24 -25 -26 -27 -28 -29 29 -31
leaf_value=-0.050976031122699494 0.020803547910693998 0.036290652405526445 0.055029040451812561 0.030401421406336449 0.032114794220853705 0.03172044247700425 -0.039682488373756153 -0.027427907071802815 0.047766414713491447 -0.047003379505287442 0.031153389928786468 -0.047006954594909084 0.057533624245048369 0.048506464651044238 0.051059240828499247 0.063344652637342083 0.017741615051586074 0.062232312812279249 0.050757703103335119 -0.0032773658578773806 0.033098603478167378 0.039816978456083174 0.059869798619063067 0.056288461036705068 0.047323168992835868 0.0042836665383827457 -0.019929832596486535 0.034214821431405362 -0.041179319941674924 0.035961484522977392
leaf_weight=405207.54601629823 95546.424511373043 8622.0129451230168 40061.927273392677 161349.63718941808 67747.678788110614 59227.83951818198 34615.291780162603 84330.644488729537 88254.772397715598 32791.164564695209 160907.15528863668 171912.00630227849 5046.023340176791 140683.56169298291 78393.684069812298 48218.963330194354 32456.569168955088 609831.11140975356 226550.76352714002 38274.798712596297 15186.360979534686 6984.9532150477171 566320.34265559912 456220.29613316059 15566.882964149117 96741.821745738387 22912.820141218603 158577.47944507003 29172.106473855674 8383.4431636929512
leaf_count=7385378 256074 29575 58604 303303 120211 173810 555009 820183 237874 563654 289562 3043040 16380 212121 115934 67704 70798 867048 335790 91910 71617 19565 812266 671944 24479 377013 152334 271908 459277 28574
internal_value=0.0298498 -0.0196022 0.0476837 0.00425114 -0.02093 0.0229633 -0.0443924 0.00241039 0.0268403 0.0173274 0.0540155 -0.0402944 -0.0440259 0.0349821 0.0268637 0.0385758 -0.0117883 0.0555447 0.0528287 0.0299861 -0.018258 -0.0222842 0.0543525 0.0506387 0.0113524 0.0147025 0.00120734 0.0439461 -0.0486845 -0.0239593
internal_weight=3.9661e+06 1.0512e+06 2.9149e+06 535723 253328 594365 515478 219319 282396 194141 2.32053e+06 185580 176958 375047 234363 209126 123772 2.1114e+06 1.50157e+06 93903.6 72714.5 91315.6 1.40767e+06 841349 53841.7 155970 38099.2 385128 442763 37555.5
internal_count=18502939 12966226 5536713 4314037 3209206 2045498 8652189 1166620 1104831 866957 3491215 3088995 3059420 878878 666757 357266 910546 3133949 2266901 174993 778960 839748 2091908 1279642 116389 550823 223951 607698 7873229 487851
is_linear=0
shrinkage=0.05


Tree=27
num_leaves=31
num_cat=0
split_feature=6 0 4 6 6 0 0 11 2 6 0 2 6 9 2 7 12 6 12 5 12 1 6 12 12 4 5 0 9 5
split_gain=1.29756e+06 239422 226113 85450.1 82069.5 66900.7 37297.8 28020.2 22154.8 21437.1 19988.8 20846.5 17754.9 16130.2 12867.1 12725.3 11919.4 11317.2 11223.1 11162.2 10492.1 20371.8 28245.7 9774.01 9602.07 10210.9 9276.46 13231 9268.43 9208.52
threshold=0.21807065217391305 0.6344958951866847 1.0000000180025095e-35 0.12060606060606062 0.56385869565217395 0.69754165587498929 0.39635934833703595 4.5000000000000009 0.080128205128205135 0.88562091503267981 0.43167347949956653 0.066964285714285726 0.56385869565217395 1.0000000180025095e-35 0.30952380952380959 1.0000000180025095e-35 1.0000000180025095e-35 0.55777777777777793 47.500000000000007 0.89893315174214061 43.500000000000007 0.61620294599018022 0.048809523809523817 45.500000000000007 37.500000000000007 0.81711599808393987 0.44274004683840756 0.79492963177173703 1.0000000180025095e-35 0.61170759565962318
decision_type=2 2 2 2 2 2 2 2 2 2 2 2 2 2 2 2 2 2 2 2 2 2 2 2 2 2 2 2 2 2
left_child=2 4 14 20 6 18 24 12 -8 15 -6 -12 13 -3 -1 16 19 29 -5 -9 26 -22 -23 -7 25 -2 -4 -28 -16 -18
right_child=1 7 3 5 10 23 8 9 -10 -11 11 -13 -14 -15 28 -17 17 -19 -20 -21 21 22 -24 -25 -26 -27 27 -29 -30 -31
leaf_value=-0.050622703024547383 -0.0049393445954909179 0.041424111041598009 -0.049740133123582823 -0.040366095856446557 0.042622261009586541 0.015772507899863626 -0.033485421856545655 0.033910080477730219 0.023874275550634767 0.061838235874909157 0.0046616810454085536 0.043900969493780653 0.05709651753910791 0.057305826967806645 0.020867474309752772 0.070097905792715673 0.034829148512642412 0.03988760597245513 0.010544163842896474 -0.049193208668841547 -0.047244979168262334 -0.048154109152054932 0.063565165272610288 0.053251266832335442 0.048642192737856436 0.031508511431143853 -0.053493282093581784 0.10192851951081205 0.045475060538702802 0.00036227506623803026
leaf_weight=5206.4364896342158 52311.10001879558 432560.0993363969 463607.47186715156 84761.597975097597 183406.95595443249 52441.464580629021 111065.79508344457 7064.734445206821 19841.650070294738 71411.90432703495 99267.74576869607 51360.640195250511 1413625.8045990318 253614.24182209373 113460.77720651031 18805.395977258682 34866.61081469059 125239.03522087634 12410.364359069616 9439.6071476042271 45672.751148410141 10737.320639126003 11959.023998357356 26030.459469400346 18115.23067112267 30373.225208368152 3094.4252325296402 2456.2833869382739 57738.294331967831 43625.937249988317
leaf_count=82355 237874 720902 8926736 1342068 315861 141960 1372735 13013 50323 103194 391664 82082 2138227 380016 235599 24388 75530 207389 120575 31304 855218 179634 64519 40950 40677 69342 55601 8281 92001 102921
internal_value=0.0291113 0.0449494 -0.0238736 -0.0364107 0.0156771 -0.00613371 -0.00718831 0.0518203 -0.0247914 0.0377998 0.0315378 0.0180413 0.0538933 0.0472941 0.0268117 0.0306185 0.0272474 0.0305582 -0.0338641 -0.0136206 -0.0463041 -0.028005 0.0107124 0.0282048 0.0156727 0.0084494 -0.0489708 0.0152835 0.0291666 0.0156726
internal_weight=3.86557e+06 2.976e+06 889577 713171 565742 175644 231707 2.41025e+06 130907 310453 334035 150628 2.0998e+06 686174 176406 239041 220236 203732 97172 16504.3 537527 68369.1 22696.3 78471.9 100800 82684.3 469158 5550.71 171199 78492.5
internal_count=18502939 6357442 12145497 11735542 2560558 1645553 1770951 3796884 1423058 557739 789607 473746 3239145 1100918 409955 454545 430157 385840 1462643 44317 10089989 1099371 244153 182910 347893 307216 8990618 63882 327600 178451
is_linear=0
shrinkage=0.05


Tree=28
num_leaves=31
num_cat=0
split_feature=6 1 0 12 5 4 10 6 11 12 9 10 4 6 12 5 6 4 6 4 6 6 2 6 4 9 5 1 2 6
split_gain=1.20335e+06 223569 171740 104360 93155.3 53253.4 23454.9 22287.2 27504.7 22997.8 22144.6 19199.9 18772.8 16325.5 20190.6 17094.4 14536.9 15354.2 12717.6 17640.3 23897.3 12178.8 12156.2 11142.8 11099 10696.1 11277.9 10481.8 10078.1 14032.1
threshold=0.2834821428571429 0.52704678362573121 0.72279980368215668 22.500000000000004 0.34161778326644032 0.8659537305672772 1.0000000180025095e-35 0.79057017543859665 8.5000000000000018 1.0000000180025095e-35 1.0000000180025095e-35 1.0000000180025095e-35 0.94744415456745323 0.90238095238095251 1.0000000180025095e-35 0.86219390304847587 0.14119601328903655 0.44347452395479253 0.17752100840336138 1.0000000180025095e-35 0.050641025641025648 0.56385869565217395 0.26136363636363641 0.15075757575757578 0.99222761596548015 1.0000000180025095e-35 0.69592735277930662 0.32529069767441865 0.30952380952380959 0.10435571687840291
decision_type=2 2 2 2 2 2 2 2 2 2 2 2 2 2 2 2 2 2 2 2 2 2 2 2 2 2 2 2 2 2
left_child=1 6 5 4 16 11 28 8 9 12 18 22 -4 14 15 -7 17 -3 19 -5 -21 25 27 -8 -14 26 -11 -2 -1 -30
right_child=2 3 7 10 -6 13 23 -9 -10 21 -12 -13 24 -15 -16 -17 -18 -19 -20 20 -22 -23 -24 -25 -26 -27 -28 -29 29 -31
leaf_value=-0.050509397033938988 -0.025869369528912507 0.027964886856554516 0.049343435870120606 0.020636039753069952 0.02746678562392367 0.043272569323419496 -0.038325537540492643 0.059750803835019906 0.017921449032313831 0.048893839769416192 0.043896226017537045 0.01876618166071593 -0.0055331581627771631 0.047389122510608027 0.030488862306823711 -0.041528043100109338 0.0078823415183520689 -0.04930770074007839 0.046568771389829809 -0.051379936140272808 0.016973035818235224 0.055816994042070613 0.01747840849534046 0.0017456404994363344 0.06056043052626945 0.055243661063205197 0.031687278234756415 0.024748116764610077 -0.040080464203212512 0.033859225877888109
leaf_weight=372267.77724057063 83156.180056251585 6730.7259338051081 45189.112108677626 105991.92211986333 70357.167487222701 8669.5099400952458 32170.106675181538 630327.96475100517 69786.503503188491 217754.1086640507 96973.784205809236 96361.808899894357 41325.658148899674 129170.0087749809 224215.81676071882 18895.711725950241 13746.891525968909 143223.78612799197 26262.874993339181 24071.647383797914 27277.066297505051 776473.16640131176 28736.778497606516 37655.902987681329 7505.5293562859297 216667.45350548625 169249.83451908827 11661.903930231929 27278.035556457937 8390.277074277401
leaf_count=7385378 863499 26390 71526 211666 222586 23114 555009 962416 140777 334061 288834 224315 100464 206206 572208 101829 33124 2880332 40586 462735 147784 1199198 57330 223951 10829 338611 299299 31031 459277 28574
internal_value=0.0283913 -0.0188626 0.0452893 0.00400336 -0.0206485 0.0216284 -0.0434933 0.0518281 0.0485936 0.0500456 0.0245681 0.00203727 0.0261184 0.0329381 0.0255243 -0.0148575 -0.041328 -0.0458393 0.0143595 0.00898324 -0.01507 0.0516756 -0.0110098 -0.0167159 0.00462566 0.0463487 0.0413688 -0.0196438 -0.0480768 -0.0226876
internal_weight=3.76755e+06 992398 2.77515e+06 514636 234059 600868 477762 2.17428e+06 1.54395e+06 1.47416e+06 280577 219917 94020.3 380951 251781 27565.2 163701 149955 183604 157341 51348.7 1.38014e+06 123555 69826 48831.2 603671 387004 94818.1 407936 35668.3
internal_count=18502939 12966226 5536713 4314037 3162432 2079532 8652189 3457181 2494765 2353988 1151605 1176175 182819 903357 697151 124943 2939846 2906722 862771 822185 610519 2171169 951860 778960 111293 971971 633360 894530 7873229 487851
is_linear=0
shrinkage=0.05


Tree=29
num_leaves=31
num_cat=0
split_feature=6 1 0 6 4 6 6 12 6 11 0 6 12 5 7 12 6 9 4 9 6 5 2 1 9 9 9 4 12 6
split_gain=1.11554e+06 240181 137250 85227.5 155723 36913.3 29614.1 29022.3 27757.7 22221.2 22213 15667.3 21144.8 16497.9 14658.7 14629.7 14016.6 12304.3 11949.2 11837.8 11977 11618.4 11546.6 14285.7 10731.4 9541.33 8759.5 8739.27 8717.93 10288.7
threshold=0.32305502846299816 0.57979626485568769 0.72279980368215668 0.10435571687840291 0.44347452395479253 0.71714285714285719 0.15075757575757578 42.500000000000007 0.048809523809523817 6.5000000000000009 0.38546586819613143 0.78759398496240618 1.0000000180025095e-35 0.86696165191740426 1.0000000180025095e-35 34.500000000000007 0.90692640692640702 1.0000000180025095e-35 0.73449661031740543 1.0000000180025095e-35 0.61721611721611735 0.73363914373088701 0.07417582417582419 0.33712121212121221 1.0000000180025095e-35 1.0000000180025095e-35 1.0000000180025095e-35 0.99222761596548015 35.500000000000007 0.17752100840336138
decision_type=2 2 2 2 2 2 2 2 2 2 2 2 2 2 2 2 2 2 2 2 2 2 2 2 2 2 2 2 2 2
left_child=1 6 5 4 -3 10 -1 -8 -6 11 -2 12 13 -4 22 18 26 28 -10 20 21 -14 23 -12 27 -17 -11 -15 29 -5
right_child=2 3 9 17 8 -7 7 -9 15 16 14 -13 19 24 -16 25 -18 -19 -20 -21 -22 -23 -24 -25 -26 -27 -28 -29 -30 -31
leaf_value=-0.049074953403978688 0.030123003227835 0.027012925442319025 0.05194592420645866 -0.018968159116676306 -0.050813579790372758 0.036996991644101168 -0.031968935092646214 0.028464264712971546 -0.031938783861320243 0.033847544006050001 -0.015025287618768113 0.059665713167302195 0.048454380544241088 -0.015198078293656162 0.048329499974256424 0.010873604410854561 0.060914861197764958 0.050328128318859772 0.12187952205963215 0.057264728049062588 0.054351372259082792 0.031398011915237556 0.016866859354727523 0.047868841728287884 0.044259937110921285 0.10542230221440699 0.0044840125232171475 0.058709114947355673 0.045130425474200091 0.024194823112936671
leaf_weight=350060.78575273603 103923.07555454224 164729.50125754997 36089.947909891605 17269.94678542763 139282.27931203321 258839.19134116173 129861.67858296633 23454.616805016994 23188.698586657643 113736.16422532499 121009.0919791162 546675.67091815174 250936.32934509218 32918.657231613994 15539.49686280638 7503.0728069245815 39314.861528590322 70813.006133336574 1335.2938488945365 498644.65060552955 336351.65476000309 165817.72264029086 55612.229662634432 9756.5786783546209 14644.055882766843 4140.9725517034531 32700.4763032794 4553.0556313097477 35005.988935366273 68837.76073436439
leaf_count=7152509 236327 333606 56966 143507 2902354 488124 1722994 155701 442897 198471 920647 862680 395941 84721 56693 59878 61425 137774 6552 786695 537264 301210 117845 19110 24479 21749 73528 6734 64428 130130
internal_value=0.0276854 -0.0162908 0.0449533 0.00713075 -0.00789977 0.0231009 -0.041049 -0.0227237 -0.0406791 0.0509076 0.0113403 0.0525322 0.0496219 0.0259606 0.00167326 -0.00165167 0.0344071 0.0337715 -0.0235636 0.0512892 0.0473326 0.041668 -0.00221677 -0.0103327 0.00796593 0.044498 0.0272904 -0.00621788 0.0240912 0.015538
internal_weight=3.67255e+06 1.03548e+06 2.63706e+06 532107 340180 564680 503377 153316 175450 2.07238e+06 305840 1.88663e+06 1.33996e+06 88205.7 201917 36168 185752 191927 24524 1.25175e+06 753106 416754 186378 130766 52115.8 11644 146437 37471.7 121114 86107.7
internal_count=18502939 13274079 5228860 4242875 3767036 1838746 9031204 1878695 3433430 3390114 1350622 3056690 2194010 172900 1114295 531076 333424 475839 449449 2021110 1234415 697151 1057602 939757 115934 81627 271999 91455 338065 273637
is_linear=0
shrinkage=0.05


Tree=30
num_leaves=31
num_cat=0
split_feature=6 0 4 4 6 0 6 12 6 10 2 11 9 0 6 12 4 11 10 12 1 6 11 2 0 6 5 0 8 5
split_gain=1.03475e+06 216057 190927 74211.5 69918 51556.1 26991.3 25018.7 20603.6 19644.6 28062.7 19556.7 16844.6 12159 11864.2 42080.4 25704.9 11907.2 10755.8 10647.1 18079 21910.6 10589.9 10290.2 9593.21 8937.71 8896.59 10654 8720.1 8617.62
threshold=0.21132376395534294 0.70320450748082342 1.0000000180025095e-35 0.82142483952828793 0.12060606060606062 0.69754165587498929 0.56385869565217395 32.500000000000007 0.39642857142857152 1.0000000180025095e-35 0.26136363636363641 4.5000000000000009 1.0000000180025095e-35 0.62609461688409074 0.8973684210526317 1.0000000180025095e-35 0.94744415456745323 8.5000000000000018 1.0000000180025095e-35 43.500000000000007 0.61620294599018022 0.048809523809523817 21.500000000000004 0.30952380952380959 1.0000000180025095e-35 0.87867647058823539 0.44274004683840756 0.79492963177173703 1.0000000180025095e-35 0.62805605247465723
decision_type=2 2 2 2 2 2 2 2 2 2 2 2 2 2 2 2 2 2 2 2 2 2 2 2 2 2 2 2 2 2
left_child=2 3 23 7 19 18 11 8 -2 10 13 12 -3 -5 15 16 -8 -17 -6 26 -21 -22 -11 -1 -24 -12 -4 -28 -25 -13
right_child=1 6 4 9 5 -7 14 -9 -10 22 25 29 -14 -15 -16 17 -18 -19 -20 20 21 -23 24 28 -26 -27 27 -29 -30 -31
leaf_value=-0.049829661509056551 -0.033967047249308026 0.037745214179969233 -0.048929206806329978 0.0020525632620237554 -0.044679309421065558 0.024537994973064855 0.052017447815360586 0.028924200350726494 0.0013279137471137049 0.045086657252924989 0.029880300347714495 0.035581946311499975 0.054749040740481786 0.034838941579640514 0.06058185787049343 0.054470859982651387 -0.0041437558819877214 0.028952609302158677 -0.0056848780026607657 -0.046063219083219191 -0.047158081981752475 0.052600453192918208 0.048466618799634577 -0.096764740918092645 -0.038188214280259168 0.063411220078507358 -0.053023256620627138 0.088819755968185143 0.026850382301021221 0.0017489303052403385
leaf_weight=4623.2017404772341 88374.711412683129 402176.97936144471 407875.01652961224 149005.16828075051 59443.602531451732 71746.581571616232 32596.546387851238 35251.97729261592 77703.930230714381 147940.88572885841 49498.881248101592 34362.432732030749 228344.73349994421 34901.913134746253 376006.50761565566 929077.37028779089 54338.205078929663 48079.343435063958 25172.281428180635 40191.303856614977 9619.2882951945066 12866.489993952215 5506.2002860754728 1439.018808811903 7605.4104801565409 33205.295085057616 2709.4142758995295 2588.6932561919093 166009.41581358016 41614.306823149323
leaf_count=82355 1035398 692055 8926736 699335 1189097 174083 52780 187824 400309 237692 89180 59787 372099 74165 607243 1529801 133315 86814 211666 855218 179634 64519 8372 7189 22659 45955 55601 8281 320411 93366
internal_value=0.0269984 0.0414689 -0.0229392 0.0156981 -0.0356485 -0.00664151 0.0490202 -0.00933295 -0.0174534 0.0274819 0.019153 0.0410155 0.0439032 0.00827477 0.0529473 0.0502495 0.0169141 0.0532153 -0.0330789 -0.04518 -0.0259774 0.00992432 0.0412697 0.0237564 -0.00179765 0.0433428 -0.048093 0.0162823 0.0257881 0.0170508
internal_weight=3.57988e+06 2.77559e+06 804284 628994 632213 156362 2.1466e+06 201331 166079 427664 266611 706498 630522 183907 1.4401e+06 1.06409e+06 86934.8 977157 84615.9 475850 62677.1 22485.8 161052 172072 13111.6 82704.2 413173 5298.11 167448 75976.7
internal_count=18502939 6428149 12074790 2800889 11664835 1574846 3627260 1623531 1435707 1177358 908635 1217307 1064154 773500 2409953 1802710 186095 1616615 1400763 10089989 1099371 244153 268723 409955 31031 135135 8990618 63882 327600 153153
is_linear=0
shrinkage=0.05


Tree=31
num_leaves=31
num_cat=0
split_feature=6 1 0 12 5 6 6 12 11 1 6 5 6 12 5 2 11 6 4 6 9 6 5 11 11 9 1 9 2 2
split_gain=961885 213308 131235 72956.5 100264 34146.9 28962 24550.1 22633.4 21671.3 19752.9 48520.4 16265.6 19774.7 14634 13954 16524.9 13770 14333.2 13373.7 12507.9 12068.3 11267.5 11251.1 12532.2 9954.56 9815.54 8710.17 9006.1 13962.6
threshold=0.32305502846299816 0.52704678362573121 0.73320234348314062 22.500000000000004 0.34161778326644032 0.82480818414322254 0.15075757575757578 43.500000000000007 6.5000000000000009 0.080540540540540509 0.05634920634920635 0.091372912801484255 0.78759398496240618 1.0000000180025095e-35 0.86696165191740426 0.26136363636363641 3.5000000000000004 0.098387096774193564 0.44347452395479253 0.90692640692640702 1.0000000180025095e-35 0.61721611721611735 0.73363914373088701 18.500000000000004 13.500000000000002 1.0000000180025095e-35 0.32200460829493094 1.0000000180025095e-35 0.88194444444444453 0.63068181818181823
decision_type=2 2 2 2 2 2 2 2 2 2 2 2 2 2 2 2 2 2 2 2 2 2 2 2 2 2 2 2 2 2
left_child=1 6 5 4 17 9 -1 -8 12 23 11 -5 13 14 -4 16 -11 18 -3 27 21 22 -15 24 -2 -16 -18 -10 29 -29
right_child=2 3 8 10 -6 -7 7 -9 19 15 -12 -13 -14 20 25 -17 26 -19 -20 -21 -22 -23 -24 -25 -26 -27 -28 28 -30 -31
leaf_value=-0.049091434363256387 0.019399027706836797 0.025089918764880106 0.049780366918482796 0.024744179578956041 0.02672160349085842 0.039817937365030198 -0.030608117291188487 0.02750148863210591 0.03157392559222099 0.016283247948455641 0.041557411972060553 -0.045630227033124492 0.058182487263418937 0.046199007504278994 -0.0060150020287248482 0.022891632607627235 -0.022787526282211583 -0.005144983860303055 -0.050583729643962787 0.059542006665844797 0.055644533697581794 0.052422549698878787 0.029040191563886281 0.00056526471723525545 0.050596120870668206 0.043158026214698247 0.023465370680059393 0.029053485032519928 0.078287727078991731 -0.041618468724220564
leaf_weight=313413.5875129886 69898.785143636167 6612.4586151689291 34102.256838336587 157232.16545229033 92245.309528328478 175272.91749341786 123270.97787981108 21319.468775432557 108765.71620167792 59778.713600553572 97527.565467040986 29011.870883170515 506278.4218018651 238682.22168453038 37297.024850934744 64615.065082550049 88902.651342026889 24033.135902419686 116537.47452332824 34708.942080020905 464721.79212929308 314566.20701992512 159679.964809075 31774.008418545127 59673.220537386835 14214.798465237021 13169.480670981109 13450.068221718073 3419.4605086296797 14548.831709504128
leaf_count=7023926 207480 26390 56875 305487 265993 312312 1727453 143052 194467 290563 265174 600418 860223 394758 91364 124215 706251 218036 2698150 58513 784511 536445 300300 84812 99008 24388 30576 24934 3731 43134
internal_value=0.0263357 -0.0156345 0.0427588 0.00617747 -0.0141491 0.0215027 -0.0405514 -0.02204 0.0489143 0.0132251 0.0233278 0.0137817 0.0506102 0.0475755 0.0243741 0.00324857 -0.00459345 -0.0397644 -0.0465205 0.0317553 0.0492622 0.0451018 0.039321 0.0272282 0.0337666 0.0075544 -0.0168199 0.0248754 0.00168605 -0.00766918
internal_weight=3.48872e+06 981204 2.50752e+06 523200 239428 563085 458004 144590 1.94444e+06 387812 283772 186244 1.76954e+06 1.26326e+06 85614.1 226466 161851 147183 123150 174893 1.17765e+06 712928 398362 161346 129572 51511.8 102072 140184 31418.4 27998.9
internal_count=18502939 13274079 5228860 4379648 3208569 1855217 8894431 1870505 3373643 1542905 1171079 905905 3048864 2188641 172627 1151605 1027390 2942576 2724540 324779 2016014 1231503 695058 391300 306488 115752 736827 266266 71799 68068
is_linear=0
shrinkage=0.05


Tree=32
num_leaves=31
num_cat=0
split_feature=6 0 0 6 4 6 10 6 6 11 12 10 4 7 2 2 6 9 6 11 0 11 9 9 5 12 4 6 2 9
split_gain=892203 200989 128403 70568.3 131317 31664.5 28397.3 26591 23021.6 26567.4 20560.8 19717 15468.9 14452.5 13272.2 12430.8 12800.9 12366 13381.8 11709.8 13990.2 11275.8 11090.2 11059.4 10969.3 10476.4 9606.74 8764.06 8584.28 13328.4
threshold=0.32305502846299816 0.75471406612710978 0.73320234348314062 0.10435571687840291 0.44347452395479253 0.82480818414322254 1.0000000180025095e-35 0.048809523809523817 0.82480818414322254 6.5000000000000009 1.0000000180025095e-35 1.0000000180025095e-35 0.94744415456745323 1.0000000180025095e-35 0.26136363636363641 0.30952380952380959 0.10435571687840291 1.0000000180025095e-35 0.61721611721611735 21.500000000000004 1.0000000180025095e-35 3.5000000000000004 1.0000000180025095e-35 1.0000000180025095e-35 0.69592735277930662 28.500000000000004 0.73449661031740543 0.13100686498855837 0.080128205128205135 1.0000000180025095e-35
decision_type=2 2 2 2 2 2 2 2 2 2 2 2 2 2 2 2 2 2 2 2 2 2 2 2 2 2 2 2 2 2
left_child=1 6 5 4 -3 11 15 -6 9 10 12 13 -4 14 21 -1 -17 18 24 -13 -21 -2 26 -5 -12 -8 -9 -27 29 -7
right_child=2 3 8 23 7 28 25 22 -10 -11 17 19 -14 -15 -16 16 -18 -19 -20 20 -22 -23 -24 -25 -26 27 -28 -29 -30 -31
leaf_value=-0.049217705707707213 0.0093862479067682164 0.023570316131138028 0.046425760773304695 0.020838953854061662 -0.050173983349953669 0.035198094013392037 -0.029554732914096972 -0.024436930832946416 0.057520872267271678 0.022713098836730936 0.046701046522225266 0.03193075964232326 0.0043789114564143318 0.046442307088180132 0.019569482553900897 -0.038602938934770285 0.028305666539914127 0.05484316417922739 0.051773409150686171 0.047396711501337112 -0.049309756444369267 -0.018209487174052949 0.045801077099614645 0.045892713556248133 0.029928564318432296 -0.033030224191973614 0.11128704348343742 0.022896242744263245 0.055595414226067189 -0.037123400245176984
leaf_weight=325487.04448665306 60082.179652489722 163349.5046447292 40239.918600618839 121464.89750241861 129708.84565130621 114717.34604246914 42538.129601866007 26497.867130432278 469848.60849715769 124737.17330980301 191751.38661129773 131457.04128314555 47927.474096626043 18291.290392681956 62956.778566524386 21947.380747471005 10601.577281814069 476613.64324295521 337365.15811401606 5953.0494810938835 10059.338441178203 96426.893485348672 9105.1790907606483 69110.150096535683 198286.43342298269 9692.3139013834298 1371.2454105652869 25265.352654971182 51177.636466294527 6745.2483626306057
leaf_count=7484477 325234 348803 70525 356720 3087175 211029 505960 458367 825916 240877 320775 249704 110565 63245 124306 424151 32032 835016 595686 10192 35217 735007 108017 144235 374283 212667 6370 105105 80080 21203
internal_value=0.0256823 -0.0152683 0.0416987 0.00569939 -0.0082892 0.0206248 -0.0403317 -0.0395115 0.0479297 0.0447493 0.0468765 0.0126503 0.0235692 0.00374156 0.000182687 -0.0462715 -0.01681 0.0485832 0.0444815 0.0270134 -0.0133564 -0.00761578 -0.00210681 0.0299245 0.0381743 -0.0128892 -0.0177589 0.00739015 0.038419 0.0311818
internal_weight=3.40078e+06 956139 2.44464e+06 520608 330033 557867 435532 166683 1.88677e+06 1.41692e+06 1.29218e+06 385227 88167.4 237757 219466 358036 32549 1.20402e+06 727403 147469 16012.4 156509 36974.3 190575 390038 77495.8 27869.1 34957.7 172640 121463
internal_count=18502939 13274079 5228860 4509687 4008732 1855217 8764392 3659929 3373643 2547727 2306850 1542905 181090 1247792 1184547 7940660 456183 2125760 1290744 295113 45409 1060241 572754 500955 695058 823732 464737 317772 312312 232232
is_linear=0
shrinkage=0.05


Tree=33
num_leaves=31
num_cat=0
split_feature=6 0 4 6 4 2 6 12 11 10 2 9 6 6 12 4 11 0 10 1 6 4 12 11 9 2 12 0 7 5
split_gain=828929 191128 158716 62193.6 60346.7 43193.5 28543.4 21816.8 18668.8 17339.9 24102 17103.7 16178.5 12697.7 40045.7 22712.7 12051.1 11020.3 10153.5 9985.12 38117 16168.2 15375.8 9504.8 9387.77 9597.86 9056.8 9039.3 8903.02 8825.72
threshold=0.21132376395534294 0.70320450748082342 1.0000000180025095e-35 0.11583184257602865 0.82142483952828793 0.30952380952380959 0.56385869565217395 27.500000000000004 4.5000000000000009 1.0000000180025095e-35 0.26136363636363641 1.0000000180025095e-35 0.39642857142857152 0.8973684210526317 1.0000000180025095e-35 0.94744415456745323 8.5000000000000018 0.59606410746116645 1.0000000180025095e-35 0.4807407407407408 0.05634920634920635 0.81068356246927686 34.500000000000007 22.500000000000004 1.0000000180025095e-35 0.47222222222222227 45.500000000000007 1.0000000180025095e-35 1.0000000180025095e-35 0.70853559870550165
decision_type=2 2 2 2 2 2 2 2 2 2 2 2 2 2 2 2 2 2 2 2 2 2 2 2 2 2 2 2 2 2
left_child=2 4 24 19 7 18 8 12 11 10 17 28 -2 14 15 -8 -16 -6 -5 -4 -21 22 -22 -11 25 -1 -7 -25 29 -3
right_child=1 6 3 5 9 26 13 -9 -10 23 -12 -13 -14 -15 16 -17 -18 -19 -20 20 21 -23 -24 27 -26 -27 -28 -29 -30 -31
leaf_value=-0.03921925432923079 -0.034175281827899598 0.038548786692939534 -0.050844086361163936 -0.04371965011311052 -0.00069738946463485194 0.0089614303557138311 0.049206880066107017 0.021529140535517501 0.013896020078139735 0.041499231422455832 0.040120078992349546 0.052088595258245031 -0.0013574807657024098 0.058680509443295552 0.051884069437696634 -0.0050423300412840155 0.025768058481283992 0.026769225551324882 -0.0055817502104547889 -0.048285483480213803 -0.021526101670486589 0.1591299665537925 0.044746170401584261 0.042667429678956023 0.038042409228924892 0.01688190530150465 0.046976314547118141 -0.049965952750469222 0.06496475355261648 0.022422815536632751
leaf_weight=8219.2496239989996 76687.95604249835 219656.60930188 243346.02670446038 56681.402335733175 131441.57096974552 49132.830639038235 30055.447561740875 45155.215494271368 74146.647634863853 142736.38615568727 78225.408471673727 206948.25641305745 73592.813936553895 334950.96977040172 841180.42540346086 53885.757779940963 46620.794886142015 50569.174868032336 25215.695963330567 131312.92067197338 26463.341442961246 1671.9599002078176 13077.109670601785 4857.6210187375546 54652.861033719033 105231.88736666739 23003.175526633859 5751.9158749878407 22179.761534273624 138249.32825388014
leaf_count=95641 975247 390936 6140225 1280552 643552 144053 52780 260897 153153 242333 135135 372099 387387 607243 1529801 133315 86814 129948 231322 3222037 531713 3003 69979 7917 103558 210756 41951 18473 30121 270998
internal_value=0.0250459 0.0384265 -0.021675 -0.0342682 0.013949 -0.00712791 0.0460018 -0.00894707 0.0375364 0.0247684 0.0169094 0.0405223 -0.0181043 0.0502853 0.0473916 0.0143818 0.0505126 0.00693383 -0.0319772 -0.0443206 -0.0351192 0.00683185 0.000391953 0.0381054 0.0210185 0.0128175 0.0210839 -0.00755337 0.0342247 0.0323198
internal_weight=3.3149e+06 2.57689e+06 738008 569904 609018 154033 1.96787e+06 195436 661181 413582 260236 587034 150281 1.30669e+06 971742 83941.2 887801 182011 81897.1 415871 172525 41212.4 39540.5 153346 168104 113451 72136 10609.5 380086 357906
internal_count=18502939 6428149 12074790 11664835 2800889 1697878 3627260 1623531 1217307 1177358 908635 1064154 1362634 2409953 1802710 186095 1616615 773500 1511874 9966957 3826732 604695 601692 268723 409955 306397 186004 26390 692055 661934
is_linear=0
shrinkage=0.05


Tree=34
num_leaves=31
num_cat=0
split_feature=6 0 0 12 5 6 10 6 11 9 12 9 4 0 6 5 6 6 7 2 6 5 12 5 6 4 6 2 7 9
split_gain=770494 178272 121932 60274.2 85069.9 29722.3 27989.1 23425.1 25982.4 19558.8 21301.7 17348.1 16185.2 15968.3 15775.9 13621 13375.1 12994.1 12691.9 12319.6 11299.4 10699.2 9459.56 9022.99 16975.4 8719.91 16449.9 8642.43 7663.52 8533.2
threshold=0.32305502846299816 0.75471406612710978 0.74363155363155375 24.500000000000004 0.34839972761321081 0.71714285714285719 1.0000000180025095e-35 0.82480818414322254 6.5000000000000009 1.0000000180025095e-35 1.0000000180025095e-35 1.0000000180025095e-35 0.44347452395479253 0.38546586819613143 0.098387096774193564 0.86696165191740426 0.61721611721611735 0.17752100840336138 1.0000000180025095e-35 0.30952380952380959 0.10435571687840291 0.73363914373088701 48.500000000000007 0.82063376874697636 0.55777777777777793 1.0000000180025095e-35 0.050641025641025648 0.07417582417582419 1.0000000180025095e-35 1.0000000180025095e-35
decision_type=2 2 2 2 2 2 2 2 2 2 2 2 2 2 2 2 2 2 2 2 2 2 2 2 2 2 2 2 2 2
left_child=1 6 5 4 12 13 19 8 9 10 15 17 -3 -2 -14 -4 21 25 23 -1 -21 -12 -8 24 27 -5 -27 -15 29 -10
right_child=2 3 7 11 -6 -7 22 -9 28 -11 16 -13 14 18 -16 -17 -18 -19 -20 20 -22 -23 -24 -25 -26 26 -28 -29 -30 -31
leaf_value=-0.048702988090862591 0.025271667441253212 0.023835618907544504 0.043886590827847481 0.014188482195674458 0.024896316994211454 0.032069980849581819 -0.02026226811223443 0.056238989002350949 0.024671990990803548 0.053011129696778563 0.043063937996760185 0.039179523238450503 -0.049809962898517988 -0.01842944963451483 -0.0069128557973620851 -0.0067719539262935452 0.050063614081423791 0.04237055487896025 0.042983351243145389 -0.037285123401534892 0.026327827212992996 0.025827209367896144 0.025333691317457042 -0.023254727164333498 0.026416216905494144 -0.050099807772060627 0.012638351989992982 0.014772554025731225 0.068161678735176007 -0.0084220221469715559
leaf_weight=298901.88311156631 99893.483125291765 10241.580516327173 20422.762948900461 100483.9071825929 90781.663935463876 250520.97531268001 61389.920457098633 431971.89375182986 86094.284154579043 470287.68127222359 221386.07454064488 91916.021455381066 108725.12758166343 70331.553566299379 26695.196095157415 37882.314641937613 313555.62295085192 29800.423068493605 16507.129549279809 20509.606394216418 10582.855502765626 151732.6986310184 13962.309224937111 41760.915690824389 51031.153647482395 17490.109680462629 25950.006137404591 27171.641499392688 7895.7438761889935 25173.840956062078
leaf_count=7484477 236327 35308 37219 211757 259532 504231 708071 820001 163345 881699 393757 283192 2855944 646282 239694 93639 592319 50505 58149 424151 32032 299299 115661 209755 161070 431704 142051 60606 9737 61425
internal_value=0.0244275 -0.0146438 0.0396859 0.00526889 -0.0130936 0.0192929 -0.0393088 0.0461189 0.0428429 0.0450276 0.0399878 0.0216131 -0.0367702 0.00885614 -0.0413537 0.0109724 0.0424514 0.0123189 0.000926806 -0.0455871 -0.0156334 0.0360544 -0.0118136 -0.00272138 0.00305164 0.00609647 -0.0126216 -0.0091769 0.0205624 0.0171846
internal_weight=3.23105e+06 907431 2.32362e+06 502084 236444 557217 405347 1.7664e+06 1.33443e+06 1.21527e+06 744979 265640 145662 306696 135420 58305.1 686674 173724 206802 329994 31092.5 373119 75352.2 190295 148534 143924 43440.1 97503.2 119164 111268
internal_count=18502939 13274079 5228860 4509687 3390478 1876420 8764392 3352440 2532439 2297932 1416233 1119209 3130946 1372189 3095638 130858 1285375 836017 1135862 7940660 456183 693056 823732 1077713 867958 785512 573755 706888 234507 224770
is_linear=0
shrinkage=0.05


Tree=35
num_leaves=31
num_cat=0
split_feature=6 0 4 4 6 0 6 11 9 10 0 2 12 6 7 9 5 2 12 12 2 2 11 12 4 4 8 1 4 6
split_gain=715274 188975 152393 52600.6 39719.6 37202.2 31932 32311 25885.6 24120.6 20421.6 19894.3 18406.9 19314.9 12523.7 12505.5 12176.4 12099.3 10832.4 10245.3 9593.58 9366.58 8868.63 8612.78 8428.94 8288.68 8162.86 8088.38 8005.97 7858.76
threshold=0.19677419354838713 0.65582121825542894 1.0000000180025095e-35 0.82661732769978669 0.10762548262548265 0.69754165587498929 0.79057017543859665 4.5000000000000009 1.0000000180025095e-35 1.0000000180025095e-35 0.43814559623383159 0.26136363636363641 1.0000000180025095e-35 0.44722222222222224 1.0000000180025095e-35 1.0000000180025095e-35 0.85770528683914526 0.23611111111111113 28.500000000000004 54.500000000000007 0.88194444444444453 0.63068181818181823 21.500000000000004 53.500000000000007 0.83261318913644511 0.66583464555192384 1.0000000180025095e-35 0.69337606837606847 0.99222761596548015 0.3585714285714286
decision_type=2 2 2 2 2 2 2 2 2 2 2 2 2 2 2 2 2 2 2 2 2 2 2 2 2 2 2 2 2 2
left_child=2 3 26 9 -4 19 7 8 12 17 -5 -12 16 -14 15 -9 -3 23 -7 -6 21 -17 25 -2 -21 -11 -1 -10 -18 -27
right_child=1 6 4 10 5 18 -8 14 27 22 11 -13 13 -15 -16 20 28 -19 -20 24 -22 -23 -24 -25 -26 29 -28 -29 -30 -31
leaf_value=-0.087647251461899667 -0.03539951649301696 0.04095043424868277 -0.044887017861801715 0.033707912138722256 -0.041043283697966816 -0.0061810137929233901 0.054312199175147347 0.023831573271162025 0.025867525251793408 0.044039282935181327 0.00042200874015982913 0.03911952853700329 0.027406956837105919 0.044951464821756049 0.063687151729634586 0.010596216320558812 -0.016267265910420225 0.013548061277358279 0.036439801566504247 0.020426513315430481 0.073965301247387413 -0.039811192283379482 -0.030579448411899336 0.070324023241209371 1.2066912059556418 -0.017830394512262489 0.02048978914301755 0.053474191234161639 0.057072087438734688 0.019671077964298567
leaf_weight=1763.9748362116516 89579.373994447291 19778.607698872685 358489.47719906271 182733.45393175259 74088.494340863079 28197.326916113496 508446.62196959555 127841.2541478239 28220.941716186702 18761.422174520791 134942.67311814055 44055.593002319336 235169.59507752955 471188.90164266527 15124.529571007937 17854.842409312725 32187.331761956215 16367.652856484056 31632.332444563508 6795.1259309835732 3267.5341826975346 19046.80302901566 12327.858835212886 1968.7065131850541 15.007486969232557 22000.039425820112 163556.90904311463 443387.13311156631 4207.613481476903 38274.135559380054
leaf_count=16107 1491035 37401 9360806 383656 1656564 192283 1001728 257530 63609 53872 623987 77259 466102 900809 22295 40131 83629 38311 73619 81809 4004 56329 55328 28119 91 110929 393848 842114 6461 83174
internal_value=0.0238088 0.0361231 -0.0222717 0.0105862 -0.0360505 -0.0135405 0.0435626 0.0397062 0.0426144 -0.0100411 0.0219498 0.00994636 0.0369196 0.0391103 0.0201081 0.0161851 0.00937238 -0.0260469 0.0163529 -0.0356486 -0.00815048 -0.0154216 0.00886443 -0.033126 0.0230407 0.0150168 0.019336 0.0518222 -0.00778852 0.00598306
internal_weight=3.15127e+06 2.48673e+06 664539 561011 499218 140728 1.92572e+06 1.41728e+06 1.23414e+06 199279 361732 178998 762532 706358 183135 168010 56173.6 107916 59829.7 80898.6 40169.2 36901.6 91363.5 91548.1 6810.13 79035.6 165321 471608 36394.9 60274.2
internal_count=18502939 6727812 11775127 2945670 11365172 2004366 3782142 2780414 2400125 1860768 1084902 701246 1494402 1366911 380289 357994 127491 1557465 265902 1738464 100464 96460 303303 1519154 81900 247975 409955 905723 90090 194103
is_linear=0
shrinkage=0.05


Tree=36
num_leaves=31
num_cat=0
split_feature=6 0 1 12 5 4 10 9 6 12 6 12 4 9 12 6 6 2 5 5 6 4 6 2 4 4 6 12 0 0
split_gain=665401 159589 117879 52296.3 76542 37766.3 27763.6 19848.7 21702.3 19215.1 17129.8 28337.8 21252.2 16137.7 14229.8 13268.3 12407.1 12187.9 11206.5 11016.3 10612.6 12103.3 10134 10051.5 8760.07 10806.3 13367.5 8758.51 8360.6 11454.1
threshold=0.32305502846299816 0.75471406612710978 0.71010186757215632 22.500000000000004 0.34161778326644032 0.8659537305672772 1.0000000180025095e-35 1.0000000180025095e-35 0.78759398496240618 1.0000000180025095e-35 0.91833333333333345 1.0000000180025095e-35 0.93438591387872816 1.0000000180025095e-35 26.500000000000004 0.56385869565217395 0.17752100840336138 0.30952380952380959 0.85770528683914526 0.6564078282828284 0.098387096774193564 0.44347452395479253 0.10435571687840291 0.13392857142857145 0.74192634472806895 1.0000000180025095e-35 0.050641025641025648 28.500000000000004 0.62609461688409074 0.42691798941798947
decision_type=2 2 2 2 2 2 2 2 2 2 2 2 2 2 2 2 2 2 2 2 2 2 2 2 2 2 2 2 2 2
left_child=1 6 5 4 20 14 17 8 9 18 11 12 -7 16 -2 19 24 -1 -4 -11 21 -3 -19 -12 25 -5 -27 -8 29 -13
right_child=2 3 7 13 -6 10 27 -9 -10 15 23 28 -14 -15 -16 -17 -18 22 -20 -21 -22 -23 -24 -25 -26 26 -28 -29 -30 -31
leaf_value=-0.048220929498276131 0.00094521488931772763 0.021273020139005328 0.04116481349927846 0.012814647066001049 0.02242826967270703 0.034620376381362471 -0.026750451149297395 0.053470742880543778 0.054915395960069585 0.043451875751396724 0.03197167337369184 0.033130554228509808 -0.043895399370550744 0.036602047390281417 0.035270598145259444 0.046452423655168371 0.039817738172988677 -0.036098261082343645 -0.0074924952195979172 0.023371806291660087 -0.0082632039012586877 -0.049714652633839229 0.024890175228749912 0.058023386543866795 0.16263048954310405 -0.049943038103650618 0.0060326881144850807 0.0078768745194038939 0.036831291729291497 0.0073971590475650261
leaf_weight=275842.87422339991 212222.62461900711 6403.7639282345772 17517.071606621146 101868.15612037107 87874.389290116727 13119.410931877792 39397.02670417726 565788.00323637575 223420.21264859289 115340.54197527468 81087.652264133096 91160.700659610331 25121.286512851715 92391.532482553273 35201.334905877709 317464.45452027023 30564.004550114274 19300.477707099169 36472.114339530468 167491.09889994562 23845.811807192862 96315.003205426037 10525.793063797057 68137.035407975316 873.96629489585757 18012.721496395767 26149.324168197811 34039.174123372883 157721.80819932371 82263.655388109386
leaf_count=7484477 962325 26754 33488 216125 270725 37765 505960 1141049 458458 207662 152789 183456 118937 303212 121940 639912 53781 424151 90727 336427 225134 2769858 32032 126490 1456 488033 154609 317772 299754 317681
internal_value=0.0232108 -0.0140093 0.0377551 0.00500967 -0.0134221 0.0219018 -0.0383057 0.0461682 0.0414608 0.0368664 0.02957 0.0237943 -0.0169586 0.0196561 0.00582873 0.0394361 0.0108339 -0.0449379 0.00829462 0.0315606 -0.0383131 -0.0452891 -0.0145752 0.0438671 0.00480367 0.0038591 -0.0167986 -0.0107 0.0285005 0.0209239
internal_weight=3.07293e+06 863404 2.20953e+06 484299 214439 766036 379105 1.44349e+06 877705 654285 518612 369387 38240.7 269860 247424 600296 177468 305669 53989.2 282832 126565 102719 29826.3 149225 146904 146030 44162 73436.2 331146 173424
internal_count=18502939 13274079 5228860 4509687 3292471 2321137 8764392 2907723 1766674 1308216 1236872 957593 156702 1217216 1084265 1184001 914004 7940660 124215 544089 3021746 2796612 456183 279279 860223 858767 642642 823732 800891 501137
is_linear=0
shrinkage=0.05


Tree=37
num_leaves=31
num_cat=0
split_feature=6 0 4 4 6 0 6 12 11 9 10 2 6 6 12 4 11 12 0 12 7 11 6 5 1 9 5 4 9 2
split_gain=617318 173460 134785 48370.1 37638 32154.2 31483.9 19084.5 16948.4 17789.5 15648.2 21025.1 14063.3 13943.8 37102.4 19652.6 12438.2 9710.42 9664.55 9579.69 9575.97 9573.04 8965.04 8477.28 8010.34 7858.93 7726.42 8231.91 7595.69 7776.2
threshold=0.19677419354838713 0.70320450748082342 1.0000000180025095e-35 0.82142483952828793 0.10762548262548265 0.69754165587498929 0.56385869565217395 27.500000000000004 4.5000000000000009 1.0000000180025095e-35 1.0000000180025095e-35 0.26136363636363641 0.3585714285714286 0.8973684210526317 1.0000000180025095e-35 0.94744415456745323 6.5000000000000009 47.500000000000007 0.59606410746116645 28.500000000000004 1.0000000180025095e-35 18.500000000000004 0.8973684210526317 0.62805605247465723 0.77032967032967037 1.0000000180025095e-35 0.70853559870550165 0.82142483952828793 1.0000000180025095e-35 0.47222222222222227
decision_type=2 2 2 2 2 2 2 2 2 2 2 2 2 2 2 2 2 2 2 2 2 2 2 2 2 2 2 2 2 2
left_child=2 3 28 7 -4 17 8 12 9 20 11 18 -2 14 15 -8 -16 -6 -5 -7 26 -12 -13 -10 -17 -26 27 -3 29 -1
right_child=1 6 4 10 5 19 13 -9 23 -11 21 22 -14 -15 16 24 -18 -19 -20 -21 -22 -23 -24 -25 25 -27 -28 -29 -30 -31
leaf_value=-0.037941494898243791 -0.034798521835116288 0.025305086384341886 -0.04413017546854428 -0.0025782471385947716 -0.041414245676130543 -0.0063409264111852553 0.046046827779375674 0.018308078859928908 0.029084417774519252 0.048617663297216174 0.040287511723574844 0.023213768822962468 -0.0041638855259157562 0.05666214536101364 0.049405350424150972 -0.048245003829044592 0.028851723322730595 0.011037400785964794 0.02334103361309027 0.033934852945626169 0.062815610344168174 0.0067195189959022754 0.059764667302918073 -0.0050215993358704233 -0.0098577351181258835 0.038864387963833687 0.018127327473889326 0.045318995970792253 0.033554590843451193 0.013995500727249
leaf_weight=7746.6456255093217 67197.554695524275 124131.77850955725 331554.20446693897 131458.58628379926 65680.173785641789 28129.344421453774 27064.791639328003 48496.297377884388 33573.997290998697 188365.19460270554 118433.90355424583 46842.522375434637 84662.571031402797 285964.04184654355 697693.59754515439 9388.5778473615646 82288.462936192751 10193.323718834668 49509.546623893082 31072.928219709545 20568.867127537727 25880.493562221527 26137.116113573313 39838.17946447432 32095.495578348637 11152.526592329144 130642.33029788733 87660.410031452775 51823.960388053209 103454.45295006037
leaf_count=95641 1066884 254163 9360806 657293 1603784 192283 52780 309764 63063 384384 211029 91637 493675 607243 1461915 30212 154700 134680 132223 73619 30485 58877 43680 93457 81627 21476 271089 156156 103558 210756
internal_value=0.0226112 0.0343068 -0.0213929 0.0110395 -0.0350664 -0.0128187 0.042174 -0.0089991 0.0331451 0.03615 0.0211204 0.013649 -0.0177196 0.0470979 0.0439165 0.0114219 0.0472369 -0.0343676 0.00451279 0.0147982 0.0296804 0.0342676 0.0363042 0.0105763 -0.00638158 0.00270642 0.0276901 0.0335888 0.0177452 0.0103774
internal_weight=2.9987e+06 2.36905e+06 629655 598619 466630 135076 1.77043e+06 200356 624781 551369 398262 253948 151860 1.14565e+06 859683 79701.4 779982 75873.5 180968 59202.3 363003 144314 72979.6 73412.2 52636.6 43248 342435 211792 163025 111201
internal_count=18502939 6727812 11775127 3065062 11365172 2004366 3662750 1870323 1252797 1096277 1194739 924833 1560559 2409953 1802710 186095 1616615 1738464 789516 265902 711893 269906 135317 156520 133315 103103 681408 410319 409955 306397
is_linear=0
shrinkage=0.05


Tree=38
num_leaves=31
num_cat=0
split_feature=6 1 1 12 5 4 6 9 6 12 12 6 12 4 6 5 6 4 2 5 5 4 1 4 2 6 4 7 6 5
split_gain=574220 142245 113522 45903.2 65107.4 33825.9 29363 20401.7 22084.3 19560.1 17404.4 16258.5 25445.6 18933.3 13942.7 31198.7 13245.6 12511.2 10432.2 10396.9 9754.58 9456.4 9401.19 8978.84 8542.4 8414.76 7822.79 7599.56 9463.72 9160.76
threshold=0.32305502846299816 0.4807407407407408 0.71010186757215632 22.500000000000004 0.31277173913043482 0.8659537305672772 0.13100686498855837 1.0000000180025095e-35 0.78759398496240618 49.500000000000007 1.0000000180025095e-35 0.90238095238095251 1.0000000180025095e-35 0.93123244500198898 0.05634920634920635 0.091372912801484255 0.44722222222222224 0.68023284590823085 0.13392857142857145 0.57962779973649547 0.85770528683914526 0.44347452395479253 0.056349206349206378 0.82142483952828793 0.30952380952380959 0.098387096774193564 0.99222761596548015 1.0000000180025095e-35 0.55777777777777793 0.69592735277930662
decision_type=2 2 2 2 2 2 2 2 2 2 2 2 2 2 2 2 2 2 2 2 2 2 2 2 2 2 2 2 2 2
left_child=1 6 5 4 21 17 -1 8 10 22 20 12 13 -7 15 -5 19 -2 -13 -12 -4 -3 -8 -6 -24 -23 -22 28 29 -14
right_child=2 3 7 14 23 11 9 -9 -10 -11 16 18 27 -15 -16 -17 -18 -19 -20 -21 26 25 24 -25 -26 -27 -28 -29 -30 -31
leaf_value=-0.04889712196672482 0.040508599168822559 0.020039972159733705 0.039255967349951515 0.018472288287531616 0.0064939522457886107 0.034379080987664797 -0.0049653868286401526 0.052233544515807362 0.053817458252833697 0.031215009634935894 0.044073259346825502 0.02983018600405149 0.032321220304769749 -0.041489657356141921 0.034248736419028467 -0.04336633593862587 0.042056652672096073 0.0014515296474322359 0.056535576036415361 0.015798112480539826 -0.01516907530292225 -0.04930152746002614 -0.039875431897810759 0.039299927947697044 0.02271710168021197 -0.010843902568032519 0.057924698307833936 0.052498077237367581 0.028470598718367435 -0.010541267346321853
leaf_weight=215601.17555497959 22580.896804481745 6315.5384273640811 16682.851912900805 150336.03636579961 64273.298115897924 12140.846838250756 35960.922568410635 525271.39516536146 206368.69242785871 16818.391428660601 47587.1970564574 83122.261791519821 19708.87390729785 25483.806885231286 90865.88824769482 23598.238329149783 419848.85379356891 222925.64929463342 65296.550415374339 102623.47544148564 32352.086007282138 86539.895895436406 78207.567135579884 30876.891046665609 5859.3721496015787 17021.528679929674 4127.5172966271639 25791.635784722865 236982.86911448836 33919.511637963355
leaf_count=6571201 92183 27027 33488 312676 317135 34307 300209 1141049 458458 122395 87360 161434 53781 122122 273364 633087 874328 992082 131495 222313 84357 2717988 1744470 55328 14378 184821 6370 59241 538174 136318
internal_value=0.022038 -0.0133888 0.0358911 0.00462299 -0.0131383 0.0202553 -0.0373993 0.0445228 0.0396406 -0.0192846 0.0349462 0.027688 0.0218644 -0.0170081 0.0183751 0.0100824 0.0374979 0.00504387 0.0415792 0.0247558 0.00758497 -0.0393583 -0.0263606 0.0171397 -0.0355128 -0.0429806 -0.00689882 0.0264868 0.0241784 0.00521105
internal_weight=2.92509e+06 822275 2.10281e+06 469827 205027 747953 352447 1.35486e+06 829591 136846 623222 502446 354028 37624.7 264800 173934 570060 245507 148419 150211 53162.5 109877 120028 95150.2 84066.9 103561 36479.6 316403 290611 53628.4
internal_count=18502939 13274079 5228860 4521426 3302299 2321137 8752653 2907723 1766674 2181452 1308216 1236872 943943 156429 1219127 945763 1184001 1084265 292929 309673 124215 2929836 2059057 372463 1758848 2902809 90727 787514 728273 190099
is_linear=0
shrinkage=0.05


Tree=39
num_leaves=31
num_cat=0
split_feature=6 0 0 12 5 6 6 10 11 9 12 6 11 9 0 4 6 5 5 7 2 6 2 1 6 11 11 8 7 5
split_gain=532124 126859 122003 49147 48497.8 27624.8 26493.2 25836.2 24841 18124.3 17125.7 14888.5 14337.7 14309.7 13305.8 12198.6 16586.6 10947.6 10636.2 9652.06 8780.56 8497.27 7986.11 12901.6 7809.9 7481.8 9896.83 7209.32 6946.72 6856.71
threshold=0.2834821428571429 0.73320234348314062 0.70320450748082342 24.500000000000004 0.38829240434037698 0.71714285714285719 0.82480818414322254 1.0000000180025095e-35 8.5000000000000018 1.0000000180025095e-35 1.0000000180025095e-35 0.61721611721611735 4.5000000000000009 1.0000000180025095e-35 0.38546586819613143 0.44347452395479253 0.098387096774193564 0.73363914373088701 0.92888748419721889 1.0000000180025095e-35 0.30952380952380959 0.13100686498855837 0.07417582417582419 0.33712121212121221 0.10435571687840291 19.500000000000004 13.500000000000002 1.0000000180025095e-35 1.0000000180025095e-35 0.72104203935599298
decision_type=2 2 2 2 2 2 2 2 2 2 2 2 2 2 2 2 2 2 2 2 2 2 2 2 2 2 2 2 2 2
left_child=2 5 7 4 15 14 8 20 9 10 18 17 -11 27 -2 -4 -17 -12 -3 22 -1 -9 23 -16 -22 26 -23 -5 -19 -24
right_child=1 6 3 13 -6 -7 -8 21 -10 12 11 -13 -14 -15 19 16 -18 28 -20 -21 24 25 29 -25 -26 -27 -28 -29 -30 -31
leaf_value=-0.048789028880439705 0.018403735040394744 0.029799285264904243 0.020131901197768295 -0.070913794521709886 0.022060152543024021 0.026827388923233105 0.053463679188206131 -0.03726713452193655 0.0083042514763310479 0.050129950886491241 0.037465377793531478 0.045799525257115642 0.0061521841553619288 0.033820628186953847 -0.017023755329416197 -0.048543675752256099 -0.0073103287150814659 0.017124007058407564 -0.012508608876315287 0.034320761721128717 -0.035510498782211665 -0.009262347757701777 0.025565767942981682 0.04145672346629551 0.030238397691256337 -0.035623458733054475 0.048198586856386921 0.0096815429314538893 0.061929685027548302 -0.0088265941257384996
leaf_weight=229455.27975456789 108054.4032311663 30563.875712625682 9910.5923258475959 2823.9439886510372 56204.684983713552 230135.53535602242 358065.15389156342 17979.196006841958 66648.22469612956 394124.52427839488 231185.1619220227 288070.74639512599 19447.80384041369 82890.748332893476 128113.12341063097 91120.940070219338 33303.189062455669 136436.45049059391 28903.95409309864 15900.587740451097 14529.348982619122 16976.852520495653 30762.66916821897 10180.533849976957 6553.9084610231221 9079.9720200151205 13415.014491401613 159084.41189407371 9236.3837279379368 27400.152501285076
leaf_count=7226128 283738 63882 36036 52598 142779 495404 825916 496860 144326 883155 457639 631722 45136 282646 1101191 2960230 288470 298571 75257 61607 365092 128947 63245 21749 23023 74165 78897 810355 14378 69797
internal_value=0.0214523 0.0342511 -0.014934 0.00210398 -0.0169382 0.0136119 0.0415226 -0.039017 0.0379731 0.0397108 0.0349429 0.037242 0.0480619 0.0169255 0.0041198 -0.0332549 -0.0375072 0.0307006 0.00923581 -0.00314835 -0.0459517 -0.00877537 -0.00618098 -0.0127187 -0.0150719 0.00420247 0.016101 0.00827583 0.0199649 0.00936373
internal_weight=2.85656e+06 2.11323e+06 743328 435339 190539 550547 1.56268e+06 307990 1.20462e+06 1.13797e+06 724397 664929 413572 244799 320411 134335 124424 376858 59467.8 212357 250539 57451 196456 138294 21083.3 39471.8 30391.9 161908 145673 58162.8
internal_count=18502939 5536713 12966226 4573114 3427515 2096731 3439982 8393112 2614066 2469740 1541449 1402310 928291 1145599 1601327 3284736 3248700 770588 139139 1317589 7614243 778869 1255982 1122940 388115 282009 207844 862953 312949 133042
is_linear=0
shrinkage=0.05


Tree=40
num_leaves=31
num_cat=0
split_feature=6 0 1 12 5 6 10 9 6 7 12 12 4 4 6 6 5 12 2 5 2 4 6 5 6 5 5 4 6 11
split_gain=494278 126388 109313 39444.5 58923.6 30991.6 27925.4 20843.4 22385.9 15874.4 15756.8 14398.4 19070.5 18897.4 13376.1 13306 29319.3 13169.9 11242.7 10728.5 10719.4 8638.46 8627.35 8607.4 8360.9 8515.03 8236.49 8173.99 7716.93 7461.04
threshold=0.32305502846299816 0.71212121212121227 0.71010186757215632 22.500000000000004 0.31277173913043482 0.90238095238095251 1.0000000180025095e-35 1.0000000180025095e-35 0.78759398496240618 1.0000000180025095e-35 1.0000000180025095e-35 1.0000000180025095e-35 0.94069986234841318 0.8659537305672772 0.61721611721611735 0.05634920634920635 0.091372912801484255 26.500000000000004 0.30952380952380959 0.69592735277930662 0.07417582417582419 0.44347452395479253 0.10435571687840291 0.85770528683914526 0.55777777777777793 0.79324593901396423 0.69592735277930662 0.82142483952828793 0.098387096774193564 5.5000000000000009
decision_type=2 2 2 2 2 2 2 2 2 2 2 2 2 2 2 2 2 2 2 2 2 2 2 2 2 2 2 2 2 2
left_child=1 6 5 4 21 9 18 8 10 11 23 12 -2 17 19 16 -5 -13 -1 -12 -7 -3 -20 -4 26 -26 -15 -6 -23 -9
right_child=2 3 7 15 27 20 -8 29 -10 -11 14 13 -14 24 -16 -17 -18 -19 22 -21 -22 28 -24 -25 25 -27 -28 -29 -30 -31
leaf_value=-0.047665156104492443 0.018731279495156527 0.018009297081241833 0.037508864773267807 0.016865793387719066 0.0057702491161704559 0.027585728750293161 -0.0086186490764528015 0.051792535376847006 0.052791394771985127 0.047236193261625856 0.038747406089771924 -0.0018225631641677544 -0.048209182728824122 0.030580888732410168 0.044977421328957372 0.03235822878422296 -0.043250377854432517 0.031646576259421598 -0.034912734781171288 0.02035636449265963 0.055215010142584599 -0.048953530789763791 0.02749004930354762 -0.0065317191089686371 0.040303514971310406 0.019905686362136764 -0.010319633153171748 0.03733694937834546 -0.012048317754060232 2.3321156266178751e-05
leaf_weight=231283.83975765109 20323.625196151435 6293.0308699905872 15961.810050554574 148538.10897994787 64462.1823631078 81062.85824085027 69812.479800354689 479718.56542791426 190468.01190407574 33114.24748993665 150123.56199544668 194581.1614677161 22329.112124726176 19395.214589893818 224219.70769897848 90305.082965748385 23489.328903604299 34622.196815617383 14723.945672027767 168084.49669225514 61920.119374252856 80192.818850060925 8878.5915612131357 36382.679469749331 76285.988664157689 155358.79730499536 33690.523692943156 30075.780908100307 17203.475847406313 7062.2530131414533
leaf_count=7430969 74165 27391 33488 315588 326872 161525 823732 1123395 458458 88088 305396 902538 110929 53781 512057 282737 654836 121849 379197 366548 133770 2759666 27482 90727 162162 376012 136318 55874 189735 17654
internal_value=0.0208796 -0.0127464 0.0340512 0.00409641 -0.0127367 0.0186671 -0.0366366 0.0429124 0.0378731 0.0136035 0.0330957 0.0116025 -0.0163127 0.0139193 0.0356238 0.0168161 0.00865729 0.0032331 -0.0443106 0.0290329 0.0395508 -0.0387664 -0.0114386 0.00689792 0.0225215 0.0266232 0.00462363 0.0158127 -0.0424348 0.0510415
internal_weight=2.78996e+06 785259 2.0047e+06 460560 198227 732684 324699 1.27202e+06 785240 589701 594772 556587 42652.7 513934 542428 262333 172027 229203 254886 318208 142983 103689 23602.5 52344.5 284731 231645 53085.7 94538 97396.3 486781
internal_count=18502939 13274079 5228860 4612699 3359538 2321137 8661380 2907723 1766674 2025842 1308216 1937754 185094 1752660 1184001 1253161 970424 1024387 7837648 671944 295295 2976792 406679 124215 728273 538174 190099 382746 2949401 1141049
is_linear=0
shrinkage=0.05


Tree=41
num_leaves=31
num_cat=0
split_feature=6 0 4 6 10 2 6 11 9 12 4 11 11 0 12 6 11 7 9 1 4 9 11 2 5 2 0 0 6 2
split_gain=459694 149027 106362 34712.2 34149.8 36187 33187.3 31407.7 25377 23847.9 18811.7 18800.3 19210.1 16018.3 14665.4 20424.8 13953.4 12122.5 11513 9141.67 9050.58 8934.08 13822.4 8933.28 8711.66 8607.89 8590.29 8053.02 25752.3 11043.2
threshold=0.19677419354838713 0.6344958951866847 1.0000000180025095e-35 0.82480818414322254 1.0000000180025095e-35 0.23611111111111113 0.10762548262548265 4.5000000000000009 1.0000000180025095e-35 52.500000000000007 0.82408041603247095 18.500000000000004 13.500000000000002 0.69299499335789672 1.0000000180025095e-35 0.44722222222222224 8.5000000000000018 1.0000000180025095e-35 1.0000000180025095e-35 0.65261756876663723 0.82142483952828793 1.0000000180025095e-35 1.0000000180025095e-35 0.88194444444444453 0.85770528683914526 0.63068181818181823 0.36883862071960577 0.90002828054298656 0.048809523809523817 0.78888888888888908
decision_type=2 2 2 2 2 2 2 2 2 2 2 2 2 2 2 2 2 2 2 2 2 2 2 2 2 2 2 2 2 2
left_child=2 4 -1 7 5 10 27 8 14 13 -2 12 16 -8 24 -16 -6 18 -9 -10 -15 -12 -23 25 -3 -20 -13 -4 -29 -30
right_child=1 3 6 -5 11 -7 9 17 19 -11 21 26 -14 20 15 -17 -18 -19 23 -21 -22 22 -24 -25 -26 -27 -28 28 29 -31
leaf_value=0.015082625509580457 -0.033639125587235578 0.035498268745356096 -0.049431618622577576 0.051991513741032537 0.025752999369211407 0.028926464808179442 -0.038524748716661748 0.019172941078969014 0.018566856637350151 0.036814459092703609 0.0016712960740347749 0.010814412431170154 0.04583915532747964 -0.0049315411286744298 0.021382660946667763 0.040261989043048091 -0.017768572336861372 0.059897342608183704 0.0064439945680871344 0.049445402259793256 0.084967229748058232 0.058156837790445316 -0.054572566448429241 0.070033473738904173 -0.0066084515552446753 -0.040273058703223973 -0.033229235989998822 -0.047025795873768372 0.14761955791099343 0.00018309500019860476
leaf_weight=158271.30573389679 77207.830099936575 18270.176001634449 171892.80475723743 355446.05193637311 62207.30744869262 64165.878532763571 59470.387623114511 131556.30554885045 25579.429933663458 21049.654054952785 126872.446341075 28371.02913299948 88343.786807768047 41555.733538428321 215731.53538943827 426454.30089056492 26162.122228346765 14202.100181680173 19467.171588018537 380743.41811016947 3001.9289182424545 3287.7222249135375 15726.461458556354 3169.2960441112518 37491.09744194895 19980.315399810672 18155.421537384391 81277.298966379836 1326.6424037385732 29777.479156462476
leaf_count=409955 1473199 39949 6045949 877422 155610 130312 1639638 295750 65065 123578 607789 78078 175448 236418 479206 966511 87906 24752 47229 899535 4732 7644 89453 4277 94003 59787 68887 2796430 13741 504686
internal_value=0.0203131 0.0308417 -0.0197255 0.0381535 0.00723642 -0.00416382 -0.0331837 0.0343484 0.0375674 -0.0117209 -0.0136812 0.021906 0.0293513 -0.0215418 0.0317841 0.0339198 0.0128683 0.0154783 0.0118563 0.0475015 0.0011251 -0.00311878 -0.0350806 -0.0107297 0.00718781 -0.0172184 -0.00637218 -0.0426271 -0.0322192 0.0064715
internal_weight=2.72621e+06 2.15859e+06 567623 1.64809e+06 510500 287260 409352 1.29265e+06 1.10427e+06 125078 223094 223240 176713 104028 697947 642186 88369.4 188375 174173 406323 44557.7 145887 19014.2 42616.8 55761.3 39447.5 46526.5 284274 112381 31104.1
internal_count=18502939 6727812 11775127 3853486 2874326 2308397 11365172 2976064 2544269 2004366 2178085 565929 418964 1880788 1579669 1445717 243516 431795 407043 964600 241150 704886 97097 111293 133952 107016 146965 9360806 3314857 518427
is_linear=0
shrinkage=0.05


Tree=42
num_leaves=31
num_cat=0
split_feature=6 0 1 12 5 6 10 9 6 7 12 4 4 9 12 6 4 6 2 2 6 4 5 6 5 10 6 12 4 4
split_gain=426628 112165 104436 34593.4 51938.7 29964.2 27358.8 21582.5 21253.9 16036.8 16002.3 19024.8 17366.9 12900.2 12705.7 13041.2 12498.3 11973.3 11123.6 10941.6 10192.5 9937.22 9809.37 8510.54 8485.15 7449.03 7359.49 7286.12 7134.67 7569.99
threshold=0.32305502846299816 0.70320450748082342 0.76095238095238105 22.500000000000004 0.37217789848922089 0.90238095238095251 1.0000000180025095e-35 1.0000000180025095e-35 0.78759398496240618 1.0000000180025095e-35 1.0000000180025095e-35 0.93438591387872816 0.8659537305672772 1.0000000180025095e-35 1.0000000180025095e-35 0.56385869565217395 0.68023284590823085 0.098387096774193564 0.13392857142857145 0.30952380952380959 0.17752100840336138 0.45981446090141748 0.64204028589993511 0.55777777777777793 0.79324593901396423 1.0000000180025095e-35 0.10435571687840291 28.500000000000004 0.74192634472806895 1.0000000180025095e-35
decision_type=2 2 2 2 2 2 2 2 2 2 2 2 2 2 2 2 2 2 2 2 2 2 2 2 2 2 2 2 2 2
left_child=1 6 5 4 17 9 19 8 14 10 11 -2 16 20 -4 22 -12 21 25 -1 28 -3 -16 -14 -25 -7 -21 -8 29 -5
right_child=2 3 7 13 -6 18 27 -9 -10 -11 12 -13 23 -15 15 -17 -18 -19 -20 26 -22 -23 -24 24 -26 -27 -28 -29 -30 -31
leaf_value=-0.047286056998067871 0.018621736790271161 0.014664764105847572 0.0076473398306424918 0.0088099529817033204 0.019571820157455552 0.01386605111000239 -0.023482564105296616 0.050567764346641821 0.052029743659867456 0.04581741532201903 0.03879048638956975 -0.047327083191745292 0.0043181942868744444 0.031415937942450664 0.039122082086834833 0.04207779277937878 -0.00017837660309899829 -0.0071200119268013508 0.054462293378470139 -0.033500280768626663 0.034840772137656469 -0.048722433909984895 0.018243916753613129 0.039110135256413069 0.019179647121180639 0.04496291403235287 0.025932035566978484 0.0091452552783150998 0.14218341081511998 -0.016507630313673041
leaf_weight=212222.58962355182 19851.960273962468 6725.1379344500601 49999.775678962469 100407.95861228183 75955.447516711429 48121.387620039284 35848.394833274186 437599.59185766429 167585.22493371367 35525.584388896823 22738.473518572748 24348.286056865007 57664.843572236598 86231.089219411835 88418.057811260223 251500.39479841292 216320.45114739612 30765.33185874857 62368.138869285583 13233.164405625314 28833.036914020777 76705.088288649917 154682.7767007798 79283.514653690159 163594.7389709577 32106.63119995594 8590.1037322878838 32734.611615024507 905.21602217108011 41823.250917494297
leaf_count=7417319 70616 46956 119210 221494 205751 104832 505960 1107379 437619 94458 89089 121121 201656 310856 182546 613249 963417 272181 146601 365092 55874 2850575 340340 172900 404768 59059 26936 317772 1456 675857
internal_value=0.0197712 -0.0121611 0.0323153 0.00371447 -0.0124696 0.0179592 -0.0356812 0.0418286 0.0364588 0.0132014 0.0112166 -0.017707 0.0135858 0.0156332 0.0316673 0.0340955 0.00352821 -0.0337814 0.0386236 -0.0438193 0.00771915 -0.0436129 0.0258375 0.0215859 0.0256856 0.0263108 -0.0101065 -0.00790933 0.00225584 0.00136529
internal_weight=2.66269e+06 750980 1.91171e+06 448352 190151 761924 302629 1.14979e+06 712186 619328 583802 44200.2 539602 258201 544601 494601 239059 114196 142596 234046 171969 83430.2 243101 300543 242878 80228 21823.3 68583 143136 142231
internal_count=18502939 13274079 5228860 4641000 3375463 2428517 8633079 2800343 1692964 2118025 2023567 191737 1831830 1265537 1255345 1136135 1052506 3169712 310492 7809347 954681 2897531 522886 779324 577668 163891 392028 823732 898807 897351
is_linear=0
shrinkage=0.05


Tree=43
num_leaves=31
num_cat=0
split_feature=6 0 1 9 6 6 6 12 9 6 12 12 5 4 12 6 2 5 5 6 4 0 0 5 4 12 10 5 4 4
split_gain=396268 112550 93136.2 33630.9 33423.9 25912.5 24679.5 34856.9 19894.2 20009.9 19253.2 14396.3 16278.2 15734.7 12877.1 11288 11164.1 10388.6 9756.35 9550.3 23211.6 8756.08 8639.83 8426.5 7993.18 7848.91 7137.47 6765.46 6739.92 10806
threshold=0.3585714285714286 0.73320234348314062 0.76095238095238105 1.0000000180025095e-35 0.15075757575757578 0.90238095238095251 0.17752100840336138 23.500000000000004 1.0000000180025095e-35 0.78759398496240618 24.500000000000004 1.0000000180025095e-35 0.87108993157380266 0.8659537305672772 1.0000000180025095e-35 0.61721611721611735 0.13392857142857145 0.61170759565962318 0.71480709071949955 0.05634920634920635 0.45981446090141748 0.64954883112777861 0.42691798941798947 0.40078740157480319 0.81711599808393987 27.500000000000004 1.0000000180025095e-35 0.85770528683914526 0.82142483952828793 0.70845555119537962
decision_type=2 2 2 2 2 2 2 2 2 2 2 2 2 2 2 2 2 2 2 2 2 2 2 2 2 2 2 2 2 2
left_child=1 4 5 6 -1 11 7 24 9 14 -6 12 -2 17 27 18 26 28 -16 20 -5 22 -15 -12 -3 -8 -7 -4 29 -13
right_child=2 3 8 19 10 16 25 -9 -10 -11 23 13 -14 21 15 -17 -18 -19 -20 -21 -22 -23 -24 -25 -26 -27 -28 -29 -30 -31
leaf_value=-0.046573382943447234 0.02265153769174506 -0.039708169676071541 0.036887238691762005 0.029339708159566619 -0.028937467378900562 0.013235767583511228 0.0082756524969377823 0.0027603494432206664 0.05015033066989083 0.051566615872355386 0.026077703167960226 0.030933750205585593 -0.038198809562959728 0.02691593670945365 0.036835431386627877 0.043064322803548646 0.053981236642689646 -0.0030982727078083701 0.017737408980370288 0.037365367849850582 -0.038740096524611127 0.031657377820740372 0.0043039113675146148 -0.014420473474649654 0.078542288594289189 0.038881268707594119 0.043962148959881958 -0.0045795051107768228 0.039978532773236639 -0.013479998074598027
leaf_weight=186721.20521109551 18576.048604629934 84668.134878093377 13630.932577818632 47546.282630147412 84331.382059367374 47898.10774833709 78412.247649781406 139164.45396903716 410386.8225531131 160807.60769605637 31365.304054871202 28320.276445031166 26914.839017614722 81041.102135375142 133294.46756014228 195339.71023871005 59841.742675662041 133675.06401387602 134200.48602171987 78636.967383051291 16995.472589457408 152147.01155685633 88241.682330220938 21752.319339664653 1453.605247206986 28584.780504062772 31218.374144718051 35335.203928083181 26986.350782126188 26520.06742946431
leaf_count=6852573 60333 2648555 30212 99918 1545817 104832 178360 835562 1080170 437619 294840 113295 130039 177632 290745 492492 146601 535171 306033 266994 563472 327145 326599 218036 2821 54600 59059 86996 75166 161252
internal_value=0.019219 -0.0100806 0.0322035 0.00540844 -0.0327986 0.0182848 -0.0033206 -0.0127114 0.0414746 0.0361812 -0.0140858 0.0136561 -0.0133508 0.0159442 0.0313471 0.0339268 0.0376856 0.00549079 0.0272541 0.0256664 0.0114126 0.0229526 0.015129 0.0094932 -0.0377123 0.0164521 0.02536 0.00696379 0.0195222 0.00945585
internal_weight=2.60401e+06 799632 1.80438e+06 475462 324170 721381 332283 225286 1.083e+06 672608 137449 582422 45490.9 536932 511801 462835 138958 215502 267495 143179 64541.8 321430 169283 53117.6 86121.7 106997 79116.5 48966.1 81826.7 54840.3
internal_count=18502939 13561548 4941391 4650282 8911266 2217124 3719898 3486938 2724267 1644097 2058693 1906632 190372 1716260 1206478 1089270 310492 884884 596778 930384 663390 831376 504231 512876 2651376 232960 163891 117208 349713 274547
is_linear=0
shrinkage=0.05


Tree=44
num_leaves=31
num_cat=0
split_feature=6 0 1 10 6 4 6 9 6 7 9 12 5 12 4 2 2 6 5 5 12 4 12 11 6 5 5 5 10 4
split_gain=367151 105106 90981.7 32522.6 30625.9 77338.8 24629.2 20049.8 20071.9 13965.9 13888.5 13578.2 16888.3 12232.4 11987.6 11796 11187.3 11182.2 10010.3 9099.34 8372.71 12250.4 7891.03 7431.73 7382.2 8008.27 7555.27 7040.97 6833.64 6627.67
threshold=0.3585714285714286 0.70320450748082342 0.76095238095238105 1.0000000180025095e-35 0.065591397849462371 0.44347452395479253 0.90238095238095251 1.0000000180025095e-35 0.78759398496240618 1.0000000180025095e-35 1.0000000180025095e-35 1.0000000180025095e-35 0.87108993157380266 1.0000000180025095e-35 0.8659537305672772 0.30952380952380959 0.13392857142857145 0.56385869565217395 0.61170759565962318 0.64204028589993511 35.500000000000007 0.81711599808393987 22.500000000000004 4.5000000000000009 0.55777777777777793 0.79324593901396423 0.69592735277930662 0.60428113553113572 1.0000000180025095e-35 0.82142483952828793
decision_type=2 2 2 2 2 2 2 2 2 2 2 2 2 2 2 2 2 2 2 2 2 2 2 2 2 2 2 2 2 2
left_child=1 3 6 15 5 -3 9 8 13 11 20 12 -2 -4 18 -1 28 19 29 -15 21 -6 -5 -12 26 -26 -16 -23 -8 -13
right_child=2 4 7 22 10 -7 16 -9 -10 -11 23 14 -14 17 24 -17 -18 -19 -20 -21 -22 27 -24 -25 25 -27 -28 -29 -30 -31
leaf_value=-0.045692924062553743 0.021397808541415687 0.014174618758087707 0.006664645631370078 -0.022755533035930989 -0.00790311957229233 -0.044466699436729047 0.012632284727162942 0.049617659468497277 0.051113729615869102 0.044259163522432442 0.039861372026446983 0.0086545063414582186 -0.042002644927595381 0.03948648796870538 0.029039799583045034 -0.0074461874839460915 0.053517021836596325 0.040559260768296281 -0.0041256168385981002 0.017608915674909593 0.029397346476208203 0.051313149298354378 0.0090224603780685916 -0.018258737754042527 0.037066186016625938 0.017450250523054659 -0.010172825495381456 0.006633782376841927 0.042981507750941672 0.039997553220687411
leaf_weight=207676.85222499818 17936.353533871472 152170.2896076683 48653.624440483749 34700.485566442832 82094.531345359981 89173.715791570023 47682.663905240595 394457.28233832121 154286.10677283257 33803.977781996131 70738.942626001313 53931.485577028245 25347.2730640769 70835.628482013941 18775.068841323256 22327.085785960779 57404.519423052669 236379.37783567607 130994.0673619844 144447.18573708832 39173.119163384661 16377.157222934067 44700.227978168055 5963.8912386447191 77051.334547132254 160230.42917365581 35530.456953898072 19103.371776491404 30356.179210618138 24541.097552098334
leaf_count=7575386 58513 356265 117208 443170 616798 3317769 104832 1080170 437619 88907 236873 269542 127309 152061 51415 395122 146601 613249 527345 323960 111384 29393 414232 21476 172900 404768 139139 43680 59059 66794
internal_value=0.0186816 -0.00978005 0.0313442 -0.0324557 0.00499674 -0.00749265 0.0175708 0.0407131 0.0353473 0.0130747 0.0179084 0.0111381 -0.0157301 0.0304852 0.0134591 -0.0419802 0.0367623 0.0330512 0.00433436 0.0248074 0.0093773 0.00270711 -0.00486547 0.0353423 0.020014 0.02382 0.00338417 0.027257 0.0244378 0.0184566
internal_weight=2.54684e+06 784200 1.76264e+06 309405 474795 241344 713585 1.04906e+06 654602 578142 233451 544338 43283.6 500316 501054 230004 135443 451662 209467 215283 156748 117575 79400.7 76702.8 291587 237282 54305.5 35480.5 78038.8 78472.6
internal_count=18502939 13561548 4941391 8827910 4733638 3674034 2217124 2724267 1644097 1906632 1059604 1817725 185822 1206478 1631903 7970508 310492 1089270 863681 476021 801255 689871 857402 258349 768222 577668 190554 73073 163891 336336
is_linear=0
shrinkage=0.05


Tree=45
num_leaves=31
num_cat=0
split_feature=6 0 4 6 12 4 11 6 9 7 12 4 11 1 12 6 10 2 2 5 1 0 6 5 11 6 4 12 11 11
split_gain=342104 126515 84703.5 31800.2 30412.9 26730.9 23714.4 20219.4 20089.4 15634.1 15492.1 15343 15151.6 14092 13252.2 18678.4 12613.6 16517.2 11715.7 11337.5 9847.68 9628 9577.66 9390.36 8931.76 8467.2 8700.77 7851.78 7064.43 7051.78
threshold=0.19677419354838713 0.73320234348314062 1.0000000180025095e-35 0.82480818414322254 41.500000000000007 0.82142483952828793 8.5000000000000018 0.061553030303030311 1.0000000180025095e-35 1.0000000180025095e-35 48.500000000000007 0.76598173581492834 4.5000000000000009 0.084219858156028407 1.0000000180025095e-35 0.55777777777777793 1.0000000180025095e-35 0.26136363636363641 0.23611111111111113 0.23546315077755245 0.32529069767441865 0.62609461688409074 0.8973684210526317 0.92888748419721889 18.500000000000004 0.12060606060606062 0.62138056729283064 27.500000000000004 19.500000000000004 13.500000000000002
decision_type=2 2 2 2 2 2 2 2 2 2 2 2 2 2 2 2 2 2 2 2 2 2 2 2 2 2 2 2 2 2
left_child=2 5 -1 6 11 10 8 -6 9 14 13 25 -10 28 23 27 17 21 -13 -9 -15 -7 -19 -3 -18 -4 -27 -16 29 -2
right_child=1 3 4 -5 7 16 -8 19 12 -11 -12 18 -14 20 15 -17 24 22 -20 -21 -22 -23 -24 -25 -26 26 -28 -29 -30 -31
leaf_value=0.012942998398450346 -0.0032944859571108123 0.023654933779333916 -0.045331623325812295 0.050756778396229912 -0.0392141592248181 -0.0046787395737438618 0.003182655952843368 0.044325418083257809 0.045805192919037299 0.058025897034241762 0.042342724039958701 -0.031601108066398091 -8.43484317111968e-06 -0.033494018926797688 0.017934505317855894 0.038574406793757732 0.034601664601412105 0.016748011837319384 0.072750302798763475 -0.004559969272871711 0.0054546739842160179 0.024295664801925427 0.055093390304389644 -0.017798465637171794 0.00099742272003709395 0.0069624174011323516 -0.035871418292105953 0.043188854814208005 -0.026603828605946248 0.029247624843636258
leaf_weight=154602.64740430564 39350.404405746609 27828.326350957155 219409.70305625722 282603.57789488882 24785.320879654959 146524.31510928832 67193.965891599655 20690.038754370064 341355.72831387818 42906.063419736922 14531.07023807615 5434.5194112155586 19054.572968617082 72265.204705858603 279476.23418874294 274278.15931279957 105040.46287301928 51837.686278469861 5325.563419079408 27791.871734743938 20928.952313916758 35646.410626847297 23743.248060017824 26836.154926218092 24359.366460226476 16382.253137832507 42906.324595242739 34586.550100632012 15829.227446688339 28854.53565758653
leaf_count=409955 259623 63245 8718255 825916 843934 714714 152789 202748 934752 88543 68978 206934 47047 1312584 632359 723177 211029 112021 13104 349076 70070 85358 54600 72618 58877 217308 813813 67886 81263 90363
internal_value=0.0181482 0.0276289 -0.0180468 0.0357778 -0.0312554 0.00797672 0.0319762 -0.0024782 0.0338253 0.0288032 -0.00728954 -0.0385394 0.0433831 -0.0113589 0.0268532 0.0290412 0.0155382 0.0091436 0.0200463 0.0163023 -0.0247472 0.000990851 0.028794 0.00330443 0.0282757 -0.0408013 -0.0240358 0.0207157 0.00348869 0.0104727
internal_weight=2.49236e+06 1.97503e+06 517328 1.39612e+06 362726 578911 1.11352e+06 73267.2 1.04632e+06 685911 191759 289458 360410 177228 643005 588341 387151 257752 10760.1 48481.9 93194.2 182171 75580.9 54664.5 129400 278698 59288.6 314063 84034.2 68204.9
internal_count=18502939 6727812 11775127 3608332 11365172 3119480 2782416 1395758 2629627 1647828 1882881 9969414 981799 1813903 1559285 1423422 1236599 966693 220038 551824 1382654 800072 166621 135863 269906 9749376 1031121 700245 431249 349986
is_linear=0
shrinkage=0.05


Tree=46
num_leaves=31
num_cat=0
split_feature=6 0 1 6 9 6 6 4 6 9 6 12 7 12 4 12 6 2 6 5 5 4 4 4 6 4 11 12 4 5
split_gain=317859 93214.5 86244.5 32179.6 27871.1 22770.7 20427.4 28945.7 20632.2 20365.9 20134.1 17127.7 12808.3 12310.9 15573.5 11059.2 10993.7 10915.3 10363.7 13285 9419.64 7943.56 11677.3 7282.17 6963.93 20555.2 6995.86 6906.07 6743.93 8039.76
threshold=0.3585714285714286 0.70320450748082342 0.76095238095238105 0.13100686498855837 1.0000000180025095e-35 0.90238095238095251 0.17752100840336138 1.0000000180025095e-35 0.050641025641025648 1.0000000180025095e-35 0.78759398496240618 24.500000000000004 1.0000000180025095e-35 1.0000000180025095e-35 0.93123244500198898 1.0000000180025095e-35 0.61721611721611735 0.13392857142857145 0.56385869565217395 0.6564078282828284 0.71480709071949955 0.82142483952828793 0.70845555119537962 0.81711599808393987 0.048809523809523817 0.45981446090141748 4.5000000000000009 27.500000000000004 0.86217891839009864 0.79324593901396423
decision_type=2 2 2 2 2 2 2 2 2 2 2 2 2 2 2 2 2 2 2 2 2 2 2 2 2 2 2 2 2 2
left_child=1 3 5 -1 6 12 7 -3 -9 10 15 -5 13 14 -2 -4 20 -7 19 21 -17 22 -15 -10 25 -6 -26 -8 -20 -30
right_child=2 4 9 11 24 17 27 8 23 -11 -12 -13 -14 18 -16 16 -18 -19 28 -21 -22 -23 -24 -25 26 -27 -28 -29 29 -31
leaf_value=-0.047309896985229895 0.019126591416291003 0.0071740060880482017 0.0061314068610816069 -0.028580082249660563 0.027171435778672565 0.023106741078206823 0.0071249617190582495 -0.048602005486782861 -0.0098708916891219745 0.048607074887515679 0.050250089830130851 0.0069359389250929137 0.042236232785210777 0.028301540650611502 -0.04182330415159774 0.034475910016261345 0.040911414062246534 0.052669439303483515 0.0047048990932851724 -0.011972893888442047 0.015195651915117786 0.032844292399991641 -0.015045897343335841 0.084869485029870004 0.038102105394724264 -0.041252882159069464 -0.01786620217333891 0.036240549919471454 0.035305772816787359 0.015607986204311778
leaf_weight=152392.6788716279 18375.757664516568 102906.37090268359 48277.391197375953 83551.05885495618 46300.084559950978 76213.950161278248 78332.400285869837 62888.312402779236 49789.603247560561 365071.78534481674 142190.73523290455 57176.784755762666 32904.23049814254 27800.825325421989 24392.554629810154 124746.74467039108 177468.1924168095 52894.077480792999 73417.413953788579 82440.849499601871 128716.5679082647 38753.155843116343 35218.34235136956 2114.4279139656574 70178.176235483959 14386.387650864199 6065.9843604918569 27522.642116472125 77061.331460267305 158039.71102052927
leaf_count=6461000 61698 229229 117208 1733277 100464 163891 181545 2673216 646555 1080170 437619 633633 88907 114933 124124 290745 492492 146601 222313 380926 306033 110747 216307 3640 265811 553098 24115 55965 177996 408681
internal_value=0.0176409 -0.00934919 0.0297193 -0.0313898 0.00468074 0.0162628 -0.00332159 -0.0120821 -0.0293444 0.0392341 0.0337275 -0.0141502 0.0119572 0.0100967 -0.0156357 0.028825 0.0313673 0.0352182 0.0123302 0.00294593 0.0246848 0.0150309 0.00407677 -0.00601143 0.0235895 0.0109507 0.0336493 0.0146951 0.0179335 0.0220645
internal_weight=2.43759e+06 753605 1.68398e+06 293121 460484 697512 323554 217699 114792 986471 621400 140728 568404 535500 42768.3 479209 430932 129108 492732 184213 253463 101772 63019.2 51904 136931 60686.5 76244.2 105855 308518 235101
internal_count=18502939 13561548 4941391 8827910 4733638 2217124 3790150 3552640 3323411 2724267 1644097 2366910 1906632 1817725 185822 1206478 1089270 310492 1631903 822913 596778 441987 331240 650195 943488 653562 289926 237510 808990 586677
is_linear=0
shrinkage=0.05


Tree=47
num_leaves=31
num_cat=0
split_feature=6 0 1 6 9 6 9 6 6 12 12 7 12 4 2 7 12 6 4 5 5 4 4 5 6 4 12 5 6 4
split_gain=293927 86841.3 84008.6 31876.9 25597 21535.9 20495.2 20146.7 18696.2 27692.8 15867 11746.3 11176.5 14247.8 10965.1 10753.1 11441.7 11188.4 9646.73 9281.29 8711.07 7214.61 10503.4 6696.41 9459.07 6560.1 6468.58 6457.99 6322.64 19046.3
threshold=0.3585714285714286 0.70320450748082342 0.76095238095238105 0.13100686498855837 1.0000000180025095e-35 0.90238095238095251 1.0000000180025095e-35 0.78759398496240618 0.17752100840336138 22.500000000000004 24.500000000000004 1.0000000180025095e-35 1.0000000180025095e-35 0.94069986234841318 0.23611111111111113 1.0000000180025095e-35 1.0000000180025095e-35 0.44722222222222224 0.86957066531369953 0.6564078282828284 0.57962779973649547 0.82142483952828793 0.71868117470489601 0.73363914373088701 0.50862068965517249 0.54355960646283241 27.500000000000004 0.85770528683914526 0.048809523809523817 0.48499228395061728
decision_type=2 2 2 2 2 2 2 2 2 2 2 2 2 2 2 2 2 2 2 2 2 2 2 2 2 2 2 2 2 2
left_child=1 3 5 -1 8 11 7 15 9 -3 -5 12 13 -2 -7 16 27 20 19 21 -18 22 -14 -20 -25 -12 -10 -4 29 -6
right_child=2 4 6 10 28 14 -8 -9 26 -11 25 -13 18 -15 -16 -17 17 -19 23 -21 -22 -23 -24 24 -26 -27 -28 -29 -30 -31
leaf_value=-0.047054740227269728 0.015829744963971205 -0.036146827177952159 0.033436899388353029 -0.02772800513201187 0.02585954014140553 0.022506991598816972 0.048091480094337974 0.049819376695719592 0.0067934552319865952 0.0015223927891894608 0.089432441029146603 0.040595904615065959 0.024340255449068503 -0.042149506129875114 0.052743795432567013 0.0571197527666127 0.039054131668492226 0.03367043663989959 0.033211285919426119 -0.0062441677847783024 0.005469389149660212 0.033031129308013232 -0.014648950437853964 -0.016941277170749332 0.017492074859168497 0.0031175679821034722 0.035216109768554126 -0.0090715607581604522 0.032415512682061429 -0.041838010187503979
leaf_weight=145726.81824139692 19969.074371475726 75090.246259905398 12200.071855060756 81856.439909845591 46107.414460005239 76999.497460074723 350896.44077032059 136395.9475504756 78054.399792581797 139304.11294526793 2292.9768503848463 32531.774471879005 35152.580814324319 22574.51404613629 49104.241347424686 29673.063247077167 26184.285240612924 294226.06978817284 57165.622670009732 110639.19533566386 73516.867505341768 35047.104343242943 33961.919328734279 22205.973980844021 195869.2889598906 55058.663547126576 26922.567706167698 33383.707160502672 75219.72895328328 13411.949474837631
leaf_count=6461000 70525 2653833 28847 1733277 115661 167713 1080170 437619 181545 898807 18291 88907 147693 115297 142779 67067 58513 785876 143962 439166 181636 99736 201656 96278 503412 615342 55965 84539 289926 537901
internal_value=0.0171275 -0.00907183 0.0288787 -0.0307093 0.00450472 0.015598 0.0384763 0.032905 -0.00320577 -0.011671 -0.0135983 0.0114289 0.00964732 -0.0149353 0.0342811 0.0279878 0.026021 0.0287653 0.0117815 0.00384036 0.0142897 0.014552 0.00518149 0.0179788 0.0139858 0.00656852 0.0140828 0.00230543 0.0227809 0.0106047
internal_weight=2.38674e+06 739045 1.6477e+06 284935 454110 691221 956476 605580 319371 214394 139208 565117 532585 42543.6 126104 469184 439511 393927 490042 214801 99701.2 104162 69114.5 275241 218075 57351.6 104977 45583.8 134739 59519.4
internal_count=18502939 13561548 4941391 8827910 4733638 2217124 2724267 1644097 3790150 3552640 2366910 1906632 1817725 185822 310492 1206478 1139411 1026025 1631903 888251 240149 449085 349349 743652 599690 633633 237510 113386 943488 653562
is_linear=0
shrinkage=0.05


Tree=48
num_leaves=31
num_cat=0
split_feature=6 1 2 6 9 6 9 6 6 4 6 12 7 12 6 5 2 11 9 2 0 0 11 0 2 2 11 11 11 11
split_gain=271762 81923 81606.1 33123.5 28669 21104.2 21143.7 19543.1 16938 29127.6 18980.1 14936.7 11338.1 12176.1 11381.4 10879.6 10467.2 9666.44 10532.3 14092.8 9533.69 16987.1 8968.96 10816.2 8944.46 10483.2 8564.32 7760.75 6986.94 6954.3
threshold=0.3585714285714286 0.71010186757215632 0.30952380952380959 0.15075757575757578 1.0000000180025095e-35 0.79057017543859665 1.0000000180025095e-35 0.90238095238095251 0.17752100840336138 1.0000000180025095e-35 0.050641025641025648 24.500000000000004 1.0000000180025095e-35 1.0000000180025095e-35 0.61721611721611735 0.69592735277930662 0.23611111111111113 1.0000000180025095e-35 1.0000000180025095e-35 0.080128205128205135 0.63196015585721488 0.44218954248366021 21.500000000000004 0.30349511599511608 0.63068181818181823 0.78888888888888908 5.5000000000000009 13.500000000000002 29.500000000000004 7.5000000000000009
decision_type=2 2 2 2 2 2 2 2 2 2 2 2 2 2 2 2 2 2 2 2 2 2 2 2 2 2 2 2 2 2
left_child=2 7 3 -1 8 6 12 17 9 -4 -11 -5 13 -3 15 -15 -9 -2 20 -20 21 22 27 28 -21 29 -8 -19 -24 -26
right_child=1 5 4 11 -6 -7 26 16 -10 10 -12 -13 -14 14 -16 -17 -18 18 19 24 -22 -23 23 -25 25 -27 -28 -29 -30 -31
leaf_value=-0.046752578763589223 0.03482699851849469 0.0007553830163541821 0.0070521469358264463 -0.026101366058693922 0.023379543246838459 0.049991612985694052 0.046338493725667347 0.021384870080737323 0.01262092561376621 -0.048442565747618085 -0.0070762536506597563 0.0089144998093325777 0.056433989367682624 0.032899111663815941 0.038008613035543169 0.011570154824417199 0.052285644257703434 0.0086327508404833997 -0.044530870241803022 0.013315703465895652 0.022094790460592525 -0.0099081981185788481 0.055759530747229502 -0.051605065370425265 0.017545896215077222 0.066520029494929342 -0.020332652858496756 0.032337619251193599 -0.11833683968890188 -0.062238236267790376
leaf_weight=145364.66767464578 36805.212123963982 46769.749324284494 103961.24313220382 74111.533108541742 135978.90384940244 243280.91045864671 238219.28523285687 75635.343665920198 103228.79885345697 61220.277175540105 50689.596182011068 51701.943446101621 30445.289285853505 106035.62734533846 161118.10680156946 137081.84356293827 42976.960313647985 68993.423379331827 19676.234931536019 54128.246665224433 143219.93880734965 101399.27676570788 4959.1653439030051 9750.5834037140012 3575.5721067339182 2531.8798995316029 4916.1875517368317 69117.761674337089 652.07551641762257 11566.328510820866
leaf_count=6627803 101738 118118 235599 1542450 979251 809263 748111 166166 234689 2778958 651196 511602 71526 257348 473564 338338 129129 214487 139958 128765 325234 658749 8099 35854 8736 3731 13377 149604 3094 38402
internal_value=0.0166142 0.0280505 -0.0087833 -0.0304954 0.00415479 0.0372496 0.0329714 0.0142465 -0.0040375 -0.0120035 -0.0297057 -0.0117119 0.0269018 0.0249082 0.0277027 0.0208728 0.0325812 0.010115 0.00825715 -0.00704162 0.0117727 0.0059724 0.0164647 -0.0197778 0.00323174 -0.0276517 0.0449904 0.0204959 0.035528 -0.0433982
internal_weight=2.33911e+06 1.61286e+06 726257 271178 455079 967867 724586 644988 319100 215871 111910 125813 481451 451005 404236 243117 118612 526376 489570 91478.3 398092 254872 153473 15361.8 71802 17673.8 243135 138111 5611.24 15141.9
internal_count=18502939 4941391 13561548 8681855 4879693 2829645 2020382 2111746 3900442 3665753 3430154 2054052 1258894 1187368 1069250 595686 295295 1816451 1714713 319592 1395121 1069887 411138 47047 179634 50869 761488 364091 11193 47138
is_linear=0
shrinkage=0.05


Tree=49
num_leaves=31
num_cat=0
split_feature=6 1 2 12 5 10 6 9 6 7 4 6 1 4 5 12 9 12 6 2 5 4 6 11 4 2 6 8 10 5
split_gain=251868 93054.5 69475.5 26336.5 27730.4 26174.5 23021.7 23570.6 21503.1 12492.6 12229.1 12942.8 12170.2 11787.3 13053.4 14032.9 10868.6 10566.7 12565.9 10454.6 10073.5 8393.63 8473.57 8231.04 7209.35 7190.63 6873.23 6739.06 6713.23 6522.39
threshold=0.2834821428571429 0.71010186757215632 0.30952380952380959 26.500000000000004 0.38829240434037698 1.0000000180025095e-35 0.79057017543859665 1.0000000180025095e-35 0.90238095238095251 1.0000000180025095e-35 0.44347452395479253 0.087595907928388769 0.64051282051282066 0.83261318913644511 0.88413424866514123 1.5000000000000002 1.0000000180025095e-35 1.0000000180025095e-35 0.61721611721611735 0.23611111111111113 0.69592735277930662 0.69804274383078746 0.43167701863354041 5.5000000000000009 0.99222761596548015 0.095454545454545472 0.09232954545454547 1.0000000180025095e-35 1.0000000180025095e-35 0.85770528683914526
decision_type=2 2 2 2 2 2 2 2 2 2 2 2 2 2 2 2 2 2 2 2 2 2 2 2 2 2 2 2 2 2
left_child=2 8 5 4 10 12 7 9 13 17 -4 -12 -1 21 -15 24 27 29 20 28 -19 -2 -23 -9 -16 -7 -6 -5 -10 -3
right_child=1 6 3 16 26 25 -8 23 19 -11 11 -13 -14 14 15 -17 -18 18 -20 -21 -22 22 -24 -25 -26 -27 -28 -29 -30 -31
leaf_value=-0.045651284601569288 0.016074418736096847 0.030331120084077512 0.01223063218354436 -0.069979678693214017 0.11181308237854921 -0.0043135819948128054 0.049587641307854036 0.045545606800968697 0.0090068339711860835 0.056160948994277461 -0.047858833337090984 -0.010012024495010485 0.064078200528934759 0.018461392306268417 -0.035826144399889105 0.013243483051074218 0.028369787655098247 0.029418349366858568 0.037253336304513024 0.051900969900134708 0.010221049556873791 -0.02464071815612788 0.00074704521299239542 -0.016699220850509011 0.017645144476308324 0.24203568005530879 0.012794177522769868 0.0062073960951977095 0.03998519881263457 -0.010415872497679635
leaf_weight=163076.81822561659 48510.55580393225 13752.452879473567 16478.821248821914 2962.628222072497 1815.1716984137893 50302.77138575539 233253.80990031362 244768.12779331952 47001.178922265768 31097.789419174194 63114.446977447718 35181.64327208139 2566.684738567099 289463.9151920937 32273.945047684014 56837.087833464146 72260.847932869568 132035.44193548709 156289.01564241201 41176.312959417701 141641.01466523111 49931.916196729988 96167.039139583707 5428.9495408087969 7833.7686554640532 297.96783608943224 50780.476223986596 143089.26780840568 27851.943390473723 34354.434856012464
leaf_count=7455448 272818 33124 54418 75530 11557 778232 809263 793975 106743 75075 3004911 383383 13195 856492 157521 148239 276822 324870 473564 129129 352898 434889 387569 14378 18655 728 130039 781963 59423 88088
internal_value=0.016122 0.0260157 -0.0116505 0.00106899 -0.0138532 -0.0343365 0.0358485 0.0316283 0.0120135 0.0254533 -0.0276304 -0.0343129 -0.043951 0.00808902 0.0131431 -0.00273663 0.0125092 0.0234558 0.0259423 0.0316651 0.0194828 -0.00194614 -0.00792967 0.044195 -0.0253822 -0.00286293 0.0162115 0.00466196 0.0205335 0.00123259
internal_weight=2.2916e+06 1.68967e+06 601928 385683 167371 216244 992621 759367 697048 509170 114775 98296.1 165644 581018 386409 96944.8 218313 478072 429965 116029 273676 194610 146099 250197 40107.7 50600.7 52595.6 146052 74853.1 48106.9
internal_count=18502939 5536713 12966226 4718623 3584308 8247603 2965235 2155972 2571478 1347619 3442712 3388294 7468643 2276183 1180907 324415 1134315 1272544 1151332 295295 677768 1095276 822458 808353 176176 778960 141596 857493 166166 121212
is_linear=0
shrinkage=0.05


Tree=50
num_leaves=31
num_cat=0
split_feature=6 1 2 6 9 9 6 6 6 4 6 12 2 7 7 12 6 12 5 6 5 4 4 5 4 4 6 4 5 1
split_gain=233634 76889.8 70997.2 32754.4 24661.3 20683.3 19837.5 18126.9 14257.7 25766.5 18748.5 13843.3 10937.7 10648.6 10088.9 9425.34 10731.5 9396.53 12335.1 8840.43 12597.3 9103.67 9224.52 8012.81 7347.66 7090.64 6790.49 16891.3 7456.41 6451.87
threshold=0.3585714285714286 0.76095238095238105 0.30952380952380959 0.13100686498855837 1.0000000180025095e-35 1.0000000180025095e-35 0.78759398496240618 0.90238095238095251 0.17752100840336138 0.44347452395479253 0.050641025641025648 24.500000000000004 0.13392857142857145 1.0000000180025095e-35 1.0000000180025095e-35 1.0000000180025095e-35 0.44722222222222224 1.0000000180025095e-35 0.87108993157380266 0.65301003344481623 0.6564078282828284 0.82142483952828793 0.71868117470489601 0.57962779973649547 0.54355960646283241 0.81068356246927686 0.05634920634920635 0.45981446090141748 0.091372912801484255 0.12599206349206352
decision_type=2 2 2 2 2 2 2 2 2 2 2 2 2 2 2 2 2 2 2 2 2 2 2 2 2 2 2 2 2 2
left_child=2 7 3 -1 8 6 14 13 9 -4 -11 25 29 17 15 -3 23 18 -2 20 21 22 -19 -17 -13 -5 27 -6 -28 -9
right_child=1 5 4 11 26 -7 -8 12 -10 10 -12 24 -14 -15 -16 16 -18 19 -20 -21 -22 -23 -24 -25 -26 -27 28 -29 -30 -31
leaf_value=-0.047806818267655246 0.017826359250134059 0.0021695743715100602 0.0061553342829294378 -0.032800659342006655 0.024655710520933769 0.046597628368744606 0.048543244397106805 0.03236454114488644 0.011463310166289074 -0.049032426294839636 -0.0067442885524980432 0.089788795242230324 0.051066348969097543 0.038166229428826449 0.055756926618900776 0.036757251672124257 0.031404710171881969 0.022030322083664903 -0.037279972802295676 0.017499080041465963 -0.006232809061432653 0.032359884520403469 -0.015051262759931931 0.0035463696465721736 0.0027979654815199376 0.0075969009112269144 1.0961749617661192 -0.036695091310012036 0.03172139428665121 0.002241757362468841
leaf_weight=123364.97451368719 17343.227640360594 45140.36823733896 105115.6549955681 63572.942902611569 44705.077873466536 311933.39877232909 120262.15369138867 42140.2982326895 101632.93923889846 54940.165623962879 50121.467283288017 2541.5628693867475 44729.512794412673 31619.587381184101 26153.744592092931 24337.979425594211 274241.26200395823 34620.621529594064 24501.211752872914 224746.73799802363 139396.62152547389 49308.36850554496 32529.738200541586 71572.014002084732 54043.091304076836 13100.494772128761 16.455593559890985 14978.18730947189 73512.711710698903 30745.399452924728
leaf_count=6311487 58513 113386 269087 1574755 104286 1080170 437619 88452 234689 2746198 650468 18382 146601 88907 67067 58513 785876 147420 127309 586677 561288 137592 198926 181636 616434 160797 182 601874 272909 75439
internal_value=0.0156306 0.0264945 -0.00829653 -0.0292413 0.0037813 0.0362739 0.0305408 0.0137747 -0.00391203 -0.0113469 -0.0288581 -0.012054 0.0316026 0.00999031 0.0256364 0.0237395 0.02637 0.00828505 -0.0144401 0.0102636 0.00390795 0.0160461 0.00406684 0.0119739 0.00670526 -0.0258983 0.0217891 0.00925904 0.0319596 0.0196578
internal_weight=2.24697e+06 1.54532e+06 701646 256623 445023 873641 561708 671681 311810 210177 105062 133258 117615 554066 441445 415292 370151 522447 41844.4 480602 255855 116459 67150.4 95910 56584.7 76673.4 133212 59683.3 73529.2 72885.7
internal_count=18502939 4941391 13561548 8681855 4879693 2724267 1644097 2217124 3900442 3665753 3396666 2370368 310492 1906632 1206478 1139411 1026025 1817725 185822 1631903 1045226 483938 346346 240149 634816 1735552 979251 706160 273091 163891
is_linear=0
shrinkage=0.05


Tree=51
num_leaves=31
num_cat=0
split_feature=6 0 12 6 2 11 5 9 6 7 11 12 6 12 10 5 9 10 2 0 11 6 4 12 0 2 1 6 5 8
split_gain=215906 95165.6 61906.6 31057.5 27295.8 22716.1 18385.9 18283.2 16662.8 13626.5 13284.8 12933.1 11981.1 16146.1 11467.5 10833.5 9736.65 8803.41 11214.8 8565.65 8177.13 8108.51 7924.38 7758.73 7648.2 6778.22 6324.95 6314.19 10812 6236.9
threshold=0.21807065217391305 0.74363155363155375 22.500000000000004 0.88562091503267981 0.30952380952380959 8.5000000000000018 0.40078740157480319 1.0000000180025095e-35 0.56385869565217395 1.0000000180025095e-35 4.5000000000000009 32.500000000000007 0.44722222222222224 1.0000000180025095e-35 1.0000000180025095e-35 0.92888748419721889 1.0000000180025095e-35 1.0000000180025095e-35 0.26136363636363641 0.62609461688409074 18.500000000000004 0.8973684210526317 0.44347452395479253 27.500000000000004 0.37006688963210704 0.095454545454545472 0.68042553191489363 0.65301003344481623 0.74431524547803629 1.0000000180025095e-35
decision_type=2 2 2 2 2 2 2 2 2 2 2 2 2 2 2 2 2 2 2 2 2 2 2 2 2 2 2 2 2 2
left_child=2 8 6 5 14 7 22 9 11 12 -9 24 23 15 -4 -14 29 18 19 -10 -19 -20 -1 -3 -2 -16 -7 28 -15 -6
right_child=1 3 4 -5 16 26 -8 10 17 -11 -12 -13 13 27 25 -17 -18 20 21 -21 -22 -23 -24 -25 -26 -27 -28 -29 -30 -31
leaf_value=0.014144917857685549 0.011478727466013458 0.0092006567870818508 -0.041106516504635517 0.051837049934161439 -0.068710159735776655 0.0070082912384043924 0.0015087725233757258 0.042845615045844818 -0.0057278351606216095 0.055517502445243942 -0.00051725590054519949 0.023039538332610278 0.027828864573209947 0.03643153267284719 0.0013103829352797223 -0.019501708865332288 0.024781452232214479 0.031618571924799312 0.013433946495751373 0.024420536386383071 -0.0038463212974975021 0.05206418492425105 -0.043483216852084804 0.040429717677809549 -0.014474490046275948 0.35402454333576772 -0.034162522330310349 0.038361220269110395 0.011355577642388736 0.0036295183596926242
leaf_weight=6185.2339692953974 34948.571709379554 162299.27868964523 45919.974332559854 162320.73968184367 3041.8072772342712 55627.417753964663 29092.500699812546 291159.80729363859 120930.68732184172 35413.939322598279 18803.487661667168 36257.797304091975 21672.480937086046 95410.418435759842 20676.708845745772 27343.600244872272 69846.465977409855 88579.175048694015 45111.77636422962 29260.416772201657 19905.905064702034 19436.693069644272 167803.45295527764 22666.673993386328 151190.8895270545 137.11354103684425 11208.245197474957 187792.75902201235 78233.868687316775 145663.87788940035
leaf_count=37492 148057 397397 2138227 611702 86268 125853 527618 1000181 461188 91728 48503 188552 51051 245336 349440 76076 301847 190190 104195 66430 50141 57967 7799519 49413 1547728 364 32396 600327 213031 904722
internal_value=0.0151482 0.0234979 -0.0141833 0.03154 0.000836386 0.0282703 -0.0352827 0.0302713 0.00625372 0.0253854 0.0402151 -0.0042801 0.0235932 0.0283544 -0.0271523 0.00142552 0.00938258 0.0135016 0.00763655 0.000145708 0.0251111 0.0250662 -0.0414346 0.0130276 -0.00960165 0.00363393 0.000104005 0.0320064 0.0251338 0.00214979
internal_weight=2.20394e+06 1.71557e+06 488367 1.16995e+06 285286 1.00763e+06 203081 940796 545622 630833 309963 222397 595419 410453 66733.8 49016.1 218552 323225 214740 150191 108485 64548.5 173989 184966 186139 20813.8 66835.7 361437 173644 148706
internal_count=18502939 6357442 12145497 3542994 3780868 2931292 8364629 2773043 2814448 1724359 1048684 1884337 1632631 1185821 2488031 127127 1292837 930111 689780 527618 240331 162162 7837011 446810 1695785 349804 158249 1058694 458367 990990
is_linear=0
shrinkage=0.05


Tree=52
num_leaves=31
num_cat=0
split_feature=6 1 0 6 9 6 6 4 6 12 2 7 7 1 12 4 5 12 4 5 6 4 12 5 5 12 6 5 4 11
split_gain=201062 71522.9 62873.6 29787.4 20747.6 19618.5 17256 53319.2 16456.8 12585.8 10588.5 9806.18 9690.43 9585.54 9204.35 13047.7 9176.53 13044.4 12180.8 9137.28 12450.4 9965.54 16618.9 8326.36 7813.55 7685.77 34049.4 21756.6 16556.9 7588.41
threshold=0.3585714285714286 0.76095238095238105 0.70320450748082342 0.13100686498855837 1.0000000180025095e-35 0.78759398496240618 0.05634920634920635 0.44347452395479253 0.90238095238095251 47.500000000000007 0.23611111111111113 1.0000000180025095e-35 1.0000000180025095e-35 0.056349206349206378 41.500000000000007 0.81711599808393987 0.88413424866514123 1.5000000000000002 0.86957066531369953 0.85770528683914526 0.61721611721611735 0.987266214824983 1.5000000000000002 0.64204028589993511 0.95500556736511799 1.0000000180025095e-35 0.65301003344481623 0.89893315174214061 0.94069986234841318 19.500000000000004
decision_type=2 2 2 2 2 2 2 2 2 2 2 2 2 2 2 2 2 2 2 2 2 2 2 2 2 2 2 2 2 2
left_child=2 8 3 -1 5 12 7 -4 11 13 -10 16 19 29 15 -8 18 -18 23 20 -3 22 24 -2 25 -21 -27 -28 -29 -5
right_child=1 4 6 9 -6 -7 14 -9 10 -11 -12 -13 -14 -15 -16 -17 17 -19 -20 21 -22 -23 -24 -25 -26 26 27 28 -30 -31
leaf_value=-0.045911212270323555 0.01298934711585883 0.019871502929207679 0.010174547691983671 0.014165262310675455 0.045614201494544093 0.047724651599592889 -0.00064546917658151045 -0.044685309021130139 0.018820089021249691 0.025450795855357002 0.050926336185500659 0.036494500221666365 0.054947854910557162 -0.028918215295070878 0.032422567384460033 0.030334151687722268 -0.027920720485531986 0.0090861905111872636 0.0192755340992159 -0.022884879901218791 0.042014818403193717 0.044192940884550565 0.021868121425821556 -0.0070313676169941608 0.0055698231659884606 -0.0051705368884192027 -0.061692767390349748 -0.064012483478126866 -0.48728143755680925 -0.035621517575081481
leaf_weight=118856.35827203467 96327.634660616517 206990.01637043059 145815.57802494243 30223.345250252634 288849.79231423512 110787.38963940367 121699.65309584886 63613.142986999825 72911.745349697769 19727.189077707008 39642.332964811474 30894.435161232948 24015.150951765478 71179.0252067931 50037.251116413623 47157.911111449823 40698.750665519387 57389.723171256483 208546.13534617051 16123.145425230265 91559.699159815907 17067.312445133924 47693.229609191418 112680.35400057957 14755.52324655652 4215.9373873621225 897.50617463886738 305.45858564972878 948.31875873357058 10248.907638886943
leaf_count=6461000 428246 538993 356083 240877 1080170 437619 860223 3264261 167713 148148 142779 88907 67067 1892072 145509 107562 182182 157157 584675 44226 292383 45591 151242 465465 38948 11648 4277 1456 10647 85813
internal_value=0.0146827 0.024996 -0.00786194 -0.0277743 0.0348142 0.0289872 0.00377124 -0.00648892 0.0127181 -0.0113661 0.0301281 0.00913271 0.0240978 -0.0178711 0.0135877 0.0080064 0.00749335 -0.00626867 0.0107262 0.0222482 0.0266624 0.00932888 0.00232344 0.00219578 -0.0227034 -0.041253 -0.0877651 -0.249628 -0.38416 0.00155761
internal_weight=2.16186e+06 1.4833e+06 678558 250235 824208 535359 428324 209429 659091 131378 112554 546537 424571 111651 218895 168858 515643 98088.5 417554 400556 298550 102006 84939.1 209008 37245.9 22490.4 6367.22 2151.28 1253.78 40472.3
internal_count=18502939 4941391 13561548 8827910 2724267 1644097 4733638 3620344 2217124 2366910 310492 1906632 1206478 2218762 1113294 967785 1817725 339339 1478386 1139411 831376 308035 262444 893711 111202 72254 28028 16380 12103 326690
is_linear=0
shrinkage=0.05


Tree=53
num_leaves=31
num_cat=0
split_feature=4 1 0 6 6 6 12 12 10 2 12 11 9 6 4 2 6 5 10 4 11 11 6 6 4 9 9 5 11 0
split_gain=186166 64394.5 55038.6 45001 26003.5 25756.4 28720.5 22485.8 16454.1 13171 12575.3 11768.9 11932.8 10709.7 10117.8 9998.29 9003.23 18299.4 8597.77 9834.24 8487.35 8339.05 8273.9 7426.34 10708.4 6722.99 6594.96 6489 6342.63 6137.64
threshold=0.82142483952828793 0.65261756876663723 0.66215654156830639 0.15075757575757578 0.88562091503267981 0.17752100840336138 19.500000000000004 1.0000000180025095e-35 1.0000000180025095e-35 0.26136363636363641 37.500000000000007 4.5000000000000009 1.0000000180025095e-35 0.47722567287784684 0.94744415456745323 0.47222222222222227 0.65301003344481623 0.73363914373088701 1.0000000180025095e-35 0.6627842738244164 18.500000000000004 14.500000000000002 0.19677419354838713 0.79057017543859665 0.99222761596548015 1.0000000180025095e-35 1.0000000180025095e-35 0.42912946428571436 5.5000000000000009 0.36221132897603486
decision_type=2 2 2 2 2 2 2 2 2 2 2 2 2 2 2 2 2 2 2 2 2 2 2 2 2 2 2 2 2 2
left_child=1 3 8 15 7 6 27 14 9 -2 13 12 16 18 -4 -1 17 -9 -5 -20 21 -10 29 24 -16 -8 -7 -3 -28 -23
right_child=2 5 4 10 -6 26 25 11 20 -11 -12 -13 -14 -15 23 -17 -18 -19 19 -21 -22 22 -24 -25 -26 -27 28 -29 -30 -31
leaf_value=-0.044977776948142353 -0.0061019336402482237 -0.034885700362262864 0.029194657098776146 -0.029238376155184015 0.051154912387274203 0.014561764670082683 0.00083562532643722892 0.037661500646822034 0.016809634036327421 0.02495310836688848 0.019593981837381362 0.017178099117857736 0.044470885417371986 0.0051518523760939331 -0.013940187614441744 0.013608130320974954 0.038577258190075091 0.0086666767323621309 0.037930910492569567 -0.015010777410582279 -0.0032856538141679778 1.4647338043943463 0.045221934751129733 -0.080028495642363695 0.057197094379052384 0.021048724921311299 0.035705165877980664 0.038239366571494654 -0.032384779651097303 0.31143831061512273
leaf_weight=130847.45159325749 163691.35478995554 61887.549015767872 24602.933887502179 82455.047219987959 159626.85438557342 162074.10871249065 131802.68303633481 106434.13005885296 51461.587757745758 43140.591583218426 40183.236035281792 114911.8513316717 202677.82060140185 67446.358678877354 40591.032831989229 7711.6858390960842 155876.64163246751 111344.73453302681 11366.327188771218 38426.910625532269 23269.238610807806 12.462697573006151 43136.492604196072 3515.4050646498799 6082.9636002182961 59802.576065061614 71802.063731748611 3190.1745115295053 3591.1929882913828 155.16487799957395
leaf_count=6993350 919373 2715531 68068 1745016 644644 437255 869323 268632 125944 103740 258895 267267 748839 261989 114478 132041 541996 297843 62790 214851 61971 273 87997 15015 11648 270088 240240 11375 10283 2184
internal_value=0.0142148 -0.00350979 0.0265825 -0.0190309 0.0327967 0.00837679 -0.0026028 0.0289712 0.00887609 0.000375465 -0.00592681 0.031789 0.0347022 -0.0110622 0.00292841 -0.0417171 0.0294034 0.0228372 -0.0193313 -0.00292575 0.0237717 0.0304155 0.0465844 -0.00994735 -0.00466895 0.00714441 0.0202448 -0.031301 0.0324619 0.397183
internal_weight=2.12312e+06 872587 1.25053e+06 378437 925664 494150 256683 766038 324867 206832 239878 691245 576333 199695 74792.3 138559 373656 217779 132248 49793.2 118035 94765.7 43304.1 50189.4 46674 191605 237467 65077.7 75393.3 167.628
internal_count=18502939 14223027 4279912 9668932 2978430 4554095 3866317 2333786 1301482 1023113 2543541 2124577 1857310 2284646 209209 7125391 1108471 566475 2022657 277641 278369 216398 90454 141141 126126 1139411 687778 2726906 250523 2457
is_linear=0
shrinkage=0.05


Tree=54
num_leaves=31
num_cat=0
split_feature=6 0 1 6 6 4 6 9 12 12 6 11 2 7 9 5 12 5 12 4 4 5 5 4 10 4 4 1 0 4
split_gain=173516 63837.3 61161.7 36286.5 19935.3 47346.4 15837.5 12899.2 12871.8 12723.6 11978.9 11486.5 9632.81 8692.44 8244.45 8096.17 7949.53 7801.96 10207.5 9940.48 7561.17 7232.06 6806.58 6764.39 6710.02 9707.21 6244.84 6016.85 7086.98 5895.41
threshold=0.43875000000000003 0.75471406612710978 0.72850122850122856 0.13100686498855837 0.05634920634920635 0.44347452395479253 0.82480818414322254 1.0000000180025095e-35 32.500000000000007 1.0000000180025095e-35 0.91833333333333345 4.5000000000000009 0.16025641025641027 1.0000000180025095e-35 1.0000000180025095e-35 0.91704892966360874 28.500000000000004 0.88413424866514123 1.5000000000000002 0.8659537305672772 0.81711599808393987 0.37544326241134757 0.64204028589993511 0.99222761596548015 1.0000000180025095e-35 0.6627842738244164 0.99222761596548015 0.12599206349206352 0.62609461688409074 0.82142483952828793
decision_type=2 2 2 2 2 2 2 2 2 2 2 2 2 2 2 2 2 2 2 2 2 2 2 2 2 2 2 2 2 2
left_child=1 3 10 -1 5 -3 9 13 20 15 17 -9 27 16 -11 -4 29 19 26 22 24 -7 -2 -17 -5 -26 -19 -12 -29 -6
right_child=2 4 6 8 7 21 -8 11 -10 14 12 -13 -14 -15 -16 23 -18 18 -20 -21 -22 -23 -24 -25 25 -27 -28 28 -30 -31
leaf_value=-0.044418292196789173 0.018269022886763381 0.0095668601240028305 0.035024284536534771 -0.034062419074727991 -0.0076068344853008731 -0.045479542179017521 0.04936476362437428 0.034613974384983114 0.013353569697355969 0.029320598205276917 0.030609619010792385 -0.023088620761788251 0.050268206000208496 0.057292235526265278 0.043224318100067244 -0.012902857387144421 0.023591542792130563 -0.031595003303508208 0.010486643354184052 0.020460803413829377 0.0018611148546550497 0.16624818316069356 -0.0047234654363046032 0.04898571847126254 0.034793808513813244 -0.021745736005405816 0.017751363315922628 -0.015318862829506785 0.04076897929622323 0.01028995507571371
leaf_weight=112934.64620805159 49144.019137747586 143407.20016816072 19870.545885294676 61166.420578392223 94091.973659200594 57517.606822239235 161322.9523525089 90344.23592425324 49181.984712092206 305324.86637122929 38215.934444144368 9534.8100946322083 34447.249044470489 8545.7111385557801 163830.14097059518 32355.230274580419 50199.002977212891 32582.663411296904 60927.920936524868 201816.24031636491 40961.781693389639 406.16526238247752 93293.178890991956 5112.8717750906944 10041.784285049886 31112.228337034583 7982.0115642100573 20409.191363453865 7778.5320649072528 90058.321910873055
leaf_count=6581848 176995 348166 55692 1753843 662662 3167073 691054 358085 425971 958958 83902 31304 132041 19929 649740 90545 167349 158704 167531 547729 306761 4186 358722 11193 71981 212030 19201 50687 19565 219492
internal_value=0.013768 -0.00362394 0.0257368 -0.0219189 0.00664479 -0.00584308 0.0356583 0.0139796 -0.0087167 0.0314585 0.013252 0.0291055 0.0288134 0.00775985 0.0341758 0.00922475 0.00595362 0.00973119 -0.00245169 0.0133229 -0.0162924 -0.0439949 0.00320946 -0.00445758 -0.0235597 -0.00794981 -0.021885 0.0176835 0.000158835 0.00114555
internal_weight=2.08392e+06 849504 1.23441e+06 305399 544105 201331 687817 342774 192464 526494 546597 99879 100851 242895 469155 57338.6 234349 445746 101493 344253 143282 57923.8 142437 37468.1 102320 41154 40564.7 66403.7 28187.7 184150
internal_count=18502939 14330680 4172259 9352434 4978246 3519425 2457182 1458821 2770586 1766128 1715077 389389 286195 1069432 1608698 157430 1049503 1428882 345436 1083446 2344615 3171259 535717 101738 2037854 284011 177905 154154 70252 882154
is_linear=0
shrinkage=0.05


Tree=55
num_leaves=31
num_cat=0
split_feature=4 2 0 6 6 12 6 12 10 4 6 5 2 6 4 5 1 11 11 4 7 7 11 8 11 9 0 12 0 0
split_gain=160619 54506.4 51440.1 44321.6 26086.2 20345.7 18955.7 27656.3 14989.3 12748.8 11834.7 24166.1 11669 11335.6 10650.9 8908.9 7996.35 7941.78 8028.71 7343.92 6977.88 6697.78 6382.99 6380.88 6189.18 6953.71 5769.41 5746.4 5666.43 6462.43
threshold=0.82142483952828793 0.47222222222222227 0.66215654156830639 0.15075757575757578 0.88562091503267981 1.0000000180025095e-35 0.17752100840336138 19.500000000000004 1.0000000180025095e-35 0.64571741717050657 0.6132478632478634 0.70853559870550165 0.26136363636363641 0.39642857142857152 0.86217891839009864 0.86696165191740426 0.79516317016317029 18.500000000000004 14.500000000000002 0.81711599808393987 1.0000000180025095e-35 1.0000000180025095e-35 8.5000000000000018 1.0000000180025095e-35 4.5000000000000009 1.0000000180025095e-35 0.66912034178988944 33.500000000000007 0.62333546462063105 0.39635934833703595
decision_type=2 2 2 2 2 2 2 2 2 2 2 2 2 2 2 2 2 2 2 2 2 2 2 2 2 2 2 2 2 2
left_child=1 3 8 16 5 15 7 19 12 28 11 -7 -2 27 -13 26 -1 18 -10 -3 -17 24 -12 -9 25 -16 -4 -11 29 -5
right_child=2 6 4 9 -6 10 -8 23 17 13 22 14 -14 -15 21 20 -18 -19 -20 -21 -22 -23 -24 -25 -26 -27 -28 -29 -30 -31
leaf_value=-0.043844184600060364 -0.0061994256113728913 -0.031739391194500977 0.87220446669041951 0.029438643649950576 0.050612277340102534 0.038810909018502905 0.017155645147042455 -0.076963107871649464 0.015525842019774323 -0.029446290331960719 0.038738755168392508 -0.023399808819261427 0.023403957214498956 0.0019517117108960862 0.0097759383591602723 -0.012135086118477394 0.048679313582182859 -0.0038259060111073269 0.045190668910531022 0.4777419289359543 0.063144970073666484 0.053333151557575925 0.014936410363041615 0.0081340451695073677 -0.013684171318956327 0.037348602608418012 0.031279148065527951 0.0010085568900927546 0.055004004329629909 -0.017897596765093459
leaf_weight=124288.72856190056 163349.93638964556 62562.164323254488 20.418604537844658 17792.890501715243 146359.53834325075 138180.09776025079 245685.22965299711 2228.9685798529536 50397.826930051669 72484.952421450987 316640.74015536532 20134.899860262871 41807.891023296863 90799.850480090827 92904.96819999069 51513.121021054685 2379.9351580254734 23121.773975921795 41665.536706971005 70.81129401922226 3273.8847091272473 10751.719359893352 30916.015548035502 188194.00765717588 19603.473386771977 30332.028088945895 18862.173831148073 19698.216800259426 9266.1603013332933 12122.690302707255
leaf_count=7056322 919373 2766673 91 87269 644644 384930 711165 53326 125944 1414140 1165710 66157 103740 460642 239239 148967 18018 61971 90454 182 6006 28756 68068 1096459 50232 121485 54145 158522 46501 353808
internal_value=0.0133211 -0.00334135 0.0250915 -0.0185026 0.0313397 0.0274922 0.00726281 -0.00234187 0.00793741 -0.00504501 0.0302762 0.0232056 -0.000166729 -0.0105875 0.0107934 0.00257114 -0.0421058 0.0223718 0.0289514 -0.0311634 -0.00763661 0.0152759 0.0366215 0.00713795 0.0124113 0.0165623 0.0321885 -0.0229385 0.020839 0.0102566
internal_weight=2.04741e+06 847575 1.19984e+06 348833 879493 733134 498741 253056 320343 222165 659464 311907 205158 182983 173727 73669.6 126669 115185 92063.4 62633 54787 153592 347557 190423 142840 123237 18882.6 92183.2 39181.7 29915.6
internal_count=18502939 14223027 4279912 9595222 2978430 2333786 4627805 3916640 1301482 2520882 2124577 890799 1023113 2033304 505869 209209 7074340 278369 216398 2766855 154973 439712 1233778 1149785 410956 360724 54236 1572662 487578 441077
is_linear=0
shrinkage=0.05


Tree=56
num_leaves=31
num_cat=0
split_feature=6 1 2 6 9 6 6 4 6 9 10 0 6 5 2 12 4 11 11 12 7 6 11 9 2 0 0 2 2 11
split_gain=150109 57886.2 54155.8 37106.6 21677.9 15935.3 13074 18597.4 16315.2 12455 11438.1 15363.4 11271.1 10037.7 9517.75 8486.12 15998.6 7988.7 10510.4 7861.05 9353.35 7760.63 7516.2 9136.78 11027.1 7924.09 13933.6 7142.64 8971.33 9153.11
threshold=0.43875000000000003 0.72850122850122856 0.30952380952380959 0.13100686498855837 1.0000000180025095e-35 0.82480818414322254 0.17752100840336138 0.45981446090141748 0.050641025641025648 1.0000000180025095e-35 1.0000000180025095e-35 0.64160086089433921 0.94868421052631591 0.85770528683914526 0.23611111111111113 1.5000000000000002 0.987266214824983 19.500000000000004 13.500000000000002 27.500000000000004 1.0000000180025095e-35 0.65301003344481623 1.0000000180025095e-35 1.0000000180025095e-35 0.080128205128205135 0.59606410746116645 0.45003840245775734 0.63068181818181823 0.88194444444444453 7.5000000000000009
decision_type=2 2 2 2 2 2 2 2 2 2 2 2 2 2 2 2 2 2 2 2 2 2 2 2 2 2 2 2 2 2
left_child=2 12 3 -1 6 9 7 -4 -9 13 11 -5 22 21 -14 16 -15 18 -12 20 -8 -3 -2 25 -25 26 -24 -26 29 -29
right_child=1 5 4 10 -6 -7 19 8 -10 -11 17 -13 14 15 -16 -17 -18 -19 -20 -21 -22 -23 23 24 27 -27 -28 28 -30 -31
leaf_value=-0.046645148430966288 0.032493489318729259 0.023890479642249312 0.004613130763270426 -0.030476001086384732 0.021292602764896786 0.048726315920880746 0.0016382970609654377 -0.048319413405586313 -0.0060796651215345131 0.041302264457812723 -0.0048837660547098498 0.016491368975714783 0.017131222206259983 -0.020969277469067005 0.05194217222576139 0.026164373922818951 0.038892753827363361 -0.024645228497613976 0.03550906676817616 0.032164220605232961 0.058718745458627486 0.043296981784549139 0.013836727277440503 -0.044894733990642803 0.011231850669755312 0.019805306452360415 -0.014377815224971982 0.022838579063884958 0.064150763992560492 -0.065833745836014521
leaf_weight=95999.548930605873 31283.574185580015 156551.26475724205 104382.99425865337 75694.295109603554 157179.53069303371 148203.49614936486 158781.45359693468 43764.081875785254 47861.951737793162 165308.02903576195 35097.315211687237 22612.8865891397 61653.162997614592 36296.804087050259 28811.506854690611 50462.985174581409 16117.654771827161 17237.118574667722 29760.28237105161 29651.040711574256 7516.5681048482656 76782.872106526047 128028.52037652582 16218.945839881897 47229.616576116532 139624.77715387568 66479.651644926518 4024.0206453502178 2342.2928430587053 10514.823532883078
leaf_count=6311487 85085 454090 298116 2217579 1108653 691054 405860 2718625 649012 691600 190463 121940 145600 109928 119756 185731 47593 107562 116480 68796 16107 277186 346892 97734 121758 355901 391664 10829 4004 35854
internal_value=0.0128904 0.0242864 -0.00348071 -0.0215314 0.00560488 0.0343217 -0.000686068 -0.00981642 -0.026255 0.0300651 -0.00816733 -0.0196724 0.0121267 0.02454 0.0282179 0.011529 -0.00256146 0.00560986 0.0136507 0.00844708 0.0042183 0.0302765 0.00886099 0.00707721 -0.00806348 0.0107172 0.00419347 0.00125421 -0.026661 -0.0412913
internal_weight=2.01147e+06 1.18593e+06 825539 276401 549138 649723 391958 196009 91626 501520 180402 98307.2 536211 336212 90464.7 102877 52414.5 82094.7 64857.6 195949 166298 233334 445746 414463 80329.7 334133 194508 64110.8 16881.1 14538.8
internal_count=18502939 4172259 14330680 9065511 5265169 2457182 4156516 3665753 3367637 1766128 2754024 2339519 1715077 1074528 265356 343252 157521 414505 306943 490763 421967 731276 1449721 1364636 270179 1094457 738556 172445 50687 46683
is_linear=0
shrinkage=0.05


Tree=57
num_leaves=31
num_cat=0
split_feature=4 0 1 6 6 12 6 12 10 6 5 12 4 2 5 1 1 2 2 11 5 0 11 11 11 11 9 1 2 11
split_gain=140406 46840.4 46506.1 38081.9 25715 19166.9 18812.6 22410.9 12265.1 12204.5 22656.9 11230.3 9420.6 9253.88 8262.59 8000.85 8693.7 9324.03 7890.9 7448.35 7428.33 7006.03 6536.89 7685.3 7246.41 6383.51 8719.34 7451.42 6641.3 6380.37
threshold=0.82142483952828793 0.68401073489824793 0.65261756876663723 0.14119601328903655 0.8973684210526317 1.0000000180025095e-35 0.21807065217391305 19.500000000000004 1.0000000180025095e-35 0.6132478632478634 0.70853559870550165 48.500000000000007 0.86217891839009864 0.26136363636363641 0.92888748419721889 0.084219858156028407 0.32200460829493094 0.066964285714285726 0.47222222222222227 22.500000000000004 0.43427698032961198 1.0000000180025095e-35 19.500000000000004 13.500000000000002 8.5000000000000018 3.5000000000000004 1.0000000180025095e-35 0.15849282296650721 0.16025641025641027 8.5000000000000018
decision_type=2 2 2 2 2 2 2 2 2 2 2 2 2 2 2 2 2 2 2 2 2 2 2 2 2 2 2 2 2 2
left_child=2 8 3 18 5 14 7 20 13 10 -7 15 -12 25 -3 22 17 -17 -1 -10 -4 -21 23 24 -5 -2 27 -27 -28 -11
right_child=1 4 6 11 -6 9 -8 -9 19 29 12 -13 -14 -15 -16 16 -18 -19 -20 21 -22 -23 -24 -25 -26 26 28 -29 -30 -31
leaf_value=-0.044400632985091115 0.008071576553868292 0.021227961083350455 -0.031585830105805977 0.0083605458134960817 0.050874777065888825 0.037488181688646552 0.018602078031325908 0.0068653657531784016 0.025021051101700359 0.037980516772222833 -0.022615998694328617 0.027209993122995036 0.014030395399409527 0.020823349793081994 -0.012995464853330894 -0.03549509780548319 -0.0012531626302038467 0.013458983260788171 0.0099014554229670797 0.030056392697022857 0.021678333205889511 -0.057308292966473509 -0.025835336763004819 0.027321141986092271 -0.036570053223397916 0.010063902513578783 -0.067516847029582369 -0.018513557130651875 0.021675980347009089 0.013550571781199332
leaf_weight=105755.37249652483 62782.797711576335 31183.444068897516 62516.917261280119 29322.081469662488 126147.94111888856 130065.65693116002 200371.5943813324 201280.03510846477 103201.38330560364 299078.26347727701 19893.875179052353 23333.225914780051 148027.85797640681 45389.524531643838 40596.419138044119 64478.869689052925 49954.671485999599 11454.661215351894 7141.9173384923488 3903.1906997412443 7311.2943734228611 5568.8067396432161 17072.296314300969 31224.922274056822 12931.422921020538 38991.697132833302 10632.77571953088 54965.366739385761 2596.7557477448136 29349.164233215153
leaf_count=6805344 285103 87633 2733185 276549 612703 378287 631449 1170260 250341 1177813 65156 136500 435799 117754 119756 1776502 165711 42952 131313 8008 19201 20111 114569 124852 94640 208299 79534 361634 5915 66066
internal_value=0.0124702 0.02374 -0.00328799 -0.0170211 0.030099 0.0263453 0.00698447 -0.00160191 0.00775991 0.0291496 0.0218227 -0.00574688 0.00968886 0.000766711 0.00187227 -0.0092998 -0.0174529 -0.0281103 -0.0409655 0.0211264 -0.0260089 -0.0213073 0.00203508 0.00851061 -0.00539019 -0.00458932 -0.0120052 -0.00665406 -0.0500097 0.0357974
internal_weight=1.97652e+06 1.15237e+06 824149 352669 824343 698195 471480 271108 328032 626415 297987 239772 167922 215359 71779.9 216439 125888 75933.5 112897 112673 69828.2 9472 90550.7 73478.4 42253.5 169969 107187 93957.1 13229.5 328427
internal_count=18502939 4279912 14223027 9668932 2943213 2330510 4554095 3922646 1336699 2123121 879242 2732275 500955 1058239 207389 2595775 1985165 1819454 6936657 278460 2752386 28119 610610 496041 371189 940485 655382 569933 85449 1243879
is_linear=0
shrinkage=0.05


Tree=58
num_leaves=31
num_cat=0
split_feature=6 1 0 6 9 6 9 6 6 12 12 2 5 11 4 5 12 4 12 7 6 4 12 5 12 6 5 6 5 4
split_gain=130408 54045.6 46421.6 31565.7 16631.1 15145.9 12575.4 10667.3 10599.8 14779.3 10477.8 9242.07 8631.07 8569.11 8518.61 7989.08 10130.8 8750.88 7794.8 7528.05 7305.03 7186.38 14023.1 6948.6 13002.1 18410.1 13366.8 7264.77 6644.2 6608.58
threshold=0.43875000000000003 0.76095238095238105 0.75471406612710978 0.13100686498855837 1.0000000180025095e-35 0.82480818414322254 1.0000000180025095e-35 0.91833333333333345 0.17752100840336138 17.500000000000004 32.500000000000007 0.13392857142857145 0.85770528683914526 4.5000000000000009 0.79284797486062575 0.88413424866514123 1.5000000000000002 0.8659537305672772 30.500000000000004 1.0000000180025095e-35 0.64852941176470602 0.987266214824983 1.5000000000000002 0.95500556736511799 1.0000000180025095e-35 0.65301003344481623 0.88413424866514123 0.76696832579185525 0.64204028589993511 0.97657880461357338
decision_type=2 2 2 2 2 2 2 2 2 2 2 2 2 2 2 2 2 2 2 2 2 2 2 2 2 2 2 2 2 2
left_child=2 7 3 -1 8 6 12 15 9 -4 -5 -9 20 14 -6 17 -17 28 19 -10 -3 22 23 24 -14 -26 -27 -28 -2 -25
right_child=1 5 4 10 13 -7 -8 11 18 -11 -12 -13 21 -15 -16 16 -18 -19 -20 -21 -22 -23 -24 29 25 26 27 -29 -30 -31
leaf_value=-0.043054947572932094 0.01733974705902468 0.0225337024238908 -0.032990715800304382 -0.014797801645465522 0.016343443744936646 0.048188128692794908 0.040877148031288842 0.015830803995026687 0.0019345709981185332 -0.0004689078716314007 0.012229721033893838 0.049033733553389268 -0.016280364149537652 -0.023697149323651846 0.046292698849355968 -0.023187334890780703 0.0089485081810988607 0.018624331701720568 0.034176230764962699 0.054022009416430011 0.04218181017550271 0.040096169708358359 0.023342524255264369 0.063251897383512223 -0.00091576912302063413 -0.0029721240658324172 -0.29978648160334692 0.029554134090834322 -0.0053104868581788298 -0.012600466611801003
leaf_weight=95799.603753547184 49307.238256853074 146140.09678187221 46578.944399626926 136591.01604214031 105799.73866085894 132921.39580119774 151448.66117608547 64043.906985983253 156944.40847889334 139728.80926424731 48624.372267363593 31153.154013615102 15878.289987325668 10555.128600925207 30613.088486656547 41169.196949142963 60661.12584726885 201220.33078729734 25057.405635662377 7257.5280482843518 69949.558232031763 17369.392109077424 44353.407387383282 3877.8826825097203 2070.3593801632524 634.91712715476751 1723.9755026996136 185.45765512436628 94294.647896740586 11064.793688315898
leaf_count=6581848 180271 441168 2350803 2344615 873600 676676 677495 154791 406133 1096823 425971 139958 42861 59241 114296 183820 175084 571025 60151 17199 271726 55146 172627 8645 6188 2639 13559 728 366002 31850
internal_value=0.0120585 0.0229363 -0.00336656 -0.0197542 0.00544658 0.033305 0.0290479 0.0115004 -0.000133501 -0.00859971 -0.0077023 0.0266964 0.0233287 0.0197061 0.0230645 0.00826155 -0.00404376 0.0118955 0.00820067 0.00423677 0.0288939 0.0109512 0.00460654 -0.0188445 -0.037751 -0.111627 -0.201714 -0.267799 0.00246671 0.00708453
internal_weight=1.94302e+06 1.13947e+06 803550 281015 522535 597618 464697 541850 375567 186308 185215 95197.1 313248 146968 136413 446653 101830 344822 189259 164202 216090 97158.5 79789.1 35435.7 20493 4614.71 2544.35 1909.43 143602 14942.7
internal_count=18502939 4172259 14330680 9352434 4978246 2401308 1724632 1770951 3931109 3447626 2770586 294749 1047137 1047137 987896 1476202 358904 1117298 483483 423332 712894 334243 279097 106470 65975 23114 16926 14287 546273 40495
is_linear=0
shrinkage=0.05


Tree=59
num_leaves=31
num_cat=0
split_feature=4 0 2 6 6 12 6 12 6 5 4 6 4 10 2 5 12 5 6 11 11 11 9 0 7 11 9 1 1 6
split_gain=121609 43289.3 39730.2 37599.1 24547.9 16573.9 13514.4 21472.9 11384.7 21509.8 10967.9 11102.7 10147 10055.3 8090.89 7777.62 7523.98 7511.35 7443.12 7194.94 7873.04 6983.81 8457.75 6323.96 6271.8 6328.91 7640.89 6217.05 6943.91 6054.18
threshold=0.82142483952828793 0.72279980368215668 0.47222222222222227 0.13100686498855837 0.8973684210526317 1.0000000180025095e-35 0.21807065217391305 19.500000000000004 0.6132478632478634 0.6564078282828284 0.64571741717050657 0.35388994307400384 0.85433160035260658 1.0000000180025095e-35 0.26136363636363641 0.25681874535085553 7.5000000000000009 0.92888748419721889 0.87867647058823539 18.500000000000004 14.500000000000002 3.5000000000000004 1.0000000180025095e-35 0.59918229918229937 1.0000000180025095e-35 4.5000000000000009 1.0000000180025095e-35 0.15849282296650721 0.32200460829493094 0.76696832579185525
decision_type=2 2 2 2 2 2 2 2 2 2 2 2 2 2 2 2 2 2 2 2 2 2 2 2 2 2 2 2 2 2
left_child=2 13 3 -1 5 17 7 15 9 -7 -5 -12 -11 14 21 -4 24 -3 -16 20 -15 23 27 -2 25 26 -14 -23 -29 -19
right_child=1 4 6 10 -6 8 -8 -9 -10 12 11 -13 16 19 18 -17 -18 29 -20 -21 -22 22 -24 -25 -26 -27 -28 28 -30 -31
leaf_value=-0.042370116069048724 -0.0021959593417849861 0.02111905755594394 -0.041051494226895593 0.017010992007764566 0.050649264204245883 0.041985030252807823 0.015492604253473924 0.0068184329129380526 0.034777445980670389 -0.020587173172658117 -0.025446921893879537 -0.00038617912719805488 0.0028403211807134713 0.013075312186367536 0.0075516250739757276 -0.0072525703056126297 0.030837489675548915 -0.004769644560173928 0.049181890222109226 -0.0050325905710873909 0.043223999990505288 0.0092899053649371614 -0.048379012434550762 0.029972584378144047 0.053358320410363175 -0.024360508695520082 0.036028524657906326 -0.023882822401550374 0.024839783242367977 -0.064483038489775199
leaf_weight=98939.76775189396 43046.316351875663 29972.591879591346 37196.546174520627 43944.475414598361 111650.79234436154 84289.304394442588 209956.54615184665 200904.80912085995 302183.14393624663 21511.204578150064 75738.002916743979 106121.63990157098 75688.113674029708 48449.572837134823 41863.008541131392 31380.152285839431 56493.726755023003 34842.72252522409 14440.482272602618 22707.152305390686 39154.248916970566 39050.987284358591 13481.921887475997 23683.893299907446 7389.2797622196376 15065.018874652684 22497.648334611207 48754.636221034452 8603.1932516172528 4833.6071258559823
leaf_count=6761300 229229 86086 2179814 625261 596050 249249 653471 1180816 1221948 74256 1605331 603330 207025 126035 102375 613704 168805 97734 53781 62062 90545 208481 87269 66339 21931 40768 100828 348530 21021 19565
internal_value=0.0116409 0.0223705 -0.00316441 -0.016668 0.0289794 0.0252842 0.00598215 -0.00142757 0.0280288 0.020821 -0.0054062 -0.0108231 0.0118407 0.00761327 0.00172384 -0.0255854 0.0157787 0.00222717 0.0182288 0.020049 0.0265502 -0.00353763 -0.0112854 0.0092213 0.00872698 0.00581492 0.0104449 -0.00609817 -0.0165748 -0.0120443
internal_weight=1.91383e+06 1.10965e+06 804182 324744 766417 654766 479438 269482 585117 282934 225804 181860 198645 343235 232924 68576.7 177134 69648.9 56303.5 110311 87603.8 176621 109891 66730.2 120640 113251 98185.8 96408.8 57357.8 39676.3
internal_count=18502939 4279912 14223027 9595222 2884245 2288195 4627805 3974334 2084810 862862 2833922 2208661 613613 1395667 1117025 2793518 539357 203385 156156 278642 216580 960869 665301 295568 370552 348621 307853 578032 369551 117299
is_linear=0
shrinkage=0.05


Tree=60
num_leaves=31
num_cat=0
split_feature=4 1 1 6 9 6 6 12 6 2 7 12 5 6 12 6 5 7 6 12 2 4 5 1 1 2 6 4 5 5
split_gain=112462 41087.1 36630.8 33364.3 19072.3 16719.8 15066.4 15576.1 11213.4 19394.9 10106.3 10038.1 9983.01 9651.18 9902.88 9185.62 11563.8 9865.94 11128.9 9169.42 9087.8 8842.48 8237.28 7853.74 7967.17 8639.9 6627.36 6459.94 10790.3 8053.56
threshold=0.82142483952828793 0.76095238095238105 0.65261756876663723 0.13100686498855837 1.0000000180025095e-35 0.85357142857142865 0.37715517241379315 22.500000000000004 0.087595907928388769 0.13392857142857145 1.0000000180025095e-35 48.500000000000007 0.71480709071949955 0.53137254901960795 1.5000000000000002 0.91833333333333345 0.69592735277930662 1.0000000180025095e-35 0.55777777777777793 1.0000000180025095e-35 0.23611111111111113 0.45981446090141748 0.10361093038386467 0.084219858156028407 0.32200460829493094 0.066964285714285726 0.64852941176470602 0.987266214824983 0.87545620437956218 0.95500556736511799
decision_type=2 2 2 2 2 2 2 2 2 2 2 2 2 2 2 2 2 2 2 2 2 2 2 2 2 2 2 2 2 2
left_child=2 15 3 22 5 10 7 8 9 -4 12 23 -3 -14 27 16 -2 18 -18 -20 -17 -11 -1 -5 25 -25 -16 28 -15 -30
right_child=1 4 6 11 -6 -7 -8 -9 -10 21 -12 -13 13 14 26 20 17 -19 19 -21 -22 -23 -24 24 -26 -27 -28 -29 29 -31
leaf_value=0.0030402029386151267 0.022933385649329695 0.033244548923987989 2.5480451123681811 0.0021943991721030684 0.043479058063059989 0.048914692851630852 0.021567606122815153 0.0089440872870741404 -0.0026520283517149881 0.020186037255367432 0.054541771928914122 0.024905533272994912 -0.0029437735601348736 0.037103377253850288 0.0090383430927438689 0.015193810854566128 -0.021253302783894729 0.03570615592511571 -0.020374348621006753 0.0088767924393882754 0.049602400672161331 -0.044569028494240659 -0.045193282149822434 -0.034777486298601508 -0.0017451734694521543 0.012354571873629179 0.035965131642723157 0.032266199360540836 -0.044187264538791113 0.0059198971924320498
leaf_weight=9851.674155831337 98246.029401500709 78555.753173392266 7.2689029648900023 90849.899154832587 194265.76715665311 58790.466789796948 117778.27527382225 216153.01412875764 83225.74942756258 6196.1567998826504 19912.281694918871 24306.968646349385 69742.394135139883 10340.431132163852 32481.634626604617 64057.714732699096 47702.013590341434 21790.365748897195 30679.514855653048 211403.11109559238 27396.6931453906 35342.057401676662 87205.558347878046 63026.029536517337 50252.414734243415 11497.054796205834 77074.110879745334 13542.583337701857 17761.102037116885 14620.170362263918
leaf_count=181363 544726 238511 91 641004 948857 328601 418418 1087632 513695 43498 68250 151424 182910 35763 109837 157885 220766 61243 147784 621621 136136 2490761 6631079 1848392 170989 44681 333697 44772 58149 40404
internal_value=0.0112421 0.0216872 -0.00304484 -0.0155612 0.030664 0.0243265 0.0061504 0.000824261 -0.0132425 -0.0344577 0.0199988 -0.00555492 0.0178091 0.0126617 0.0192252 0.0111736 0.00797628 0.00325999 0.000820199 0.00516975 0.0255015 -0.0349097 -0.0402974 -0.00898866 -0.0171311 -0.0275062 0.0279817 0.00217488 -0.00736393 -0.0215638
internal_weight=1.88405e+06 1.08836e+06 795692 336990 587087 392821 458703 340924 124771 41545.5 334030 239932 314118 235562 165820 501275 409821 311575 289785 242083 91454.4 41538.2 97057.2 215625 124775 74523.1 109556 56264.3 42721.7 32381.3
internal_count=18502939 4279912 14223027 9668932 2389751 1440894 4554095 4135677 3048045 2534350 1112293 2856490 1044043 805532 622622 1890161 1596140 1051414 990171 769405 294021 2534259 6812442 2705066 2064062 1893073 443534 179088 134316 98553
is_linear=0
shrinkage=0.05


Tree=61
num_leaves=31
num_cat=0
split_feature=6 1 0 6 9 6 9 7 11 12 5 6 2 5 12 2 6 4 4 6 12 12 6 12 4 5 4 6 4 5
split_gain=105304 46611.8 37717.3 31066.5 14442 13996.2 11824 10097 9293.97 9293.57 9251 8455.61 9044.15 7727.17 8737.93 7592.94 7341.39 9936.07 6950.75 6604.2 13011.7 8029.45 6464.99 6340.64 10332.6 6064.46 5902.19 8283 5866.59 5836.56
threshold=0.47722567287784684 0.76095238095238105 0.74363155363155375 0.13100686498855837 1.0000000180025095e-35 0.85357142857142865 1.0000000180025095e-35 1.0000000180025095e-35 4.5000000000000009 20.500000000000004 0.85770528683914526 0.94868421052631591 0.23611111111111113 0.88413424866514123 1.5000000000000002 0.087121212121212141 0.048809523809523817 0.48499228395061728 0.873084964458955 0.19677419354838713 23.500000000000004 27.500000000000004 0.64852941176470602 1.5000000000000002 0.987266214824983 0.72104203935599298 0.987266214824983 0.77525252525252542 0.81711599808393987 0.74431524547803629
decision_type=2 2 2 2 2 2 2 2 2 2 2 2 2 2 2 2 2 2 2 2 2 2 2 2 2 2 2 2 2 2
left_child=2 11 3 -1 7 6 10 15 16 28 22 13 -13 18 26 -4 17 -6 25 20 -17 -21 29 24 -12 -2 -15 -28 -5 -3
right_child=1 5 4 9 8 -7 -8 -9 -10 -11 23 12 -14 14 -16 19 -18 -19 -20 21 -22 -23 -24 -25 -26 -27 27 -29 -30 -31
leaf_value=-0.04248737764381412 0.013387000539952291 0.031767794047840726 0.05343628646220791 -0.023417012722961615 0.017834174559931654 0.048852083819627967 0.040083305193049729 0.05319600634645355 -0.022802138860481314 0.0065603238868084226 -0.016846043407525144 0.014646299274845405 0.050748740464366698 -0.03504687657856162 0.0076182142121728053 -0.028845260708209211 0.030649611248307188 -0.03830730819518801 0.018187683376722316 0.00086399321801145868 4.4986477165923682e-05 0.031570841847400791 0.041139375260279006 0.022847494279287398 0.033346175749089241 -0.0080225551677126482 0.044946831390474014 -0.034717633673975047 -0.00031492656936221638 0.0092215720698678692
leaf_weight=84376.976947643794 68623.746518552303 64214.788969397545 6335.1988053992391 77670.415862186812 39723.299076961353 100593.65625498444 137957.86856292933 8837.2257306165993 12524.736810165457 82360.742539253086 36006.997668720782 59374.659699678421 24507.811495855451 27794.860116478056 63546.091620583087 55159.593589859083 90222.719303136691 9831.7170946039259 178324.77764664963 169519.19450154155 132816.29544227291 24346.550239093602 67593.332855835557 47989.983790714294 14336.059441655874 63853.317484013736 6624.8652398735285 6429.5011487193406 42526.751633061096 51907.437887281179
leaf_count=6559917 238238 211029 16744 1690507 111748 585585 682864 25844 66339 880334 107744 146601 126581 147784 190463 2641457 414323 502320 513513 453908 832832 62699 292110 207207 48139 235690 15743 20566 312312 161798
internal_value=0.0108475 0.0216332 -0.00230399 -0.0169963 0.00537054 0.0321001 0.0280879 0.000349159 0.01846 -0.00637787 0.0222207 0.0107149 0.0251943 0.00778967 -0.00397973 -0.000853951 0.0221573 0.0066957 0.0117429 -0.00175469 -0.00843256 0.0047203 0.0288456 0.00984337 -0.00255294 0.0030677 -0.0220218 0.0057107 -0.0152433 0.0216895
internal_weight=1.85593e+06 1.01968e+06 836251 286935 549317 520600 420006 397014 152302 202558 282049 499080 83882.5 415197 104395 388177 139778 49555 310802 381842 187976 193866 183716 98333 50343.1 132477 40849.2 13054.4 120197 116122
internal_count=18502939 3931655 14571284 9443070 5128214 2296476 1710891 4033484 1094730 2883153 1028027 1635179 273182 1361997 374556 4007640 1028391 614068 987441 3990896 3474289 516607 664937 363090 155883 473928 184093 36309 2002819 372827
is_linear=0
shrinkage=0.05


Tree=62
num_leaves=31
num_cat=0
split_feature=6 1 2 6 9 6 9 7 10 1 5 6 2 12 4 11 11 5 11 6 5 6 11 6 4 6 12 7 6 4
split_gain=97177 44841.1 35147.3 33037.5 16569.3 14088.7 11779.2 11264.4 9118.01 13646.5 8189.99 7907.99 8926.31 7717.12 8539.81 7679.84 9613.92 7331.41 6803.93 6737.84 10316.5 6672.89 6651.85 6597.46 14142.5 14939.3 8185.96 6590.76 9114.63 7654.48
threshold=0.47722567287784684 0.76095238095238105 0.30952380952380959 0.13100686498855837 1.0000000180025095e-35 0.8973684210526317 1.0000000180025095e-35 1.0000000180025095e-35 1.0000000180025095e-35 0.32529069767441865 0.85770528683914526 0.94868421052631591 0.23611111111111113 1.5000000000000002 0.987266214824983 19.500000000000004 13.500000000000002 0.79324593901396423 4.5000000000000009 0.048809523809523817 0.11437177280550777 0.64852941176470602 8.5000000000000018 0.17752100840336138 0.45981446090141748 0.050641025641025648 27.500000000000004 1.0000000180025095e-35 0.73798627002288331 0.987266214824983
decision_type=2 2 2 2 2 2 2 2 2 2 2 2 2 2 2 2 2 2 2 2 2 2 2 2 2 2 2 2 2 2
left_child=2 11 3 -1 7 6 10 23 9 -5 21 17 -13 14 -12 16 22 -2 19 20 -6 -3 -10 24 -4 -26 -25 28 29 -19
right_child=1 5 4 8 18 -7 -8 -9 15 -11 13 12 -14 -15 -16 -17 -18 27 -20 -21 -22 -23 -24 26 25 -27 -28 -29 -30 -31
leaf_value=-0.045296804188230538 0.015028457797356953 0.020976395613830513 0.0037750359088672019 -0.025645541325413215 0.018942157263816387 0.050660513070509575 0.039649120526303989 0.057195874220097892 0.011513401974039533 0.019201543091974107 -0.015939202867747897 0.014024010619087979 0.050516727670880217 0.024152847569321397 0.029648990942720978 -0.023401504405092033 0.032508278252192643 -0.015589840238804779 -0.012078570925376028 0.030104891360572639 -0.037134172190385832 0.040789289764315222 -0.032177679009769103 0.00043284376985763037 -0.047718493107838628 -0.0049101917220478681 0.029167045518220115 0.033916579681561747 0.0084844790390677088 0.044016580320087366
leaf_weight=74951.305566826835 179674.94666110724 114132.17715394869 103217.17541855667 81449.654555308633 39453.612069332972 80024.911228299141 140445.99585950375 8286.7196966595948 23998.844416450709 21424.382836298086 36611.027854356915 58920.684706058353 23416.932159282267 52682.203878920525 14279.286432266235 18247.856414444745 33366.979975618422 90937.180169787258 16219.043946468271 92263.664489706978 10354.359664745629 67708.021287016571 13675.946411479264 179335.53701301664 36775.172769806348 45715.57366224844 28761.455184362829 14776.199546750635 122298.21310037747 5725.1277877390385
leaf_count=6311487 582127 372827 298116 2331875 108836 491764 725179 22659 119483 99827 110292 146601 126581 239876 50141 112476 123487 369187 84994 423696 537082 306397 79625 477750 2718534 647829 73528 41041 355628 14014
internal_value=0.010464 0.0209391 -0.00221542 -0.0171408 0.00489901 0.0314119 0.0277948 -0.000495415 -0.00615889 -0.0163058 0.0219615 0.0102523 0.0244026 0.0107388 -0.00314764 0.00553171 0.0129635 0.00743408 0.018602 0.0221045 0.0072847 0.0283537 -0.00434646 -0.0017094 -0.00856011 -0.0239945 0.00440425 0.00159624 -0.000584849 -0.0120595
internal_weight=1.82913e+06 1.00163e+06 827497 267115 560382 505884 425859 402092 192164 102874 285413 495749 82337.6 103573 50890.3 89289.6 71041.8 413412 158291 142072 49808 181840 37674.8 393805 185708 82490.7 208097 233737 218961 96662.3
internal_count=18502939 3931655 14571284 9178260 5393024 2296476 1804712 4238416 2866773 2431702 1079533 1635179 273182 400309 160433 435071 322595 1361997 1154608 1069614 645918 679224 199108 4215757 3664479 3366363 551278 779870 738829 383201
is_linear=0
shrinkage=0.05


Tree=63
num_leaves=31
num_cat=0
split_feature=4 0 2 6 6 7 12 6 5 6 12 4 6 10 4 5 5 2 11 11 6 11 9 6 4 4 11 0 12 2
split_gain=91342.7 37567 28826.2 31549.7 23918 14172.6 14806.6 10890.3 20768.7 9961.97 12859 9565.45 9686.49 9448.03 8606 7118.88 6913.5 6705.12 6652.09 7624.77 6637.76 6319.62 7772.11 6046.58 17312.1 6530.73 5981.33 5829.79 5660.55 5586.08
threshold=0.82142483952828793 0.72279980368215668 0.47222222222222227 0.13100686498855837 0.8973684210526317 1.0000000180025095e-35 1.0000000180025095e-35 0.6132478632478634 0.64888572783309639 0.47722567287784684 30.500000000000004 0.64571741717050657 0.35388994307400384 1.0000000180025095e-35 0.85433160035260658 0.76728257406817468 0.92888748419721889 0.26136363636363641 18.500000000000004 14.500000000000002 0.85357142857142865 3.5000000000000004 1.0000000180025095e-35 0.087595907928388769 0.45981446090141748 0.76080849281877538 8.5000000000000018 0.59918229918229937 78.500000000000014 0.16025641025641027
decision_type=2 2 2 2 2 2 2 2 2 2 2 2 2 2 2 2 2 2 2 2 2 2 2 2 2 2 2 2 2 2
left_child=2 13 3 -1 5 6 16 8 -8 10 23 -5 -13 17 -10 -16 -3 21 19 -15 -19 27 28 24 -4 -25 -9 -2 -23 -24
right_child=1 4 9 11 -6 -7 7 26 14 -11 -12 12 -14 18 15 -17 -18 20 -20 -21 -22 22 29 25 -26 -27 -28 -29 -30 -31
leaf_value=-0.040801938953595129 -0.0032019528177501082 0.017275718468007652 0.0058154964347390814 0.016082357456377077 0.049865517868889653 0.05260150645034789 0.039796074598166004 0.033395352520426219 -0.022252548085074396 0.020278479960506038 0.011527531895064563 -0.024130960631372857 -0.0003362469026407485 0.011350576935785228 0.023673163600564553 0.0024410714278181277 -0.01605169416344213 0.0050644299701916905 -0.0059092147485356687 0.041625265316841548 0.044831086942701583 -0.0070924288772085918 -0.065182580353559658 0.0054948764702751575 -0.042143815600120156 -0.021454315490839981 0.0071097575132773906 0.027942900820570965 0.78589299869801532 0.012401358582962832
leaf_weight=84912.827888723463 42855.038826105185 26997.034696210176 37383.741913386621 43480.243801993318 93768.584863319993 37275.7491986081 68271.271420571953 230675.79844724387 21476.359190646559 85718.956139158458 170675.33786210418 72507.1995533593 104288.26896394417 47120.593165582046 68493.387643128633 93196.997000757605 36734.248973242939 38987.601019559428 22456.739087225869 37228.740926045924 14358.073821801692 95314.851681903005 10302.316976549104 100864.27495105565 37886.606894058175 28928.284444650635 23882.941399127245 23137.247012604959 22.509749695658684 2994.4308804906905
leaf_count=6761300 229229 82264 119756 625261 596050 143871 217490 1083264 75894 313131 794794 1605331 603330 126035 218673 297024 112749 97552 62062 90545 58604 577941 79898 574483 2726906 98735 56966 66339 91 7371
internal_value=0.0100955 0.0197809 -0.00298709 -0.0149091 0.0263632 0.0227326 0.0207784 0.023639 0.0162584 0.0048976 0.00138869 -0.00492778 -0.0100949 0.00600254 0.00748527 0.0114352 -0.00193396 0.000253188 0.0182742 0.0247127 0.0157677 -0.00448625 -0.0118998 -0.00704994 -0.0183244 -0.000511584 0.0309292 0.0077176 -0.0069052 -0.0477107
internal_weight=1.8022e+06 1.03555e+06 766646 305189 700772 607004 569728 505997 251438 461457 375738 220276 176795 334778 183167 161690 63731.3 227972 106806 84349.3 53345.7 174626 108634 205063 75270.3 129793 254559 65992.3 95337.4 13296.7
internal_count=18502939 4279912 14223027 9595222 2884245 2288195 2144324 1949311 809081 4627805 4314674 2833922 2208661 1395667 591591 515697 195013 1117025 278642 216580 156156 960869 665301 3519880 2846662 673218 1140230 295568 578032 87269
is_linear=0
shrinkage=0.05


Tree=64
num_leaves=31
num_cat=0
split_feature=4 0 2 6 6 7 5 6 12 9 6 12 1 10 0 4 5 4 6 5 12 4 4 4 6 11 11 4 11 11
split_gain=84304.8 35410.7 26532.7 31868.4 23772 13861 14185.5 15317.1 21906.4 11892.3 9147.86 12581.4 8884.91 7818.91 14189.7 7591.41 7097.6 8833.83 13417.8 11344.5 18102.3 12861.9 7610.29 7052.76 8892.4 7003.57 8296.04 6802.67 6725.91 6718.52
threshold=0.82142483952828793 0.72279980368215668 0.30952380952380959 0.15075757575757578 0.8973684210526317 1.0000000180025095e-35 0.71480709071949955 0.65301003344481623 1.5000000000000002 1.0000000180025095e-35 0.21807065217391305 22.500000000000004 0.05064102564102569 1.0000000180025095e-35 0.62333546462063105 0.86217891839009864 0.88413424866514123 0.987266214824983 0.73798627002288331 0.95500556736511799 1.0000000180025095e-35 0.93758399495241618 0.98065871509894298 0.76080849281877538 0.47722567287784684 18.500000000000004 13.500000000000002 0.64571741717050657 8.5000000000000018 18.500000000000004
decision_type=2 2 2 2 2 2 2 2 2 2 2 2 2 2 2 2 2 2 2 2 2 2 2 2 2 2 2 2 2 2
left_child=2 12 3 -1 5 6 -3 15 16 10 11 -4 29 14 -5 -8 -9 19 -19 20 -18 -22 -21 -12 -25 26 28 -16 -15 -2
right_child=1 4 9 13 -6 -7 7 8 -10 -11 23 -13 -14 25 27 -17 17 18 -20 22 21 -23 -24 24 -26 -27 -28 -29 -30 -31
leaf_value=-0.04327427813328652 0.027731657806199329 0.033938865188872902 -0.02848618848933911 -0.027728972856192843 0.049658734959242723 0.052236886499134133 -0.024349935911054305 0.034284612032527327 0.033245283579376693 0.015500722813607447 0.017055221752452492 -0.00042496963625626439 0.00091721420662036813 0.012730513363913129 0.069606106164331591 0.0077974895093693916 -0.021321341394847721 0.045974019471278361 -0.039239902041268121 0.039935351145416534 -0.0093578581375955636 -0.19618343427325335 -0.018847873208322388 -0.030525528148480915 0.0086633821788684885 -0.018729446079263003 0.032496706296119802 0.0038489319329033603 -0.031336968031687812 -0.0043875262886159385
leaf_weight=75309.419933465309 64189.085145722143 139197.40808271989 55770.931952367537 64050.644073186442 89557.548836756498 35699.065682966262 21015.150933280587 13825.360260613263 173610.4002542831 152057.57940959558 88729.364782914519 140757.70126079489 246234.23750731163 25739.965812820941 4842.6875044200569 145575.22044495866 17939.873411688954 15584.957625426352 6565.6792299225926 9900.7379672154784 1355.7716986760497 2874.3172319941223 12404.139466226101 21944.151885420084 42531.224812187254 22436.636333189905 31340.15005954355 20939.587394507602 13047.972756437957 21814.127157421783
leaf_count=6477471 173446 493038 2713984 1889706 596050 143871 73801 56784 808353 1147601 238420 989261 1162070 107744 36218 479024 55146 55237 30030 30303 5551 17472 39585 68978 146874 114478 96369 126399 69524 60151
internal_value=0.00973476 0.019145 -0.00287022 -0.0159108 0.0256411 0.0220293 0.0201031 0.0155247 0.0232507 0.00382707 -0.00124842 -0.00838819 0.00574953 -0.00461277 -0.0151212 0.00374214 0.00168275 -0.00508242 0.0207157 -0.0179311 -0.0432605 -0.136305 0.00724495 0.00791037 -0.00467454 0.00558555 0.0133648 0.0162001 -0.00209346 0.0195848
internal_weight=1.77684e+06 1.01734e+06 759498 257707 685106 595548 559849 420652 254061 501791 349733 196529 332237 182398 89832.9 166590 80450.8 66625.5 22150.6 44474.8 22170 4230.09 22304.9 153205 64475.4 92564.7 70128.1 25782.3 38787.9 86003.2
internal_count=18502939 4279912 14223027 8917909 2884245 2288195 2144324 1651286 1098461 5305118 4157517 3703245 1395667 2440438 2052323 552825 290108 233324 85267 148057 78169 23023 69888 454272 215852 388115 273637 162617 177268 233597
is_linear=0
shrinkage=0.05


Tree=65
num_leaves=31
num_cat=0
split_feature=6 11 2 6 9 9 6 7 0 10 0 1 6 2 5 7 11 1 11 4 12 4 11 11 6 11 8 12 5 6
split_gain=78295.3 40851.8 27747 29552.2 14228 14175.6 11636.4 9943.61 8738.68 9709.22 7955.69 11896.1 7715.14 8138.16 7355.65 6924.93 6632.15 6420.15 6358.05 6219.19 6121.36 6756.35 5875.98 6677.83 5707.46 5673.65 5343.9 5472.83 14779.2 7169.93
threshold=0.47722567287784684 1.0000000180025095e-35 0.30952380952380959 0.13100686498855837 1.0000000180025095e-35 1.0000000180025095e-35 0.8973684210526317 1.0000000180025095e-35 0.70320450748082342 1.0000000180025095e-35 0.39635934833703595 0.32529069767441865 0.94868421052631591 0.11805555555555557 0.85770528683914526 1.0000000180025095e-35 8.5000000000000018 0.3506756756756757 4.5000000000000009 0.80468074283614099 1.5000000000000002 0.987266214824983 18.500000000000004 13.500000000000002 0.65301003344481623 8.5000000000000018 1.0000000180025095e-35 17.500000000000004 0.31440092165898625 0.267948717948718
decision_type=2 2 2 2 2 2 2 2 2 2 2 2 2 2 2 2 2 2 2 2 2 2 2 2 2 2 2 2 2 2
left_child=2 4 3 -1 6 7 14 26 9 17 -5 -12 13 -10 24 16 -15 -3 19 -7 21 -16 23 25 -2 -11 -4 28 -28 -29
right_child=1 8 5 10 -6 18 -8 -9 12 22 11 -13 -14 15 20 -17 -18 -19 -20 -21 -22 -23 -24 -25 -26 -27 27 29 -30 -31
leaf_value=-0.044509257193258371 0.018990226706370111 -0.0074036952581794692 -0.068021842464077595 0.0054825553504917078 0.042112955833711219 0.014878672439818236 0.048613654041084392 0.056280235631274739 0.045749128126512578 0.018856408771424683 -0.024041312560375061 0.017980049087386187 0.048101517445691251 0.015033468829644778 -0.015525083106553353 0.05189665465316317 -0.0079152260121429178 0.015433940657875039 -0.012640459883940112 0.040467325519517497 0.021165231824504853 0.027043128568321907 -0.0062745415448732592 0.035382555797756531 0.038242478391347791 -0.022409101929921807 -0.036722041312588181 0.00077897385636694792 -0.0008925905396882359 0.02899741083946232
leaf_weight=66273.590775601566 105226.94882148132 155583.41536648571 3035.489588261582 86337.942501526326 155705.71585515514 106912.44324105978 40019.087854485959 7475.5270346431062 18269.527757361531 30212.167661286891 79858.543637345545 21343.980404178612 18565.157667804509 99476.860412281007 34765.476434446871 9469.7851381711662 46060.801583610475 38361.736187074333 16108.643034693785 30524.989237880334 48313.448184758425 12736.300803653896 23758.044287405908 44123.007251955569 60704.664409138262 11500.400568149984 34839.345915592276 156138.02054972854 165519.00482645072 26302.807540521026
leaf_count=6311487 358995 673764 130585 543452 876330 932659 269178 22659 51688 74074 2223130 100191 126217 359177 105560 33761 122031 107653 84994 136955 229866 47229 62517 107107 291655 34853 2261168 1175993 578123 69888
internal_value=0.00937909 0.019064 -0.00214663 -0.0158091 0.0298373 0.00419458 0.0235034 -0.000835287 0.00911511 0.00383567 -0.00566697 -0.0151789 0.0174684 0.0141863 0.0196642 0.0104663 0.0077705 -0.00288648 0.0170786 0.0205619 0.00863389 -0.00411158 0.0157317 0.0218227 0.0260335 0.00747926 -0.0019419 -0.0014179 -0.0071228 0.00484727
internal_weight=1.75352e+06 952853 800670 253814 457472 546856 301766 393310 495381 303539 187540 101203 191842 173277 261747 155007 145538 193945 153546 137437 95815.2 47501.8 109594 85835.6 165932 41712.6 385835 382799 200358 182441
internal_count=18502939 3931655 14571284 9178260 2178813 5393024 1302483 4238416 1752842 1059968 2866773 2323321 692874 566657 1033305 514969 481208 781417 1154608 1069614 382655 152789 278551 216034 650650 108927 4215757 4085172 2839291 1245881
is_linear=0
shrinkage=0.05


Tree=66
num_leaves=31
num_cat=0
split_feature=4 1 1 6 9 6 6 12 7 5 5 6 12 12 6 5 4 2 12 1 11 6 4 6 0 2 6 2 5 4
split_gain=72960.1 32540.7 23045.5 25076.1 17956.3 15075.5 10851.7 10385.8 9092.19 8744.92 8527.59 8260.81 8121.38 7875.11 7214.39 10645.4 8363.62 8175.02 7240.6 6734.3 6457.6 6137.82 11580.2 6050.56 5404.5 7070.69 5743.42 5507.69 5287.69 6279.68
threshold=0.82142483952828793 0.76095238095238105 0.70659971305595415 0.14119601328903655 1.0000000180025095e-35 0.88562091503267981 0.37715517241379315 26.500000000000004 1.0000000180025095e-35 0.10361093038386467 0.70283649986620289 0.53137254901960795 52.500000000000007 1.5000000000000002 0.91833333333333345 0.69592735277930662 0.87661889473430366 0.23611111111111113 1.0000000180025095e-35 0.059714795008912643 19.500000000000004 0.087595907928388769 0.47856087531016561 0.64852941176470602 0.63196015585721488 0.066964285714285726 0.61721611721611735 0.10555555555555557 0.87545620437956218 0.987266214824983
decision_type=2 2 2 2 2 2 2 2 2 2 2 2 2 2 2 2 2 2 2 2 2 2 2 2 2 2 2 2 2 2
left_child=2 14 3 9 5 8 7 21 10 -1 -3 -12 19 28 15 -2 -17 -16 -18 20 -5 22 -4 -15 25 26 -21 -26 -13 -30
right_child=1 4 6 12 -6 -7 -8 -9 -10 -11 11 13 -14 23 17 16 18 -19 -20 24 -22 -23 -24 -25 27 -27 -28 -29 29 -31
leaf_value=0.0056621614361886292 0.020456787014329091 0.031105342010104967 0.0096086771404819207 0.013007343551247686 0.040719660811082477 0.049667934314037009 0.019243156151438522 0.0079385830033845781 0.053097191877332563 -0.042484818352243645 -0.0036843780424783788 0.034654196746772038 0.027393098109474313 0.0070082346468340649 0.012604705093867142 -0.017760304940882626 -0.01745939927854764 0.048192220233019278 0.0080748286845313925 -0.032747318438535344 -0.022409255118125235 -0.0022564062753900635 -0.042538557420952472 0.032993929539695502 0.024305758478420893 0.0095969020610144184 0.019604015565160861 -0.010581300514057724 -0.017039900871006833 0.024830117922645906
leaf_weight=10822.628606846556 93882.679794888943 62620.216154046357 16155.287355164997 57451.552185670473 158612.20916393399 39166.869628358632 100714.72363176197 188914.20042182505 16301.463228449225 73344.407078360207 72468.052669420838 9852.402340028435 18361.897483265027 32711.222785837948 61404.356588706374 48868.57882892713 31781.864425012842 21890.294471617788 219565.58378049731 63476.451886137947 16586.290803392418 84160.463770172559 31219.422302437015 71071.353486608714 14843.550812296569 14850.857215937227 5710.3919568434358 47564.855717241764 33209.237579330802 12261.533315747976
leaf_count=186368 544726 210483 113204 318864 948857 288925 400400 904267 69888 6808711 194012 38948 101556 119119 157885 193921 156884 136136 700609 1910363 104923 522704 2525523 372645 102739 55055 33124 135226 100464 46410
internal_value=0.00903916 0.0179616 -0.00277864 -0.0128257 0.0267661 0.0204366 0.00492701 0.000427564 0.0167492 -0.0362938 0.0147352 0.0103085 -0.0045558 0.0166818 0.00858748 0.0057617 0.0011663 0.0219573 0.00484613 -0.0072165 0.00507316 -0.01036 -0.0247558 0.0248035 -0.0134297 -0.0217071 -0.0284265 -0.00228357 0.00144605 -0.00574934
internal_weight=1.72984e+06 985668 744177 323013 508275 349662 421164 320449 310495 84167 294194 231574 238846 159106 477393 394099 300216 83294.7 251347 220484 74037.8 131535 47374.7 103783 146446 84037.7 69186.8 62408.4 55323.2 45470.8
internal_count=18502939 4279912 14223027 9756929 2389751 1440894 4466098 4065698 1151969 6995079 1082081 871598 2761850 677586 1890161 1596140 1051414 294021 857493 2660294 423787 3161431 2638727 491764 2236507 1998542 1943487 237965 185822 146874
is_linear=0
shrinkage=0.05


Tree=67
num_leaves=31
num_cat=0
split_feature=6 11 2 6 9 9 6 7 0 0 6 4 7 2 10 0 5 11 11 2 11 2 9 6 4 9 6 5 1 2
split_gain=67588.5 37273.2 23757.4 27316.1 13867.2 12726.4 11234.4 9122.57 7964.74 11236.9 9126.66 7863.75 7704.72 7395.54 6794.08 10033.3 6726.5 5851.71 5780.79 5695.05 5819.83 5751.64 7047.88 5690.4 8620.24 5551.55 5475.34 5208.79 5202.54 6007.96
threshold=0.47722567287784684 1.0000000180025095e-35 0.30952380952380959 0.13100686498855837 1.0000000180025095e-35 1.0000000180025095e-35 0.8973684210526317 1.0000000180025095e-35 0.62609461688409074 0.43814559623383159 0.90692640692640702 0.55265880293930791 1.0000000180025095e-35 0.10555555555555557 1.0000000180025095e-35 0.63196015585721488 0.85770528683914526 26.500000000000004 4.5000000000000009 0.88194444444444453 8.5000000000000018 0.61250000000000016 1.0000000180025095e-35 0.048809523809523817 0.48499228395061728 1.0000000180025095e-35 0.65301003344481623 0.74431524547803629 0.48610038610038619 0.41428571428571431
decision_type=2 2 2 2 2 2 2 2 2 2 2 2 2 2 2 2 2 2 2 2 2 2 2 2 2 2 2 2 2 2
left_child=2 4 3 -1 6 7 16 -4 9 -3 12 -5 13 25 15 -13 26 -16 23 20 28 -22 -23 24 -7 -10 27 -2 29 -15
right_child=1 8 5 11 -6 18 -8 -9 10 -11 -12 14 -14 19 17 -17 -18 -19 -20 -21 21 22 -24 -25 -26 -27 -28 -29 -30 -31
leaf_value=-0.043941343072955275 0.0281366889857061 0.012304581485944372 -0.0020221698685677523 0.068040187562390192 0.041122596437000114 0.016142597412856095 0.048054070478603217 0.055637450968909347 0.037682792481800911 -0.008431876517898021 0.042562436431234543 -0.025893961346142691 0.04957209689731687 -0.049948645330172715 0.006437466163972368 0.010682479362119395 0.0077992931364531592 -0.051843153678652068 -0.012208171098821696 0.053670612616555313 0.0062337467453915697 -0.011156358212831806 -0.069654117243481639 0.027167433267160021 -0.037444271407419918 -0.042506139472756464 0.037071596683085822 0.0055024476840310572 0.013787779230706716 0.019549996740741798
leaf_weight=61104.024320025928 55457.395639508963 137538.14982218295 381668.66976858769 3576.6398420389742 145297.73518466949 38383.057352459989 36687.075169509277 6985.3853916823864 28152.685482289642 124439.0901800096 26970.766874097288 69524.137705935165 12496.386523280293 7311.8484685271978 81482.76627744548 25672.350380759686 93510.713769748807 4547.3579755052924 16060.544428907335 5698.224332883954 23370.699346020818 17543.433035500348 7287.9759989008307 86643.327741168439 9328.898988421075 2337.5836153812706 57239.530020918697 46926.219648942351 89129.848581217229 5410.8723261728883
leaf_count=6311487 203021 384475 4215757 34671 876330 116298 269178 22659 72982 566384 170716 2249429 42861 26208 393666 154973 382655 34034 84994 12649 56238 47320 25480 423696 529620 10101 291655 155974 323141 14287
internal_value=0.00870344 0.0178775 -0.00208147 -0.0149603 0.028516 0.00379347 0.0221959 -0.000985838 0.00838578 0.00245477 0.0152698 -0.00537795 0.0115659 0.00901582 -0.00682691 -0.0160301 0.0184482 0.00335688 0.0161426 0.00460745 0.00274431 -0.0115694 -0.0283254 0.0195315 0.005665 0.031535 0.0246866 0.0177626 0.00951835 -0.0203914
internal_weight=1.70778e+06 922806 784977 245907 435119 539070 289821 388654 487688 261977 225710 184803 198740 186243 181227 95196.5 253134 86030.1 150416 155753 150055 48202.1 24831.4 134355 47712 30490.3 159623 102384 101853 12722.7
internal_count=18502939 3931655 14571284 9178260 2178813 5393024 1302483 4238416 1752842 950859 801983 2866773 631267 588406 2832102 2404402 1033305 427700 1154608 505323 492674 129038 72800 1069614 645918 83083 650650 358995 363636 40495
is_linear=0
shrinkage=0.05


Tree=68
num_leaves=31
num_cat=0
split_feature=4 1 2 6 9 6 7 4 5 6 6 12 6 12 5 4 6 6 5 7 6 2 4 5 4 4 6 8 4 0
split_gain=63447 29481.7 19721.5 24885.5 17131.1 14450.1 8711.12 8563.45 8127.64 7985 7220.14 7288.43 7035.46 11914.3 7727.86 7204.62 8725.93 6468.37 10153 8094.74 8809.95 7912.22 6514.52 6406.72 6371.43 6103.42 5747.07 5464.99 5308.27 5153.92
threshold=0.82142483952828793 0.76095238095238105 0.47222222222222227 0.13100686498855837 1.0000000180025095e-35 0.88562091503267981 1.0000000180025095e-35 0.64571741717050657 0.70283649986620289 0.35388994307400384 0.53137254901960795 1.5000000000000002 0.24621212121212124 19.500000000000004 0.25681874535085553 0.76080849281877538 0.45643939393939398 0.91833333333333345 0.73363914373088701 1.0000000180025095e-35 0.73798627002288331 0.23611111111111113 0.987266214824983 0.88413424866514123 0.97210656064751488 0.873084964458955 0.64852941176470602 1.0000000180025095e-35 0.71518551646458628 0.94672705314009675
decision_type=2 2 2 2 2 2 2 2 2 2 2 2 2 2 2 2 2 2 2 2 2 2 2 2 2 2 2 2 2 2
left_child=2 17 3 29 5 6 8 -5 -3 -9 -10 -12 13 14 -4 -14 -17 18 -2 20 22 -19 23 25 -22 -20 -13 -15 -11 -1
right_child=1 4 12 7 -6 -7 -8 9 10 28 11 26 15 27 -16 16 -18 21 19 -21 24 -23 -24 -25 -26 -27 -28 -29 -30 -31
leaf_value=-0.040563213921081441 0.017203417302075221 0.030053680086651702 -0.038361047096028056 0.015563413177937161 0.03967347671694374 0.049310889008680976 0.052634162494069797 -0.02263805831876925 -0.0035817423271564692 0.019688894921694643 0.00085434337726109913 0.0061960220323190839 0.02057985752528034 -0.076871957779474073 -0.0042956593089358416 -0.024554435793705229 0.011335037109630118 0.011721421168227662 -0.032454726481821849 0.032055845046653229 0.012884295356234155 0.047734884882664176 0.041870872026103657 -0.033502888631251199 -0.020112986679394908 -0.001296940527249814 0.031849581909146434 0.0056439516811408264 -0.0070397050436286236 0.05805425331092539
leaf_weight=69586.385796443559 122220.52320572548 60508.417218953371 30050.775130972266 42586.107131431811 147821.32765080035 35800.520889405161 15179.834258135408 68901.16896043811 72541.012651376426 24501.89108950831 54616.792541306466 32234.393375713378 98351.921579934657 2027.0402591656893 37329.072440673597 24398.739771347493 55373.566653102636 60583.08983572945 19438.158623112366 18152.664401229471 95516.065608631819 20382.503690289333 5583.1755384504795 30168.534899059683 17275.024773083627 82111.229261709377 67650.661779750139 198696.73947894108 76798.240037091076 1350.5728685408831
leaf_count=6751290 644644 210483 2180724 625261 948857 288925 69888 1605331 194012 134680 185822 119119 310219 53326 631904 85176 223405 157885 91000 55419 278369 136136 14105 161161 56329 295113 372645 1143051 468650 10010
internal_value=0.00837261 0.0168358 -0.00273217 -0.0130389 0.0254725 0.0192716 0.0157192 -0.00448911 0.0137704 -0.00950645 0.00943086 0.0155405 0.00382117 -0.00129621 -0.0194885 0.0115236 0.000358071 0.00792582 0.00525885 -0.000183453 -0.00252351 0.0207876 -0.0110291 -0.0132714 0.00783045 -0.00726103 0.0235708 0.00481065 -0.000574746 -0.0386856
internal_weight=1.68774e+06 957784 729952 283724 486353 338532 302731 212787 287551 170201 227043 154502 446228 268104 67379.8 178124 79772.3 471431 390465 268245 250092 80965.6 137301 131718 112791 101549 99885.1 200724 101300 70937
internal_count=18502939 4279912 14223027 9595222 2389751 1440894 1151969 2833922 1082081 2208661 871598 677586 4627805 4009005 2812628 618800 308581 1890161 1596140 951496 896077 294021 561379 547274 334698 386113 491764 1196377 603330 6761300
is_linear=0
shrinkage=0.05


Tree=69
num_leaves=31
num_cat=0
split_feature=4 1 1 6 9 6 9 5 7 12 5 4 5 6 6 2 12 1 1 6 5 2 4 5 12 5 6 2 4 12
split_gain=58268 27953.5 18079.2 21281.1 16738 14164.4 9858.49 9149.28 8446.82 8090.26 7877.08 8188.97 7535.2 7333.93 6360.81 8187.46 7303.87 6318.07 6441.16 6002.67 9213.09 7734.99 7208.27 6299.06 7638.03 6586.86 6441.05 5720.73 5117.17 4848.49
threshold=0.82142483952828793 0.76095238095238105 0.70659971305595415 0.11583184257602865 1.0000000180025095e-35 0.88562091503267981 1.0000000180025095e-35 0.091372912801484255 1.0000000180025095e-35 52.500000000000007 0.60428113553113572 0.85433160035260658 0.83398950131233607 0.55277777777777792 0.44722222222222224 0.78888888888888908 22.500000000000004 0.084219858156028407 0.22996794871794871 0.91833333333333345 0.69592735277930662 0.23611111111111113 0.873084964458955 0.88413424866514123 1.5000000000000002 0.94297328687572601 0.65301003344481623 0.066964285714285726 0.987266214824983 84.500000000000014
decision_type=2 2 2 2 2 2 2 2 2 2 2 2 2 2 2 2 2 2 2 2 2 2 2 2 2 2 2 2 2 2
left_child=2 19 3 7 5 8 14 -1 10 17 -3 -12 13 -13 15 -4 -17 -5 27 20 -2 -21 -22 26 25 28 -24 -19 -25 -9
right_child=1 4 6 9 -6 -7 -8 29 -10 -11 11 12 -14 -15 -16 16 -18 18 -20 21 22 -23 23 24 -26 -27 -28 -29 -30 -31
leaf_value=0.0073722889304203886 0.018800971471140116 0.040041724723202055 0.028208191905638971 0.0025003311089272502 0.03910908133108934 0.049125510884626973 0.016292790550290183 -0.045738280551902065 0.052349108271484771 0.025937825190741389 -0.017518754591541157 0.010176980515668035 0.004057116141944866 0.034523576646365253 0.015782783859636534 -0.017633505356006867 0.00073806901159758189 -0.034520484466605661 -0.0055793618662204588 0.011206365959934732 -0.017935954426566546 0.047433474228123225 -0.0029461234505384743 -0.056510250548753985 0.006139754142738138 -0.0070217260719486543 0.017513434046527328 0.016205181643677138 0.068890169993518685 0.071954675966687809
leaf_weight=10203.021043196321 92394.680982708 25013.166255146265 18238.848828807473 92675.666293215007 142590.24314782768 34179.80045709759 120272.38513502665 57486.039602000266 14516.156205661595 19708.647807251662 23449.520201098174 63914.937269888818 111868.59803270549 59938.467673286796 48692.148503560573 90256.306648329832 135050.98941231426 45309.7929656161 78807.048413665034 60208.957230836153 44081.518440967426 19508.55419630371 61766.719903254882 14159.648303091526 50285.577323373407 23804.335703164339 101984.68865654618 6335.3905649408698 863.1166755631566 888.60268667526543
leaf_count=152516 544726 80262 119847 722904 948857 288925 977158 6320405 69888 138411 97188 172081 452452 280098 187096 2418143 763854 1689779 643097 157885 176085 136136 233233 102102 155701 80353 302302 26481 1638 63336
internal_value=0.00805168 0.0162319 -0.00262138 -0.0117155 0.0247754 0.0186355 0.004244 -0.0363114 0.0151465 -0.00476956 0.0132462 0.0106602 0.0134634 0.0219594 -0.000714744 -0.00401309 -0.00662144 -0.00748191 -0.0145735 0.0075717 0.00501228 0.0200719 0.000721931 0.00397454 -0.00672308 -0.0233819 0.00979613 -0.0282979 -0.0493055 -0.0439467
internal_weight=1.66845e+06 944529 723925 311414 475471 332881 412511 68577.7 298701 242837 284185 259172 235722 123853 292238 243546 225307 223128 130452 469058 389340 79717.5 296946 252864 89112.7 38827.1 163751 51645.2 15022.8 58374.6
internal_count=18502939 4279912 14223027 9756929 2389751 1440894 4466098 6536257 1151969 3220672 1082081 1001819 904631 452179 3488940 3301844 3181997 3082261 2359357 1890161 1596140 294021 1051414 875329 339794 184093 535535 1716260 103740 6383741
is_linear=0
shrinkage=0.05


Tree=70
num_leaves=31
num_cat=0
split_feature=6 11 2 6 9 6 9 7 12 0 10 2 6 7 5 11 1 4 6 6 2 11 4 11 4 12 5 12 4 6
split_gain=54798.2 32312.8 19031.8 24039.2 13393.4 10590.2 10416.7 8085.99 7153.52 7036.12 8490.61 7399.32 6924.63 6096.35 6047.55 5552.17 5394.62 5285.19 5259.13 5130.08 6411.15 5117.57 5231.49 5056.07 4995.62 6649.4 4765.8 4756.78 5625.84 5346.69
threshold=0.47722567287784684 1.0000000180025095e-35 0.30952380952380959 0.13100686498855837 1.0000000180025095e-35 0.8973684210526317 1.0000000180025095e-35 1.0000000180025095e-35 20.500000000000004 0.70320450748082342 1.0000000180025095e-35 0.11805555555555557 0.94868421052631591 1.0000000180025095e-35 0.85770528683914526 31.500000000000004 0.32200460829493094 0.81711599808393987 0.65301003344481623 0.8973684210526317 0.10555555555555557 4.5000000000000009 0.79284797486062575 8.5000000000000018 0.54355960646283241 21.500000000000004 0.74431524547803629 1.5000000000000002 0.987266214824983 0.73798627002288331
decision_type=2 2 2 2 2 2 2 2 2 2 2 2 2 2 2 2 2 2 2 2 2 2 2 2 2 2 2 2 2 2
left_child=2 4 3 -1 5 14 7 -4 17 10 16 -11 13 23 18 -12 -3 -5 26 20 -18 22 -8 -13 25 -10 -2 28 -16 -30
right_child=1 9 6 8 -6 -7 21 -9 24 11 15 12 -14 -15 27 -17 19 -19 -20 -21 -22 -23 -24 -25 -26 -27 -28 -29 29 -31
leaf_value=-0.043053018703211043 0.026296245121177321 -0.0081360108246205029 -0.0020454668110426329 -0.022089026289154434 0.039676040563667761 0.047218333200407317 0.012615167106676893 0.054838925962731211 1.057079411973193 0.044495283383641511 0.014908367490867722 0.012786153975685367 0.046853035423161701 0.050586353862854733 -0.014763148181162306 -0.12645679540345786 0.041106311337691555 0.0012959944033630556 0.035531659068430782 0.046104995574311032 -0.009632023198677335 -0.012142487174311517 0.03702933378759582 -0.00744360406325524 0.0039693504471098049 0.066245501929922873 0.0042395931541280999 0.018249056983088846 0.043241602265342488 -0.035173504391583052
leaf_weight=54301.121716915164 52503.519946713001 148515.17388246208 378169.0680751279 66913.907143325545 131752.86420590989 32239.524647273123 101665.96514494531 6352.1596687063575 17.03721540980041 19217.30161742121 105499.92975366861 94711.371040446684 12875.928029689938 8182.1928492300212 34787.584527805448 699.17601397633553 8322.8854356966913 37816.540222414769 53107.62952343002 8804.0113830044866 24710.701197102666 15934.003487025388 27981.39861626178 45833.747327759862 74224.65263667237 2754.7975885607302 45901.139699600637 44682.032188802958 9254.76114731282 2841.1872781068087
leaf_count=6311487 203021 658931 4215757 1683045 876330 269178 926198 22659 273 63063 275457 359177 114842 33761 105560 3094 17472 306124 291655 38038 66976 84994 143416 122031 857948 19383 155974 229866 33670 13559
internal_value=0.00773702 0.0162162 -0.00205155 -0.0138617 0.0265656 0.0202916 0.00320693 -0.00110576 -0.00513918 0.00739088 0.00265085 0.0151647 0.0116768 0.00863146 0.0167203 0.0139777 -0.00366847 -0.0136451 0.0228513 0.0121904 0.00315161 0.0145979 0.0178844 0.00618894 0.0064305 0.0723357 0.0160079 0.00657547 -0.00454996 0.0248229
internal_weight=1.65057e+06 884443 766131 236028 407070 275317 530103 384521 181727 477372 296552 180821 161603 148727 243078 106199 190353 104730 151512 41837.6 33033.6 145581 129647 140545 76996.5 2771.83 98404.7 91565.6 46883.5 12095.9
internal_count=18502939 3931655 14571284 9178260 2178813 1302483 5393024 4238416 2866773 1752842 1059968 692874 629811 514969 1033305 278551 781417 1989169 650650 122486 84448 1154608 1069614 481208 877604 19656 358995 382655 152789 47229
is_linear=0
shrinkage=0.05


Tree=71
num_leaves=31
num_cat=0
split_feature=4 0 6 0 6 5 6 4 12 6 4 6 12 12 10 4 6 9 11 2 5 2 5 2 4 11 1 4 6 4
split_gain=50784.1 23170.7 19796.2 17336 22290 12211.1 9125.42 25243.3 8839.32 13288.8 11988.6 8389.77 7608.69 6822.26 6551.78 6268.89 13290.5 6266.08 9782.39 6957.72 5722.32 5577.29 5273.59 5095.79 6004.03 4980.19 8028.16 5779.34 4930.93 4906.52
threshold=0.8659537305672772 0.71212121212121227 0.8973684210526317 0.89045548654244322 0.15075757575757578 0.83398950131233607 0.05634920634920635 0.44347452395479253 1.5000000000000002 0.65301003344481623 0.8913727434087354 0.6132478632478634 22.500000000000004 32.500000000000007 1.0000000180025095e-35 0.987266214824983 0.73798627002288331 1.0000000180025095e-35 5.5000000000000009 0.88194444444444453 0.37544326241134757 0.26136363636363641 0.73363914373088701 0.47222222222222227 0.82408041603247095 18.500000000000004 0.0439613526570048 0.6627842738244164 0.87867647058823539 0.94744415456745323
decision_type=2 2 2 2 2 2 2 2 2 2 2 2 2 2 2 2 2 2 2 2 2 2 2 2 2 2 2 2 2 2
left_child=3 14 5 4 12 11 7 -5 15 -10 -11 22 -1 25 21 -7 -17 -8 -19 -20 -9 -2 -3 24 -14 26 27 -6 -23 -24
right_child=1 2 -4 6 13 8 17 20 9 10 -12 -13 23 -15 -16 16 -18 18 19 -21 -22 28 29 -25 -26 -27 -28 -29 -30 -31
leaf_value=-0.04713170983425477 -0.0050484159566494269 0.030567980827200292 0.048494424839999106 0.0059891229668623674 0.070899576942123496 -0.010589635055149583 0.0055648971074460192 -0.042686988143556891 -0.0085057396579041496 -0.056521097504076537 0.032522511128156115 0.03907169196615963 -0.025565639153074804 0.013403022741028368 0.016942625632496114 0.04472973605918365 -0.040239855430700966 0.024835502644910985 -0.057963840779510993 0.071859017973724668 0.16893079314312762 0.0062382670541304454 0.0049610815663665517 0.027990854723832934 0.26752268617487246 -0.02765002460904872 -0.008318269564565578 0.010024032893034392 0.047824062811728733 0.039769531241276267
leaf_weight=42093.923305033706 141850.00013232604 59019.957366455346 67046.775904135779 130783.63432290405 4424.7981417682022 60064.647564336658 240634.48713841755 36576.512034962885 32534.210344865918 3950.2306401208043 87771.765505112708 90990.41808629781 30546.956172192935 54060.831346716732 77227.535006485879 16042.906157374382 6453.2985654659569 92626.826313957572 5980.4769511185586 1247.3081864416599 322.26827822439373 29256.835263587534 62740.714634578675 5595.1687689786777 175.74266921263188 24456.979048820212 174403.49519428145 32798.581119303592 9424.3451224379241 12071.692404843867
leaf_count=4845113 565110 224952 596869 321867 27573 203840 1187277 2858401 120939 24934 479024 483756 2408952 376012 213759 64701 30485 500318 20202 1820 4004 75257 211575 42406 4004 235872 2142595 144599 49231 37492
internal_value=0.00743441 0.0169265 0.0232178 -0.000755407 -0.00901133 0.0192916 0.00523228 -0.00431542 0.0105234 0.0189492 0.0286876 0.0273576 -0.0326645 -0.00261905 0.00475461 -0.00215777 0.0203552 0.00993429 0.0204639 -0.0355601 -0.0408388 -0.000459175 0.0193934 -0.0158964 -0.0238891 -0.00628794 -0.0038192 0.0172604 0.0163703 0.0105778
internal_weight=1.63317e+06 756445 498687 876728 368556 431640 508172 167682 206817 124256 91722 224823 78411.8 290145 257759 82560.9 22496.2 340489 99854.6 7227.79 36898.8 180531 133832 36317.9 30722.7 236084 211627 37223.4 38681.2 74812.4
internal_count=18502939 3381924 2478567 15121015 10227126 1881698 4893889 3184272 923923 624897 503958 957775 7300475 2926651 903357 299026 95186 1709617 522340 22022 2862405 689598 474019 2455362 2412956 2550639 2314767 172172 124488 249067
is_linear=0
shrinkage=0.05


Tree=72
num_leaves=31
num_cat=0
split_feature=6 11 2 6 9 6 7 9 12 0 1 6 2 9 7 2 7 5 5 4 12 9 6 12 4 4 11 11 8 1
split_gain=47449.7 29482.8 16238.8 22043 12987.6 10092.5 9448.24 9141.31 6169.56 6029.44 9226.9 7603.47 7478.5 8490.01 6820.53 6971.23 5881.56 6083.39 5425.05 6164.91 6292.62 5282.36 4831.17 9242.85 4820.35 4815.29 4664.48 7158.26 4651.51 4528.9
threshold=0.47722567287784684 1.0000000180025095e-35 0.30952380952380959 0.13100686498855837 1.0000000180025095e-35 0.8973684210526317 1.0000000180025095e-35 1.0000000180025095e-35 20.500000000000004 0.62609461688409074 0.084219858156028407 0.90692640692640702 0.066964285714285726 1.0000000180025095e-35 1.0000000180025095e-35 0.10555555555555557 1.0000000180025095e-35 0.79324593901396423 0.80073529411764721 0.8913727434087354 1.0000000180025095e-35 1.0000000180025095e-35 0.64852941176470602 1.5000000000000002 0.85027719744603758 0.81711599808393987 18.500000000000004 13.500000000000002 1.0000000180025095e-35 0.36474501108647456
decision_type=2 2 2 2 2 2 2 2 2 2 2 2 2 2 2 2 2 2 2 2 2 2 2 2 2 2 2 2 2 2
left_child=2 4 3 -1 5 16 7 28 25 10 26 14 13 29 15 21 17 -2 24 -20 -21 -11 -19 -24 -17 -5 27 -3 -4 -12
right_child=1 9 6 8 -6 -7 -8 -9 -10 11 12 -13 -14 -15 -16 18 -18 22 19 20 -22 -23 23 -25 -26 -27 -28 -29 -30 -31
leaf_value=-0.042388759095852553 0.023829183516405394 0.0043940223106658733 -0.067422069937709925 -0.021083279318617837 0.038712612591482509 0.04663435541744821 0.05447303465045155 0.012888433852958976 0.0057920893134629208 0.036018301276844973 -0.010600714309997357 0.040308955195362435 0.01305965582766333 -0.054095607326489714 0.047882428835220064 -0.0028054611942504447 0.05228557891858357 -0.0091461678616955033 -0.029846537274947182 -0.028910173146742654 0.010039664179776128 -0.043224136791465688 -0.0045206365710419192 0.026184920434836129 0.024560978949648638 0.001348968830460635 -0.0077690061225354949 0.032057626535610423 -0.0015992380487030557 0.060930561278592671
leaf_weight=50127.555608139373 92419.644644588232 52148.786089748144 2703.4300001598895 65576.838139104657 123938.12071949057 29608.040309200063 8720.4616696098819 140167.18701081071 77124.53399884142 26754.599842328578 89404.899652678519 22697.654225043952 34094.597184710205 11678.648881841451 11018.459096658975 26796.102859340608 10479.780209232122 33950.545462016016 19785.585947785527 13026.480471018702 50840.356018982828 2282.4782363399863 43706.773959364742 55794.609094547108 40277.41455443576 37662.85175364092 24281.843491058797 42395.747271649539 373242.36114830617 2268.9523693025112
leaf_count=6311487 388024 154882 130585 1683045 876330 269178 34489 1142778 877604 72982 440622 170716 97461 75166 42861 79716 52507 118937 70525 45591 181090 10101 148967 324870 128401 306124 67431 111748 4085172 3549
internal_value=0.00714734 0.0151809 -0.00199584 -0.0130586 0.0253447 0.0191152 0.00286261 0.00199057 -0.00490705 0.00674498 0.00157487 0.0129515 -0.00724648 -0.0139452 0.00969673 0.00735616 0.0156678 0.0139688 0.00303444 -0.0054596 0.00209533 0.0297894 0.00714023 0.0126973 0.013628 -0.0128998 0.0117786 0.016799 -0.00207257 -0.0088303
internal_weight=1.61498e+06 859650 755325 230492 389898 265959 524833 516113 180364 469753 256273 213479 137447 103353 190781 179763 236351 225872 150726 83652.4 63866.8 29037.1 133452 99501.4 67073.5 103240 118826 94544.5 375946 91673.9
internal_count=18502939 3931655 14571284 9178260 2178813 1302483 5393024 5358535 2866773 1752842 950859 801983 616798 519337 631267 588406 1033305 980798 505323 297206 226681 83083 592774 473837 208117 1989169 334061 266630 4215757 444171
is_linear=0
shrinkage=0.05


Tree=73
num_leaves=31
num_cat=0
split_feature=4 0 6 0 6 5 7 6 6 4 12 6 4 5 4 0 4 5 5 5 12 4 9 11 2 11 1 1 5 5
split_gain=44021.8 20866.1 19236 14524.2 19998.3 11307.7 8186.17 8083.03 7948.17 23692.6 7467.38 11817.1 10192.5 6999.02 6740.68 5895.38 5468.75 7135.27 5403.7 7466.03 6065.71 7384.87 5387.04 8756.29 6289.72 5226.2 9548.63 7542.77 4981.49 4925.14
threshold=0.8659537305672772 0.71212121212121227 0.8973684210526317 0.89045548654244322 0.11583184257602865 0.83398950131233607 1.0000000180025095e-35 0.6132478632478634 0.05634920634920635 0.45981446090141748 1.5000000000000002 0.65301003344481623 0.8913727434087354 0.091372912801484255 0.54355960646283241 0.42691798941798947 0.99222761596548015 0.97969490826633698 0.95500556736511799 0.92888748419721889 1.0000000180025095e-35 0.98065871509894298 1.0000000180025095e-35 5.5000000000000009 0.88194444444444453 21.500000000000004 1.0000000180025095e-35 0.045983086680761072 0.73363914373088701 0.37544326241134757
decision_type=2 2 2 2 2 2 2 2 2 2 2 2 2 2 2 2 2 2 2 2 2 2 2 2 2 2 2 2 2 2
left_child=3 15 5 4 13 7 10 28 9 -5 16 -12 -13 -1 -6 -2 18 -18 19 -7 21 -20 -10 -24 -25 27 -27 -16 -3 -11
right_child=1 2 -4 8 14 6 -8 -9 22 29 11 12 -14 -15 25 -17 17 -19 20 -21 -22 -23 23 24 -26 26 -28 -29 -30 -31
leaf_value=0.0045974389296476641 0.013886262641407604 0.029374206106668316 0.048100698177110456 0.0055378029961668752 0.06172743955183 -0.0051641606219629405 0.051425604136271466 0.038008942430588222 0.0051069811148056598 -0.04271736863425394 -0.010511747544494496 -0.051386665853674851 0.029696162783589854 -0.041790272964128163 0.01259545525271606 -0.0017455149370715517 0.048064711387999677 -0.050894437612363411 0.036987550602921575 -0.051437374302790675 0.036867044092536404 -0.029645912736437491 0.023339203913150013 -0.054500632972507512 0.070528233687432704 0.029825036604959589 -0.050828257561452039 -0.0068157887267436658 0.0096738192824668418 0.14375607632047724
leaf_weight=9654.9213873231784 98249.040780073963 56885.453101240098 61542.161830607802 130746.33816677611 3955.0036222268827 22845.588438082486 11086.226240329444 85947.353302340955 238870.72025423497 34588.386234389152 31445.727021154016 4081.668207205832 76845.477621907368 51535.275465144776 65411.066966819577 156224.63430751581 8891.5140918344259 2290.8487267829478 5858.7420513965189 14095.352521728724 10289.034731693566 14325.113180477172 89878.90175860934 6056.7267477493733 1206.2163683176041 4992.2048722980544 13853.170807366725 213041.37407903513 73612.848894882947 357.76142488978803
leaf_count=151151 287287 224952 596869 349804 43680 76895 61880 483756 1187277 2830464 115024 24661 435253 6489210 324870 616070 35490 11830 14651 53326 48321 46592 500318 20202 1820 20475 176085 3021655 249067 4004
internal_value=0.00686487 0.0158644 0.0220002 -0.000784606 -0.00841113 0.018162 0.00965555 0.0261029 0.00472497 -0.00423705 0.0072307 0.0154995 0.0256066 -0.034471 -0.00311788 0.00428972 -0.00459162 0.0277917 -0.00996324 -0.0228204 0.00562289 -0.0103043 0.00914426 0.0190719 -0.0337361 -0.00398053 -0.0294629 -0.00225591 0.0182614 -0.0408083
internal_weight=1.59866e+06 734517 480043 864148 362443 418501 202055 216446 501705 165692 190969 112373 80927.1 61190.2 301253 254474 78596.2 11182.4 67413.8 36940.9 30472.9 20183.9 336013 97141.8 7262.94 297298 18845.4 278452 130498 34946.1
internal_count=18502939 3381924 2478567 15121015 10227126 1881698 923923 957775 4893889 3184272 862043 574938 459914 6640361 3586765 903357 287105 47320 239785 130221 109564 61243 1709617 522340 22022 3543085 196560 3346525 474019 2834468
is_linear=0
shrinkage=0.05


Tree=74
num_leaves=31
num_cat=0
split_feature=6 11 0 6 7 6 9 5 2 9 11 5 0 11 12 5 4 5 12 4 2 9 1 5 0 2 10 2 0 12
split_gain=40974.4 26356.8 15452.1 18267.7 10156.2 10095.6 9452.42 6685.25 6526.34 6517.92 7716.08 6307.29 6207.66 7159.97 7608.4 5804.94 5080.21 7252.17 7868.43 6088.18 5620.03 7372.64 4926.18 4908.59 4563.91 4533.09 4388.66 10193.3 8959.37 24097.2
threshold=0.55277777777777792 1.0000000180025095e-35 0.74363155363155375 0.13100686498855837 1.0000000180025095e-35 0.8973684210526317 1.0000000180025095e-35 0.85770528683914526 0.087121212121212141 1.0000000180025095e-35 3.5000000000000004 0.10361093038386467 0.37006688963210704 18.500000000000004 48.500000000000007 0.42912946428571436 0.99222761596548015 0.89893315174214061 1.5000000000000002 0.873084964458955 0.13392857142857145 1.0000000180025095e-35 0.04040816326530617 0.94297328687572601 0.59606410746116645 0.88194444444444453 1.0000000180025095e-35 0.19090909090909094 0.35808694229746868 88.500000000000014
decision_type=2 2 2 2 2 2 2 2 2 2 2 2 2 2 2 2 2 2 2 2 2 2 2 2 2 2 2 2 2 2
left_child=2 5 3 11 8 6 7 -2 -4 -10 15 -1 -5 14 22 -11 17 19 23 -3 21 -18 -14 -19 -21 -12 -13 28 29 -28
right_child=1 16 4 12 -6 -7 -8 -9 9 10 25 26 13 -15 -16 -17 20 18 -20 24 -22 -23 -24 -25 -26 -27 27 -29 -30 -31
leaf_value=0.018469590068590551 0.025002970674645499 -0.0021085200271453116 0.044384646963921089 0.010835887769090525 0.05083827448355939 0.047571943268542888 0.036616811454457811 0.0057239582241798313 -0.00083342008283113624 0.0074194252205968389 -0.026854281158083179 -0.047854165281011107 0.022494109227503202 -0.042973029230963911 0.029716118304382456 0.029281514097195222 0.014123252822883681 -0.054228663647259361 0.0038278268348868136 0.0057620834636002358 0.040450326802829832 -0.077278649243824271 -0.011669021213283866 -0.012861751118460727 0.022465088940095811 0.069941573853716729 0.13713197564689647 1.3978717543942345 -0.022267005946333421 1.9758246075796162
leaf_weight=4650.4264945616014 98404.11619839631 88262.826345924288 9378.0430343216285 52575.077082157135 11318.566023554653 47716.405832961202 82420.837500482798 82804.498436514288 421331.25897363201 81088.056660322007 16299.511909044813 42168.07582863234 11424.67243520543 14052.576897125691 13819.623630154878 48539.482979275286 47279.343757338822 11751.325467765331 46368.342654457316 81099.559906549752 21530.008092135191 2314.2309420518577 138143.96681564115 18399.159189984202 82499.077415950596 1306.4916745610535 402.66814723890275 13.031571105122564 4661.5715535022318 18.644228236749768
leaf_count=154063 502320 315588 27664 299117 51051 465556 587132 368186 4178174 819910 90181 5911269 72436 215943 113750 274183 123851 81900 166257 269269 156429 9009 2385838 69524 297479 2275 38766 91 455000 728
internal_value=0.00659481 0.0155029 -0.00067376 -0.0103007 0.00393223 0.0264089 0.0225785 0.0161933 0.00301362 0.00233123 0.0113874 -0.0370909 -0.00425421 -0.00872535 -0.0057798 0.0156058 0.0070035 0.00437948 -0.00910121 0.00847509 0.0191187 0.00985808 -0.0090595 -0.0289847 0.014185 -0.0196713 -0.0425577 0.00127036 -0.00231027 0.218499
internal_weight=1.58204e+06 710850 871192 281930 589261 311346 263629 181209 577943 568565 147234 51914.4 230016 177441 163388 129628 399504 328380 76518.8 251861 71123.6 49593.6 149569 30150.5 163599 17606 47264 5095.92 5082.88 421.312
internal_count=18502939 3412500 15090439 9647001 5443438 1923194 1457638 870506 5392387 5364723 1186549 6559917 3087084 2787967 2572024 1094093 1489306 1200017 317681 882336 289289 132860 2458274 151424 566748 92456 6405854 494585 494494 39494
is_linear=0
shrinkage=0.05


Tree=75
num_leaves=31
num_cat=0
split_feature=4 1 6 9 2 6 5 12 4 6 5 5 4 5 6 7 1 0 12 7 6 12 4 6 5 0 4 5 6 6
split_gain=38039.4 21142.7 15324 12723 11392.6 17742.7 8406.24 7782.2 7633.47 6382.44 6771.04 10196.6 8025.93 6320.73 10016.1 7650.81 6174 9827.61 5894.21 5746.23 5148.98 9595.46 7374.81 6797.31 6501.26 5180.76 5117.92 6173.4 6677.08 5002.71
threshold=0.82142483952828793 0.76095238095238105 0.88562091503267981 1.0000000180025095e-35 0.47222222222222227 0.10435571687840291 0.60428113553113572 54.500000000000007 0.85433160035260658 0.1126984126984127 0.32209077465589814 0.32515060240963861 0.64369759483611488 0.69592735277930662 0.73798627002288331 1.0000000180025095e-35 0.084219858156028407 0.63196015585721488 7.5000000000000009 1.0000000180025095e-35 0.24621212121212124 19.500000000000004 0.76080849281877538 0.47722567287784684 0.25681874535085553 0.99772727272727291 0.987266214824983 0.86219390304847587 0.58578431372549034 0.87867647058823539
decision_type=2 2 2 2 2 2 2 2 2 2 2 2 2 2 2 2 2 2 2 2 2 2 2 2 2 2 2 2 2 2
left_child=4 13 3 6 5 -1 -3 16 29 10 -9 12 -12 -2 15 26 -7 -18 19 -10 21 24 -22 -24 -6 -23 27 28 -15 -8
right_child=1 2 -4 -5 20 7 8 9 18 -11 11 -13 -14 14 -16 -17 17 -19 -20 -21 22 25 23 -25 -26 -27 -28 -29 -30 -31
leaf_value=-0.037927474184627129 0.017585393447854279 0.03995670815020675 0.048103177144827869 0.033455620914920672 -0.037018391018350354 0.0022006933393094084 -0.016981990467272067 0.19106993090970106 0.0062061667383514606 0.023997931776474135 3.7317287078317332 -0.050498371420764111 -0.05057880497394586 -0.018619162793059228 0.010714995119154131 0.027718049446561574 -0.028354479404048907 0.0027309929552818517 0.0269237677598545 0.051311872013072447 0.01873656640064424 0.032136348282279119 -0.023192127998101532 0.0084536602882738978 -0.0048783469859665467 0.0013433818226501416 0.038921866259125235 -0.027941356754314146 0.0059894860048035192 -1.457333752426478
leaf_weight=48526.109662875533 89625.243423953652 25320.166656870395 47253.330110352486 97484.985773731023 27442.182673552074 93039.312677023001 23574.462662734091 362.00853541214019 169316.6245213449 15875.255783871748 4.9947584010660631 6.8367987493984401 1.9501858260482547 49665.917505366728 188217.5416298192 15339.858436349779 61462.376143724192 43364.808932660148 54291.125875575468 7368.1668395567685 93821.761685334146 14765.152959204279 25612.617365919054 50278.382165759802 36879.102964910679 182389.44167599827 5319.0602177679539 39593.570464836434 61942.856109466404 6.0300260148942462
leaf_count=5865860 544817 89089 508053 729729 2180724 808990 100100 14560 666575 116662 91 728 182 226863 648011 51779 2520518 267631 252616 43407 310219 82446 89271 219310 631904 1113931 14105 205296 199290 182
internal_value=0.00632187 0.0132591 0.0212608 0.0178996 -0.00241993 -0.0106292 0.0124812 -0.0044425 0.00974823 0.0288189 0.232481 1.32024 2.66963 0.00570383 0.00274645 -0.00598047 -0.0071743 -0.0154951 0.0125147 0.00808718 0.00258046 -0.00182142 0.00936242 -0.00222655 -0.0185907 0.00364951 -0.00928309 -0.0109789 -0.00496137 -0.0173503
internal_weight=1.56815e+06 874319 424615 377362 693832 262644 279877 214118 254556 16251 375.79 13.7817 6.94494 449704 360079 171861 197866 104827 230976 176685 431189 261476 169713 75891 64321.3 197155 156521 151202 111609 23580.5
internal_count=18502939 4279912 2389751 1881698 14223027 9595222 1151969 3729362 1062880 132223 15561 1001 273 1890161 1345344 697333 3597139 2788149 962598 709982 4627805 4009005 618800 308581 2812628 1196377 645554 631449 426153 100282
is_linear=0
shrinkage=0.05


Tree=76
num_leaves=31
num_cat=0
split_feature=6 11 2 6 9 6 7 9 10 1 7 5 11 11 11 9 2 6 11 2 2 6 0 1 2 2 4 2 4 7
split_gain=35651.9 24183.1 12257.9 18740.4 11876 8968.99 8336.3 7461.35 5497.13 8796.75 5463.95 5341.88 5320.8 6918.91 6245.44 5290.01 14363 6686.41 7510.38 7894.02 6573.47 6669.81 5978.3 6285.49 6254.71 4528.61 5847.2 4496.2 4398.02 4332.21
threshold=0.47722567287784684 1.0000000180025095e-35 0.30952380952380959 0.12060606060606062 1.0000000180025095e-35 0.8973684210526317 1.0000000180025095e-35 1.0000000180025095e-35 1.0000000180025095e-35 0.32529069767441865 1.0000000180025095e-35 0.79324593901396423 19.500000000000004 13.500000000000002 8.5000000000000018 1.0000000180025095e-35 0.080128205128205135 0.93933823529411775 7.5000000000000009 0.63068181818181823 0.88194444444444453 0.9110671936758894 0.62609461688409074 0.096006144393241191 0.10555555555555557 0.080128205128205135 0.62222401070961475 0.41428571428571431 0.82142483952828793 1.0000000180025095e-35
decision_type=2 2 2 2 2 2 2 2 2 2 2 2 2 2 2 2 2 2 2 2 2 2 2 2 2 2 2 2 2 2
left_child=2 4 3 -1 5 10 7 -4 9 28 11 -2 13 14 -10 22 -17 18 -18 -20 21 -21 23 -3 -24 26 -11 -25 -5 -26
right_child=1 15 6 8 -6 -7 -8 -9 12 25 -12 -13 -14 -15 -16 16 17 -19 19 20 -22 -23 24 27 29 -27 -28 -29 -30 -31
leaf_value=-0.042068516770626826 0.021726471156734716 0.011060041113530181 -0.0021550624292766287 -0.029887524206463637 0.036651007960284129 0.045344457083586823 0.053585445988435787 0.011527895365295289 0.010856507392829583 0.12818448871946739 0.051243133592631822 0.0057155736028993397 -0.020665694262959756 0.026887820762117567 -0.032020758609023869 -0.047224240000369629 0.011594635087708784 0.046929335656608881 0.0038189236007740929 -0.063766163357565173 0.058353111410919811 -1.0859817120265685 0.035071188148374552 -0.0092401022163518844 0.007956012370465693 -0.013441679292606278 0.02211135234907043 0.025995542480235806 -0.0032211526517666291 0.04996228499843515
leaf_weight=41469.598923930433 87265.930665913969 118070.97800127044 371546.23594714096 49234.81114639435 109704.74519101158 25001.047408405691 7804.4199459273368 136137.60985645559 23595.526942253113 1477.2212550151162 9332.0718583706766 129262.73401506059 17245.858921335079 33214.402078283951 13268.512639270164 16580.704215724021 43164.600971110165 8149.1924867704511 13047.653371676803 10518.970362633467 1196.5384995862842 15.981878742575644 33846.718496233225 93373.766310591251 102603.05871637166 8013.755327064544 10780.933726558462 10025.69533033669 22541.183761141263 6528.470639301464
leaf_count=6087263 388024 340340 4215757 2241876 876330 269178 34489 1142778 127582 9009 52507 592774 120575 129857 83629 98371 180635 70161 32669 36400 2275 364 100737 449540 375739 41496 55237 28392 281736 37219
internal_value=0.00606061 0.0132473 -0.00192009 -0.0117763 0.022929 0.0169283 0.00230243 0.00151408 -0.00477294 -0.0132985 0.0137828 0.0121683 0.00421375 0.0103364 -0.00457635 0.0056105 -0.005056 0.00413249 -0.00100058 -0.0229411 -0.0527033 -0.0653169 0.00832283 0.00317744 0.0162929 0.0157864 0.0348941 -0.00582363 -0.021513 0.0104689
internal_weight=1.55402e+06 817689 736330 220842 360567 250862 515488 507684 179372 92047.9 225861 216529 87324.3 70078.4 36864 457122 92673.6 76092.9 67943.7 24779.1 11731.5 10535 364449 221470 142978 20271.9 12258.2 103399 71776 109132
internal_count=18502939 3931655 14571284 9178260 2178813 1302483 5393024 5358535 3090997 2629354 1033305 980798 461643 341068 211211 1752842 420875 322504 252343 71708 39039 36764 1331967 818272 513695 105742 64246 477932 2523612 412958
is_linear=0
shrinkage=0.05


Tree=77
num_leaves=31
num_cat=0
split_feature=4 0 6 6 12 5 11 6 0 7 12 8 5 12 6 4 6 5 12 5 4 5 0 0 4 6 5 5 12 4
split_gain=33334.9 17354.8 18056.5 10495.8 20269.9 10385.3 9825.52 7679.17 7606.72 7509.65 7383.81 6893.01 6606.31 6586.42 10669.9 9604.11 6337.26 6996.69 20787.2 6324.38 6483.1 5520.68 5203.58 5008.13 4740.67 6841.77 4776.19 6497.32 5645.29 6876.9
threshold=0.8659537305672772 0.71212121212121227 0.8973684210526317 0.19677419354838713 22.500000000000004 0.83398950131233607 8.5000000000000018 0.6132478632478634 0.38546586819613143 1.0000000180025095e-35 30.500000000000004 1.0000000180025095e-35 0.31153480636730824 1.5000000000000002 0.65301003344481623 0.8913727434087354 0.10762548262548265 0.19069264069264072 23.500000000000004 0.40078740157480319 0.45981446090141748 0.20060975609756096 0.42691798941798947 0.63196015585721488 0.99222761596548015 0.77525252525252542 0.95500556736511799 0.92888748419721889 1.0000000180025095e-35 0.97657880461357338
decision_type=2 2 2 2 2 2 2 2 2 2 2 2 2 2 2 2 2 2 2 2 2 2 2 2 2 2 2 2 2 2
left_child=3 22 5 4 19 7 10 -3 -8 13 -5 -6 16 24 -15 -16 21 18 23 20 -1 -13 -2 -18 26 -26 27 -7 29 -28
right_child=1 2 -4 6 11 9 8 -9 -10 -11 -12 12 -14 14 15 -17 17 -19 -20 -21 -22 -23 -24 -25 25 -27 28 -29 -30 -31
leaf_value=0.017325589403043802 0.01245970462336035 0.016304550897009714 0.047338500665193538 0.0050494859262361193 -0.060140226999844199 -0.0060168545144573676 0.0040100774587296046 0.036279244051131726 -0.019656807579009648 0.050590812203804403 0.026341579879723111 0.004748137568460078 -0.023164017871023356 -0.011097546095919271 -0.05083662356356447 0.027913108828192302 3.6213391893722595 0.015657819240985464 0.079491373410876309 0.0038935448237957526 -0.035910021020131515 -0.0208487383694827 -0.0023760829905548455 -0.050315290324418761 0.050982921691886687 -0.038016875361453907 0.055530797021374902 -0.049339483250743055 0.035650996515385301 -0.023838017805109326
leaf_weight=6169.0878161443397 95952.215101846494 124607.07343637757 52425.777827706188 335367.68914856482 4613.5495937326923 22527.571464082226 66773.266353563406 78384.327679006383 69070.470688746311 9751.2167290430516 46344.579544230364 143798.38180567184 23972.86061858153 31090.81019122526 4092.0173799339682 71902.398490704596 5.1448834836482993 23126.296456617303 4547.8777849385515 14331.901778521948 78381.906885607634 24680.269115015399 153909.64665684011 1.1333187734708188 7539.4976657629013 3026.0913286618888 3262.5808319635689 14053.606434598565 9691.4736904390156 16693.41425633058
leaf_count=69433 287287 474019 596869 2105467 449267 76895 257621 483756 732914 61880 253071 960505 548184 115024 24661 435253 91 238147 26026 402857 7626255 1450995 616070 182 32578 14742 7462 53326 48321 53781
internal_value=0.0058135 0.0138836 0.0197609 -0.000891687 -0.00795467 0.0161156 0.00352481 0.0240177 -0.00802348 0.00783157 0.00763461 0.000345516 0.00161318 0.00556403 0.0135776 0.0236727 0.00464124 0.0268131 0.0834603 -0.0268197 -0.0320258 0.000998477 0.00332117 2.95855 -0.00561049 0.0254925 -0.0105724 -0.0226604 0.00434258 -0.0108621
internal_weight=1.54009e+06 698910 449048 841184 323628 396622 517556 202991 135844 193631 381712 224746 220132 183879 107085 75994.4 196159 27680.5 4554.16 98882.9 84551 168479 249862 6.2782 76794.2 10565.6 66228.6 36581.2 29647.5 19956
internal_count=18502939 3381924 2478567 15121015 11771942 1881698 3349073 957775 990535 923923 2358538 3673397 3224130 862043 574938 459914 2675946 264446 26299 8098545 7695688 2411500 903357 273 287105 47320 239785 130221 109564 61243
is_linear=0
shrinkage=0.05


Tree=78
num_leaves=31
num_cat=0
split_feature=6 1 0 10 2 6 6 7 12 6 4 5 4 12 11 5 4 5 12 6 5 2 4 6 6 5 6 11 11 0
split_gain=31121.3 21451.1 12794 13902.7 10957.4 10386 10226.1 9002.26 8355.32 6291.1 24509 7504.55 11967.2 7668.51 6739.57 5650.27 5455.47 6326.54 14254.9 6234.88 5375.48 5278.83 4912.5 4564.65 4835.68 4494.8 6220.04 4343.58 11572.6 7195.13
threshold=0.56385869565217395 0.76095238095238105 0.63196015585721488 1.0000000180025095e-35 0.26136363636363641 0.8973684210526317 0.267948717948718 1.0000000180025095e-35 1.5000000000000002 0.05634920634920635 0.44347452395479253 0.64888572783309639 0.82142483952828793 41.500000000000007 4.5000000000000009 0.88017094017094022 0.987266214824983 0.95500556736511799 1.0000000180025095e-35 0.73798627002288331 0.37544326241134757 0.087121212121212141 0.97657880461357338 0.76696832579185525 0.65301003344481623 0.73363914373088701 0.73798627002288331 13.500000000000002 18.500000000000004 0.36883862071960577
decision_type=2 2 2 2 2 2 2 2 2 2 2 2 2 2 2 2 2 2 2 2 2 2 2 2 2 2 2 2 2 2
left_child=2 25 3 4 6 8 -1 9 15 10 -4 12 13 -11 -13 -3 17 18 -17 -18 -12 27 -19 24 -20 -2 -27 -5 -29 -30
right_child=1 5 7 21 -6 -7 -8 -9 -10 11 20 14 -14 -15 -16 16 19 22 23 -21 -22 -23 -24 -25 -26 26 -28 28 29 -31
leaf_value=-0.042976013642626813 0.018958331603467479 0.030985747243247676 0.0042911532311575287 -0.010424893375205229 0.012853665224940431 0.048060152384704249 -0.012789099338803376 0.043842009712604289 0.026657761022212696 9.3587322574139014e-05 -0.042550851889771653 0.0021890677876728946 0.031595278651741006 0.022985791552445987 -0.02260558235732292 -0.010553502045722023 0.042566917873676613 0.052393867592477932 -0.0057572764737591556 -0.029576476352297622 0.12556673118417336 0.096971881401298143 -0.0063759910929430249 0.025565645999708359 -0.16339398731114371 -0.0052233846023714637 0.009264692984524309 0.028839034446055359 0.0067328313183605331 -0.045803886306860581
leaf_weight=54041.762986942194 57027.77516310662 17295.562424071133 136468.85011126939 43855.609924986959 20010.389283084776 39912.050733597949 58343.186478964053 13310.735842842609 164709.82053485326 158535.51217972813 38876.967862914316 156576.60429736786 55170.734684390016 47556.587260970846 33221.679968854412 16649.867338754237 11238.029301617295 4921.5867523886263 586.01153908856213 4082.9170413054526 481.36624295357615 1472.2529566916637 12812.806621104479 496.17564554698765 2864.942634947598 120332.77464323118 192741.22047566436 35565.105080587324 16079.536451919004 10958.628583019134
leaf_count=6529887 180726 104650 383838 458276 276731 491764 941941 120666 1156064 1229319 3719534 550368 209664 180362 92274 50232 57330 17927 2093 21749 4823 2093 42133 2821 15834 472472 673582 219856 141596 152334
internal_value=0.00557384 0.0139118 -0.000540204 -0.0103771 -0.0212353 0.0244735 -0.0273049 0.00315251 0.0204787 0.00228855 -0.00573402 0.0054158 0.0109128 0.00537606 -0.00215091 0.00613373 -0.00187766 -0.0119576 -0.0308063 0.0233412 -0.0404947 0.00294219 0.00993361 -0.116237 -0.136625 0.00604778 0.00369607 0.00164182 0.0100949 -0.0145604
internal_weight=1.5262e+06 645672 880526 240326 132395 275570 112385 640199 235658 626888 175827 451061 261263 206092 189798 70947.9 53652.3 38331.4 20597 15320.9 39358.3 107931 17734.4 3947.13 3450.95 370102 313074 106459 62603.3 27038.2
internal_count=18502939 3289377 15213562 8722714 7748559 1962597 7471828 6490848 1470833 6370182 4108195 2261987 1619345 1409681 642642 314769 210119 131040 70980 79079 3724357 974155 60060 20748 17927 1326780 1146054 972062 513786 293930
is_linear=0
shrinkage=0.05


Tree=79
num_leaves=31
num_cat=0
split_feature=4 0 6 5 0 6 7 6 12 12 5 4 6 4 12 0 11 11 12 12 6 0 12 11 6 12 4 12 10 5
split_gain=28918.2 15721 17273.2 9890.94 9302.76 14686.8 8608.67 6991.73 13174.6 6676.16 6642.36 6309.66 5332.33 21474.9 5116.12 4853.38 8056 10055.7 21579.9 46288.8 21764.9 13735.6 21923 7012.56 9167.88 10494.2 18288.3 5010.28 4722.9 4590.48
threshold=0.8659537305672772 0.71212121212121227 0.8973684210526317 0.77823315118397096 0.89045548654244322 0.10762548262548265 1.0000000180025095e-35 0.65301003344481623 1.5000000000000002 48.500000000000007 0.091372912801484255 0.8913727434087354 0.048809523809523817 0.45981446090141748 48.500000000000007 0.36221132897603486 14.500000000000002 16.500000000000004 35.500000000000007 37.500000000000007 0.053342816500711245 0.36069685826749848 47.500000000000007 29.500000000000004 0.098387096774193564 26.500000000000004 0.63829407925624027 88.500000000000014 1.0000000180025095e-35 0.37544326241134757
decision_type=2 2 2 2 2 2 2 2 2 2 2 2 2 2 2 2 2 2 2 2 2 2 2 2 2 2 2 2 2 2
left_child=4 28 3 -3 5 10 7 -5 -9 -7 -1 -10 13 -6 -14 16 -12 18 -18 20 -20 -21 -23 -19 27 26 -26 -25 -2 -15
right_child=1 2 -4 6 12 9 -8 8 11 -11 15 -13 14 29 -16 -17 17 23 19 21 -22 22 -24 24 25 -27 -28 -29 -30 -31
leaf_value=0.0046136658024536854 -0.0015018734149222822 0.027274249481811997 0.046915227035205911 -0.0036834970123534798 0.0047013203892831822 -0.0053597416358162966 0.049186356427568231 -0.0032313360815602976 -0.013964145808282025 0.021272401512623468 -0.050402956811527636 0.029247313026024298 0.0052165873209482532 -0.045353922407379191 0.026905559106362383 -0.045832065961205627 0.11527102208729936 -0.050745710651590753 -0.050375102407971321 -0.051371519251553935 4.6241025760180792 5.142206273109803 -0.050517550180042892 -0.050487578229599199 5.6317104517370469 -0.050616853038766264 -0.050460277557040634 0.58845188655338254 0.013656230535328934 0.13284962711306122
leaf_weight=9480.814972479362 175692.47748174984 117597.43753492646 48230.649589430541 86772.149136515334 129438.54724504519 271898.57755036093 13248.633584726602 67958.366252500564 9307.6299931500107 25761.310488039628 954.11189932981506 91457.330644743517 295195.20850132406 28364.894734762143 29948.047661876306 36851.247782645747 112.91998626058921 362.66708066686988 3.1338224951177809 31.49518870934844 12.12425584718585 3.6382272802293283 4.605649184435606 64.21705129230395 3.3248306401073915 4.2922885632142425 2.4666170254349709 58.753311932086945 72631.28067138046 366.04462399333715
leaf_count=149786 689598 561470 596869 318045 349440 3887520 89635 267449 58877 204386 144599 586222 1676766 2758847 105742 5773950 10920 43589 455 3094 273 91 455 7098 91 364 273 182 213759 3094
internal_value=0.00534874 0.0129675 0.0187022 0.0151801 -0.000927887 -0.00719172 0.00988799 0.00785019 0.0137818 -0.00305483 -0.0328724 0.0252559 0.00355129 -0.00397863 0.0072143 -0.042111 0.0426521 0.176437 0.510849 1.32305 3.66402 0.424215 2.24116 0.0631611 0.373638 1.82301 3.21164 0.254788 0.00293166 -0.0430835
internal_weight=1.51182e+06 682896 434572 386342 828922 345610 268744 255495 168723 297660 47949.8 100765 483313 158169 325143 38469 1617.75 663.638 167.917 54.9971 15.2581 39.7391 8.24388 495.721 133.054 10.0837 5.79145 122.97 248324 28730.9
internal_count=18502939 3381924 2478567 1881698 15121015 10227126 1320228 1230593 912548 4091906 6135220 645099 4893889 3111381 1782508 5985434 211484 66885 15288 4368 728 3640 546 51597 8008 728 364 7280 903357 2761941
is_linear=0
shrinkage=0.05


Tree=80
num_leaves=31
num_cat=0
split_feature=6 11 0 0 2 6 7 9 6 5 2 9 11 2 11 5 2 5 4 5 12 2 9 4 5 2 0 11 11 11
split_gain=27119.5 19743 11233.9 12224.9 10386 8872.15 8317.75 7574.67 7527.79 5738.81 5364.87 6179.97 8458.4 4790.15 6844.85 4671.84 4134.58 5322.09 4020.28 6817.85 6224.02 5068.78 6182.46 4501.67 4322.08 3967.54 3899.91 3679.86 4763.5 5012.56
threshold=0.56385869565217395 1.0000000180025095e-35 0.63196015585721488 0.39635934833703595 0.23611111111111113 0.90238095238095251 1.0000000180025095e-35 1.0000000180025095e-35 0.267948717948718 0.85770528683914526 0.10555555555555557 1.0000000180025095e-35 3.5000000000000004 0.35416666666666669 1.0000000180025095e-35 0.42912946428571436 0.73214285714285732 0.57203907203907212 0.99222761596548015 0.89893315174214061 1.5000000000000002 0.13392857142857145 1.0000000180025095e-35 0.873084964458955 0.94297328687572601 0.88194444444444453 0.59606410746116645 26.500000000000004 13.500000000000002 18.500000000000004
decision_type=2 2 2 2 2 2 2 2 2 2 2 2 2 2 2 2 2 2 2 2 2 2 2 2 2 2 2 2 2 2
left_child=2 5 3 27 8 7 10 9 -5 -2 -4 13 15 14 -12 -13 17 -15 19 23 24 22 -20 -3 -21 -14 -25 28 -1 -30
right_child=1 18 6 4 -6 -7 -8 -9 -10 -11 11 12 25 16 -16 -17 -18 -19 21 20 -22 -23 -24 26 -26 -27 -28 -29 29 -31
leaf_value=-0.0073788320090660406 0.023274403278152223 -0.0023927923400944556 0.025068310465046619 -0.041330773532324637 0.011383157169445057 0.046652520535712144 0.042870665242560793 0.033657382217561559 -0.01451021693813026 0.0041273905992052608 0.021949548698414367 0.0070502830805545744 -0.023476382446383882 0.029175254227452374 -0.035779178706835293 0.026420764384411783 -0.0024896198981671606 -0.0025616353555736691 0.012057223681342861 -0.052273892302850039 0.0016821237441066493 0.038488511276933729 -0.070973407990037637 0.0045346760317586205 -0.012832991578865147 0.068530932660895244 0.020591363989794931 -0.038137772007031098 0.025583404607439797 -0.0050383553723045201
leaf_weight=47382.848592576105 78721.770187132061 78135.456969834864 24239.655003477354 48925.062047150452 21187.548941583838 35728.445303330198 12710.353336820845 68835.708394868299 56230.687499757856 77821.553544290364 6759.8642849535681 79869.957412031014 21472.049795859959 25092.737217981368 21358.829037117772 51006.465016095899 360789.49690855574 27894.303202379495 45794.955187786371 11276.548244755715 44470.079552309588 19002.659788962454 2357.3513070270419 77343.448392167687 18087.508085448295 1239.3286392129958 73996.852995438501 5361.7748983064666 35565.46290946519 21408.575144704431
leaf_count=775229 468104 280098 278369 5961774 498316 450905 120666 569751 895167 367549 66248 856492 149240 214760 784147 305214 3640637 72709 123760 81172 165620 156338 9009 260442 69342 2366 287287 80717 270361 241150
internal_value=0.00509026 0.0129739 -0.000642762 -0.00995054 -0.0205539 0.0235039 0.00283146 0.0198343 -0.0269888 0.013756 0.00201027 0.00107167 0.00971159 -0.00193128 -0.0219009 0.0145995 -0.000574215 0.0124678 0.00555225 0.00310138 -0.0101143 0.0166218 0.00799236 0.00735355 -0.0279793 -0.0184557 0.0123855 0.00225946 0.00433504 0.014077
internal_weight=1.50007e+06 631572 868495 236062 126343 261107 632433 225379 105156 156543 619723 595483 153588 441895 28118.7 130876 413777 52987 370465 303310 73834.1 67155 48152.3 229476 29364.1 22711.4 151340 109719 104357 56974
internal_count=18502939 3289377 15213562 8722714 7355257 1856309 6490848 1405404 6856941 835653 6370182 6091813 1313312 4778501 850395 1161706 3928106 287469 1433068 1143961 316134 289107 132769 827827 150514 151606 547729 1367457 1286740 511511
is_linear=0
shrinkage=0.05


Tree=81
num_leaves=31
num_cat=0
split_feature=6 11 9 12 4 5 6 8 2 6 4 7 7 4 4 2 9 2 2 11 10 0 2 0 1 2 11 0 11 4
split_gain=25067.1 19484.9 11448.5 10289 12583 8850.72 7847.51 6339.04 5955.88 7663.26 6618.93 5629.54 5610.45 5376.35 5247.43 5234.65 5786.43 10895.7 9051.4 10946.1 4884.17 4275.98 6391.02 5998.75 5823.21 5470.67 4688.99 6323.25 4285.3 4205
threshold=0.43875000000000003 1.0000000180025095e-35 1.0000000180025095e-35 30.500000000000004 0.81711599808393987 0.60428113553113572 0.8973684210526317 1.0000000180025095e-35 0.38750000000000007 0.15075757575757578 0.65559940333725975 1.0000000180025095e-35 1.0000000180025095e-35 0.71518551646458628 0.81711599808393987 0.88194444444444453 1.0000000180025095e-35 0.080128205128205135 0.63068181818181823 5.5000000000000009 1.0000000180025095e-35 0.58890923890923907 0.10555555555555557 0.45918790030632145 0.33712121212121221 0.41428571428571431 21.500000000000004 0.30349511599511608 3.5000000000000004 0.8888932345988042
decision_type=2 2 2 2 2 2 2 2 2 2 2 2 2 2 2 2 2 2 2 2 2 2 2 2 2 2 2 2 2 2
left_child=3 2 6 4 8 -6 12 -5 9 -1 20 -7 -2 -3 -9 16 21 -18 29 -20 -11 23 24 26 28 -24 -15 -28 -23 -19
right_child=1 13 -4 7 5 11 -8 14 -10 10 -12 -13 -14 15 -16 -17 17 18 19 -21 -22 22 25 -25 -26 -27 27 -29 -30 -31
leaf_value=-0.042216920780977135 0.0097047679040660542 0.037074757290196332 0.033693850851526035 -0.061476434319140252 0.024181749395036922 -0.0054916591610834758 0.043611038793315619 0.0057132596531191933 -0.0073260733828239243 -0.0084156766378549481 -0.021051252576966297 0.055201933794306851 0.050354923671993512 0.010106854331268343 0.050243532097599644 0.050916826736780468 -0.04518047605399042 -0.0070642638263968176 0.027323668856091238 -0.053807388201712214 0.047379763794003958 0.032597553937043056 -0.016270647488388246 -0.010713747050169947 0.049097868059961441 0.010851405502445051 0.028206843235214513 -0.046343742967774111 -0.0055494556058352414 0.021367032963530361
leaf_weight=33286.238349486608 224608.17350566573 11987.869722846895 101672.94736271724 3427.1799308755435 42725.516287983861 94950.430411791429 20356.171749956906 224327.62925473228 174454.14319725614 9345.0778405470774 60760.160079494119 3980.7363336961716 8821.5204821154475 119900.46538103744 6816.7353800809942 5666.5711562931538 16725.057026255876 21600.360576212406 5941.2681517917663 13846.904645804316 6759.0931964404881 14432.254575997591 23782.141484292224 74279.873947333544 18221.806707199663 85200.319654701278 4250.7791753485799 8596.4478119276464 15028.078304823488 32682.400098189712
leaf_count=5255341 1042951 45227 910910 359541 405951 385021 269178 2582125 3512964 371189 1372735 20657 56602 378105 27118 18200 105014 74529 39676 50596 38038 40859 95732 393029 58149 331695 9646 30940 59150 162071
internal_value=0.00487679 0.010675 0.019517 -0.00238464 -0.00701283 0.0051638 0.0138374 0.00602566 -0.0130735 -0.0221762 -0.0134975 -0.0030495 0.011241 0.00401816 0.00702651 0.00315698 0.00256151 -0.00872989 -0.00049943 -0.0294483 0.0150023 0.00538041 0.0116127 0.000664212 0.0268803 0.00493283 0.00703083 -0.0216771 0.0131383 0.0100536
internal_weight=1.48843e+06 827601 355459 660833 426261 141657 253786 234572 284605 110151 76864.3 98931.2 233430 472143 231144 460155 454488 90796 74070.9 19788.2 16104.2 363692 156665 207028 47682.1 108982 132748 12847.2 29460.3 54282.8
internal_count=18502939 4172259 2279641 14330680 11361896 811629 1368731 2968784 10550267 7037303 1781962 405678 1099553 1892618 2609243 1847391 1829191 431886 326872 90272 409227 1397305 585585 811720 158158 427427 418691 40586 100009 236600
is_linear=0
shrinkage=0.05


Tree=82
num_leaves=31
num_cat=0
split_feature=4 1 6 9 6 12 12 11 5 8 1 5 6 5 4 5 5 7 5 6 7 4 5 6 12 4 1 11 6 12
split_gain=23566.6 13651.6 12323.5 8506.57 7594.7 15712.1 8132.9 8349.24 6251.72 5882.49 5804.26 5790.29 6109.1 5614.2 5982.77 5442.83 5053.93 4520.08 4188.45 5465.94 5470.7 4103.62 6268.01 4570.79 4436.34 7255.27 4068.68 3995.2 3885.91 7189.98
threshold=0.8659537305672772 0.76095238095238105 0.8973684210526317 1.0000000180025095e-35 0.19677419354838713 22.500000000000004 32.500000000000007 8.5000000000000018 0.7835585585585586 1.0000000180025095e-35 0.061553030303030283 0.30242329489935516 0.10762548262548265 0.40078740157480319 0.48499228395061728 0.19241053064582478 0.20060975609756096 1.0000000180025095e-35 0.68989800874210794 0.73798627002288331 1.0000000180025095e-35 0.987266214824983 0.83398950131233607 0.60357142857142865 1.5000000000000002 0.96843892137751797 0.73746867167919816 18.500000000000004 0.63818181818181829 1.5000000000000002
decision_type=2 2 2 2 2 2 2 2 2 2 2 2 2 2 2 2 2 2 2 2 2 2 2 2 2 2 2 2 2 2
left_child=4 18 3 8 5 13 7 -6 -3 -7 27 12 16 14 -1 -14 -11 28 -2 20 21 22 23 -20 -24 -26 -12 -9 -10 -30
right_child=1 2 -4 -5 6 9 -8 10 17 11 26 -13 15 -15 -16 -17 -18 -19 19 -21 -22 -23 24 -25 25 -27 -28 -29 29 -31
leaf_value=0.01415978442243724 0.021790357400189701 0.023624595130252998 0.047991339419117485 0.031323560495036672 0.0042648525377563416 -0.060416566520164229 0.01917872337410572 0.010497606952828085 -0.0070072204598233198 0.0041383554698104221 -0.020895030897846584 -0.020918900120730569 0.076194366932410829 0.0044183544026683381 -0.034474996753935436 0.016107826378963169 -0.021364466184293055 0.050462918175420562 -0.01202917731423269 0.0092385472637684356 0.025342304237473641 0.036720369031326 -0.040019410480091666 0.012765882609825495 -0.021801459063612562 0.039151647333953904 -0.12641250050171723 -0.019042836163903537 -0.0039728041035984396 0.024954755366716673
leaf_weight=6956.5778754493222 33117.196331647225 66569.981171991676 33345.061065051705 67317.066939912736 330951.01682966202 3952.0446411110461 65670.738773627207 33958.365061596036 54598.00409796834 142326.51180265145 56632.680624154396 26153.888878087979 4604.828739604447 13975.513666001149 69470.259637200274 20760.424446856603 22497.113745478913 5299.8702709823847 36909.058651484549 168660.54344638996 14371.790607657284 5126.961882866919 20838.09442788735 37441.24112457782 26075.398237638175 6006.6634576395154 928.55627991259098 17264.96231944859 44317.225159995258 41685.240372436121
leaf_count=181545 119301 289198 487578 608153 2132494 449267 339066 122395 170716 960505 663845 640185 27027 402857 7514143 209755 1386658 41405 154882 612339 51779 14105 144053 121212 99554 16744 4004 87269 154427 296478
internal_value=0.00466956 0.0116819 0.019259 0.0158347 -0.00101588 -0.00716771 0.00276594 0.000314831 0.0109273 3.51649e-05 -0.0117022 0.00113947 0.00417283 -0.0247199 -0.0300481 0.027016 0.000657423 0.00513397 0.00487463 0.00309864 -0.00395707 -0.00713753 -0.0089043 0.000457091 -0.0220566 -0.0103893 -0.0225972 0.00054092 0.00342532 0.0100483
internal_weight=1.47778e+06 661679 313132 279787 816103 310697 505406 439736 212470 220295 108785 216343 190189 90402.4 76426.8 25365.3 164824 145900 348547 315430 146769 132397 127270 74350.3 52920.2 32082.1 57561.2 51223.3 140600 86002.5
internal_count=18502939 3381924 2047955 1560377 15121015 11771942 3349073 3010007 952224 3673397 877513 3224130 2583945 8098545 7695688 236782 2347163 663026 1333969 1214668 602329 550550 536445 276094 260351 116298 667849 209664 621621 450905
is_linear=0
shrinkage=0.05


Tree=83
num_leaves=31
num_cat=0
split_feature=6 0 0 6 7 6 12 2 9 11 12 5 5 2 0 11 12 1 6 0 0 12 11 5 4 4 5 12 5 12
split_gain=21996.5 15334.7 10274.6 13670.7 9811.91 8917.64 12287.5 6683.02 6077.66 7578.57 5995.16 5216.13 4866.82 4822.51 4522.24 6718.82 5502.5 4175.44 4110.34 4490.55 6295.51 24834.7 4059.95 3959.14 8824.67 5210.37 4677.71 4166.94 6736.56 6951.94
threshold=0.65301003344481623 0.91663398692810472 0.74363155363155375 0.13100686498855837 1.0000000180025095e-35 0.92450142450142458 1.5000000000000002 0.10555555555555557 1.0000000180025095e-35 3.5000000000000004 66.500000000000014 0.42912946428571436 1.0000000180025095e-35 0.88194444444444453 0.37006688963210704 18.500000000000004 48.500000000000007 0.04040816326530617 0.10762548262548265 0.36612436612436622 0.36528231663035587 98.500000000000014 27.500000000000004 0.81096096096096104 0.85027719744603758 0.96515942558111245 0.64204028589993511 17.500000000000004 0.24725141959647221 3.5000000000000004
decision_type=2 2 2 2 2 2 2 2 2 2 2 2 2 2 2 2 2 2 2 2 2 2 2 2 2 2 2 2 2 2
left_child=2 -2 3 10 7 6 -3 -4 23 11 12 -10 -1 -11 22 16 17 -16 19 20 -12 -22 -5 24 27 -25 -26 28 -9 -30
right_child=1 5 4 14 -6 -7 -8 8 9 13 18 -13 -14 -15 15 -17 -18 -19 -20 -21 21 -23 -24 25 26 -27 -28 -29 29 -31
leaf_value=0.027435938389025694 0.0055355320879280244 0.0013182461997839538 0.041268377959285202 0.011494330987440762 0.048123099868348986 0.049107743913025761 0.02891189591639913 -0.038758100629542373 0.0063011613734009295 -0.0212091392305985 0.13312165270900519 0.025708237788118177 -0.045351749067489983 0.066110192028171186 0.019140322599974446 -0.037944077280745434 0.026135974978446427 -0.0086814777737275611 0.15814666335918692 -0.01428591052588111 -0.05054326435107645 4.4512873936111772 -0.04785970773356138 -0.020509880612739652 0.035593886343052682 0.0202197957977482 0.008525793680981681 0.0021610233040630189 0.013538854334687329 -0.012497232264458348
leaf_weight=2461.0956372311339 280080.79213339556 61981.152981929481 11136.768877765164 59175.112844284624 12202.783351963386 29174.360818617977 115572.54612811282 17144.911332270596 77556.218116700184 22831.017241318244 302.68383854068816 62545.256870383397 34341.400877531152 1698.880556079559 14643.998274561018 15935.051402315963 13901.596356840804 170485.88439384336 508.05255053564906 2917.188584071584 11.346836652141063 4.1965392231941214 3028.5627767965198 44818.187009423971 19881.421291787177 9520.0135126486421 80940.296874657273 172424.36405423796 35239.248982305173 94106.839091439731
leaf_count=65338 1049048 270998 37856 306943 73892 444444 929565 1768585 821093 111475 15834 440167 6229041 3367 81445 229138 114751 2549820 15561 232960 1092 91 21021 145054 75166 24388 268905 1223404 206388 746109
internal_value=0.00447247 0.0131596 0.000156146 -0.00723508 0.0037032 0.0234889 0.0192794 0.00286908 0.00219953 0.0104762 -0.0343523 0.014965 -0.0404842 -0.0151616 -0.00326823 -0.00670378 -0.00420259 -0.00648074 0.0259311 0.00516953 0.183518 1.1649 0.00860451 -0.000674688 0.000969345 -0.0133741 0.0138635 -0.00310699 -0.0093076 -0.00540392
internal_weight=1.46657e+06 486809 979762 317716 662046 206728 177554 649843 638707 164631 40546 140101 36802.5 24529.9 277170 214967 199031 185130 3743.47 3235.42 318.227 15.5434 62203.7 474075 419737 54338.2 100822 318915 146491 129346
internal_count=18502939 2694055 15808884 9863035 5945849 1645007 1200563 5871957 5834101 1376102 6559917 1261260 6294379 114842 3303118 2975154 2746016 2631265 265538 249977 17017 1183 327964 4457999 4288557 169442 344071 3944486 2721082 952497
is_linear=0
shrinkage=0.05


Tree=84
num_leaves=31
num_cat=0
split_feature=6 11 9 0 0 2 6 7 4 5 2 9 11 2 9 2 6 11 2 12 6 6 5 5 12 6 4 5 5 2
split_gain=20200.5 16219.4 8605.62 8095.3 10364.5 9494.15 6919.34 6377.51 6284.56 5655.17 4458.87 4666.86 6780.42 3900.67 4093.61 10214.1 5719.53 5489.41 8173.69 3790.31 4883.07 5038.51 5061.31 4487.81 8105.29 7847.3 4660.23 4594.46 3974.1 3696.99
threshold=0.55277777777777792 1.0000000180025095e-35 1.0000000180025095e-35 0.63196015585721488 0.39635934833703595 0.23611111111111113 0.267948717948718 1.0000000180025095e-35 0.99222761596548015 0.85770528683914526 0.10555555555555557 1.0000000180025095e-35 3.5000000000000004 0.88194444444444453 1.0000000180025095e-35 0.080128205128205135 0.93933823529411775 7.5000000000000009 0.63068181818181823 1.5000000000000002 0.63818181818181829 0.63245614035087727 0.87108993157380266 0.95500556736511799 1.0000000180025095e-35 0.65301003344481623 0.97657880461357338 0.93357843137254914 0.89893315174214061 0.47222222222222227
decision_type=2 2 2 2 2 2 2 2 2 2 2 2 2 2 2 2 2 2 2 2 2 2 2 2 2 2 2 2 2 2
left_child=3 2 8 4 -1 6 -6 10 9 -2 -5 29 -13 14 -3 -16 17 -17 -19 23 21 -21 -23 24 27 -26 -25 -11 -27 -12
right_child=1 13 -4 7 5 -7 -8 -9 -10 19 11 12 -14 -15 15 16 -18 18 -20 20 -22 22 -24 26 25 28 -28 -29 -30 -31
leaf_value=0.0022788937942351049 0.020019240808571134 0.0064288733855619026 0.034478147876649226 0.023110878951463215 -0.040353556019612186 0.012134812374720985 -0.013482566797032421 0.040685688587342922 0.040811855797982577 0.01159725748177546 -0.019043858125121015 0.012789556034169994 -0.017973841324936551 0.050657135374955434 -0.045270293408359662 0.0088395108170536505 0.04565126839796757 0.0046662382289436501 -0.059747051498765219 -0.025766549161322379 0.019182762418084427 -0.79685769138831597 -0.16365138698851722 0.060691746906071556 0.024948183178953757 -0.046242498371303786 -0.0039965132859316639 -0.046227609920383418 -0.15601963924120338 -0.00081193986792706119
leaf_weight=105503.23664198071 85933.951557960361 297812.34154458903 78089.667946633883 22782.319901907351 44367.872746591456 19840.788579849992 52077.547630636953 10528.072867947165 20310.147007120773 10170.989272873849 29931.722962696105 123169.57262162911 20959.220060363412 4494.491879478097 13932.040550474077 34574.02869428508 6729.5145317334682 11024.356613121927 8901.7957102246583 3599.7706984356046 32157.091792438179 37.461522798985243 200.26283452287316 3448.2072457224131 1283.6403616145253 1249.6395100355148 14457.770786542445 5187.0035927370191 2422.9151279367507 391339.6062704795
leaf_count=1358630 512421 1111838 783510 276003 5961774 495950 871234 115570 248521 25116 893802 1137045 146874 16380 75894 157066 69160 28301 30667 14924 239330 637 1456 8554 3913 5915 48958 17745 12194 3833557
internal_value=0.00427547 0.0109635 0.0206112 -0.000908809 -0.00906872 -0.0193641 -0.0258441 0.00211399 0.0146105 0.0112876 0.00142358 0.000549711 0.00831594 0.00435528 0.00379733 -0.00662961 0.00216259 -0.00320726 -0.0241097 0.00117724 0.0128209 -0.0404896 -0.263434 -0.0097884 -0.0258741 -0.0814706 0.0084607 -0.00793249 -0.118666 -0.00210733
internal_weight=1.45652e+06 636017 258549 820500 221789 116286 96445.4 598711 180459 160149 588182 565400 144129 377469 372974 75161.7 61229.7 54500.2 19926.2 74214.8 35994.6 3837.5 237.724 38220.2 20314.2 4956.19 17906 15358 3672.55 421271
internal_count=18502939 3412500 1923194 15090439 8687588 7328958 6833008 6402851 1139684 891163 6287281 6011278 1283919 1489306 1472926 361088 285194 216034 58968 378742 256347 17017 2093 122395 64883 22022 57512 42861 18109 4727359
is_linear=0
shrinkage=0.05


Tree=85
num_leaves=31
num_cat=0
split_feature=4 0 6 5 6 7 12 6 4 5 11 8 6 1 5 4 0 12 4 6 12 6 5 6 0 1 6 1 4 11
split_gain=19012.3 11861.1 15765 9118.35 7003.75 6921.96 6685.13 11694.8 9787.56 7484.22 6620.51 5561.22 5062.43 5058.36 4825.42 4854.43 4571.93 4491.66 11289.3 9254.12 5629.34 5002.84 4094.75 4091.43 4347.55 4336.51 12703.4 4528.97 3987.26 3967.08
threshold=0.8659537305672772 0.68401073489824793 0.8973684210526317 0.83398950131233607 0.6132478632478634 1.0000000180025095e-35 30.500000000000004 0.16064516129032261 0.45981446090141748 0.38493064312736447 8.5000000000000018 1.0000000180025095e-35 0.32305502846299816 0.061553030303030283 0.46763720150816934 0.73449661031740543 0.43814559623383159 1.0000000180025095e-35 0.97210656064751488 0.73508771929824568 3.5000000000000004 0.72902097902097907 0.66298241328773833 0.065591397849462371 0.74363155363155375 0.26138716356107666 0.12060606060606062 0.24417344173441738 0.94744415456745323 18.500000000000004
decision_type=2 2 2 2 2 2 2 2 2 2 2 2 2 2 2 2 2 2 2 2 2 2 2 2 2 2 2 2 2 2
left_child=6 16 3 4 22 17 7 8 -1 23 -9 -8 14 29 15 -13 -2 -5 19 20 -19 -22 -3 -10 -25 26 -26 -28 -24 -12
right_child=1 2 -4 5 -6 -7 11 10 9 -11 13 12 -14 -15 -16 -17 -18 18 -20 -21 21 -23 28 24 25 -27 27 -29 -30 -31
leaf_value=0.0028922535543772108 0.0097956909893038083 0.033191401096384333 0.045228856807294132 -0.010696940586104974 0.032812319924249343 0.049446406074126051 -0.061253238263844489 0.0031364624795189424 -0.046574053336953455 0.010389275190280631 0.010023859879970504 0.0038525019313673243 0.025909567057195316 -0.021115069724591724 -0.062261028249066701 0.062202956675292444 -0.0044177059712222034 -0.029182926470316006 0.031434175910348819 0.018924147486108347 0.0041247353601583251 -0.18524892728415893 0.0048833883248997293 -0.041811932365099648 -0.050722792533681428 -0.0067565241149621039 -0.050937921180818059 2.889519937461694 0.037030390037341723 -0.01944627966868645
leaf_weight=37447.794591493905 96779.990226669237 20245.823714775965 40498.012047253549 47865.821727968752 68924.414941292256 8169.7802426759154 3041.2164286980405 336604.21111478657 34009.093281628564 10855.631260108203 34843.37883883249 201406.47173723765 30225.834479859099 58162.787510365248 2711.0490105249919 3628.6445397450589 136199.72684257291 29736.114362532273 35040.171944610775 33845.314924767241 28528.928384056315 353.06877556815743 86351.756348572671 15256.371374781709 20.562391904182732 18590.212991854176 1.6447287686169163 6.425047755241394 10858.618851291016 16986.644207342528
leaf_count=173355 303667 100100 608972 154518 489853 62972 359541 2345616 5085626 443261 140959 2467465 128674 764946 34762 16380 563017 131859 198107 236145 150150 3003 340886 2556463 1638 503594 91 91 38675 98553
internal_value=0.00409143 0.010497 0.0156119 0.0123695 0.0201595 0.0044589 -0.00103589 -0.00401991 -0.0181509 -0.0281588 -0.000343546 0.00593201 0.00679062 -0.0109932 0.00400892 0.00488517 0.00148655 0.00236311 0.00726595 -0.0018929 -0.0139124 0.00180973 0.0127347 -0.0343232 -0.0220239 -0.00580953 0.609054 2.29022 0.00847428 0.000365389
internal_weight=1.4472e+06 643398 410418 369920 186381 183539 803798 562785 116188 78739.9 446597 241013 237972 109993 207746 205035 232980 175369 127504 92463.4 58618.1 28882 117456 67884.3 33875.2 18618.8 28.6322 8.06978 97210.4 51830
internal_count=18502939 3381924 2515240 1906268 969514 936754 15121015 12114193 8764119 8590764 3350074 3006822 2647281 1004458 2518607 2483845 866684 873782 719264 521157 285012 153153 479661 8147503 3061877 505414 1820 182 379561 239512
is_linear=0
shrinkage=0.05


Tree=86
num_leaves=31
num_cat=0
split_feature=6 0 0 6 7 6 12 2 5 9 11 5 2 5 6 2 12 4 11 0 4 5 6 4 1 5 4 4 5 6
split_gain=17667.2 13456.4 8302.76 11955.3 8872.67 7809.8 9682.62 5833.91 5712.96 5080.68 6149.2 4783.33 4340.75 4258.74 5022.38 6906.2 4576.73 4793.92 4473.3 4407.7 4371.01 4163.04 4601.02 4089.28 3879.9 3864.08 3944.13 6261.54 5257.01 4724.35
threshold=0.65301003344481623 0.95279581529581547 0.74363155363155375 0.13100686498855837 1.0000000180025095e-35 0.8973684210526317 1.5000000000000002 0.10555555555555557 0.10361093038386467 1.0000000180025095e-35 3.5000000000000004 0.42912946428571436 0.88194444444444453 0.79324593901396423 0.94868421052631591 0.23611111111111113 1.5000000000000002 0.93438591387872816 20.500000000000004 0.59353174603174608 0.93123244500198898 0.94297328687572601 0.7633053221288516 0.987266214824983 0.12599206349206352 0.72104203935599298 0.81711599808393987 0.69804274383078746 0.57962779973649547 0.32305502846299816
decision_type=2 2 2 2 2 2 2 2 2 2 2 2 2 2 2 2 2 2 2 2 2 2 2 2 2 2 2 2 2 2
left_child=2 13 3 8 7 6 -3 -4 -1 -9 11 -11 -12 18 16 24 20 -18 -2 -19 -15 23 -23 -22 -16 26 27 29 -29 -5
right_child=1 5 4 25 -6 -7 -8 9 -10 10 12 -13 -14 14 15 -17 17 19 -20 -21 21 22 -24 -25 -26 -27 -28 28 -30 -31
leaf_value=0.019826520777489389 0.021027422598000774 0.0018940564808753791 0.039013846885759873 -0.0029469651814642674 0.04724845716403233 0.047978671263479197 0.028607007564980219 -0.00077378250312902042 -0.040369133423373678 0.0054005571592618644 -0.019086609642254213 0.024271581094830127 0.06536626566346207 0.011351756581854135 0.018976926050177697 0.04639066280878977 -0.0040844534896981016 -0.00040187172740622883 -0.059630527176532777 0.029227931961461236 -0.052013904774516832 0.0094406902079272968 -0.036381863507041104 0.060842176726119926 -0.008519056843019469 -0.014466214397930902 0.010322989934583415 -0.030211392880918932 -0.0018155591784360639 0.02301924130081065
leaf_weight=4476.7637482886203 51392.314733507112 54666.34942635335 10739.478984788992 61370.750313123222 11257.234051281121 26556.497463159263 89396.808555677533 470457.38405942125 32971.323328670114 76672.718009479344 22971.78419405967 59746.94460904412 1629.4362271362916 12054.573017016053 27843.794706285 13570.162678835914 84113.615515432321 23517.189209282398 1778.4767157882452 26917.981970943511 12942.249908279628 12845.584812205285 9551.5508822873235 855.74198991805315 23793.409849701449 58416.985640367493 65031.566234907135 32767.685003643855 32431.323109741323 24514.415261937305
leaf_count=154063 169442 245882 37856 1476930 73892 460278 800800 4457999 6405854 821093 111475 440167 3367 41769 77441 151606 305214 74256 6825 105560 100373 49322 33306 1911 70070 326417 365274 698425 289653 146419
internal_value=0.0039143 0.0118444 3.90679e-05 -0.0066716 0.00324286 0.0230634 0.0184705 0.0024715 -0.033173 0.00185003 0.00951606 0.0136654 -0.013493 0.00548868 0.00273568 0.014649 -0.00151399 0.00322372 0.0183295 0.015412 -0.0147255 -0.0234104 -0.0101009 -0.0450146 0.00630732 -0.00305663 2.74278e-05 -0.00440412 -0.0160867 0.00446463
internal_weight=1.43725e+06 471796 965456 311981 653475 170620 144063 642218 37448.1 631478 161021 136420 24601.2 301177 248006 65207.4 182798 134549 53170.8 50435.2 48249.7 36195.1 22397.1 13798 51637.2 274533 216116 151084 65199 85885.2
internal_count=18502939 2694055 15808884 9863035 5945849 1506960 1046682 5871957 6559917 5834101 1376102 1261260 114842 1187095 1010828 299117 711711 485030 176267 179816 226681 184912 82628 102284 147511 3303118 2976701 2611427 988078 1623349
is_linear=0
shrinkage=0.05


Tree=87
num_leaves=31
num_cat=0
split_feature=6 11 9 12 5 4 7 9 2 5 2 11 8 4 0 1 4 6 2 5 4 12 11 4 6 4 5 6 6 6
split_gain=16383.4 14682.9 13769.6 10222.1 9248.14 7119.7 6107.79 6095.93 10804.3 5576.5 5561.07 6764.58 5515.59 5176.45 5127.23 8312.63 4920.05 5654.48 4905.61 4469.32 4237.51 4051.79 4014.57 3920.52 3910 3785.24 5504.65 4047.3 3941.82 3621.32
threshold=0.35388994307400384 1.0000000180025095e-35 1.0000000180025095e-35 22.500000000000004 0.38829240434037698 0.99222761596548015 1.0000000180025095e-35 1.0000000180025095e-35 0.080128205128205135 0.59537185660781178 0.63068181818181823 7.5000000000000009 1.0000000180025095e-35 0.81711599808393987 0.86327376327376337 0.95916666666666683 0.64571741717050657 0.17445652173913045 0.88194444444444453 0.38493064312736447 0.48499228395061728 49.500000000000007 30.500000000000004 0.71868117470489601 0.087595907928388769 0.82142483952828793 0.6564078282828284 0.56385869565217395 0.64495798319327746 0.09232954545454547
decision_type=2 2 2 2 2 2 2 2 2 2 2 2 2 2 2 2 2 2 2 2 2 2 2 2 2 2 2 2 2 2
left_child=3 2 5 4 14 6 9 22 -9 -2 -10 -12 -5 16 -1 19 17 -14 -13 -16 -17 -18 23 -3 -22 28 -27 -28 -25 -6
right_child=1 7 -4 12 29 -7 -8 8 10 -11 11 18 13 -15 15 20 21 -19 -20 -21 24 -23 -24 25 -26 26 27 -29 -30 -31
leaf_value=-0.039050926090551996 0.025969177834169018 0.022872735457095478 0.030541998532107102 -0.06041410260349242 0.060067182508916142 0.039556284086606955 0.049515102967762716 -0.04207797189369674 0.0074141457842782201 0.0037099670127448379 0.010171997008731917 -0.05087600980777876 0.0014638447830490483 0.044411331951093633 0.040224016130408616 0.017920668681741192 -0.020782981932863345 0.022673140039996841 0.055841735588107705 0.71539769931690222 -0.044313760424178866 0.016725961973270267 -0.05835775068339924 -0.013346468166575582 -0.01374187655843297 0.023918026104204487 -0.009309302285872588 0.0064199624014901081 0.013122663005124026 -0.0039844297810245604
leaf_weight=35638.917384122266 31714.574348883703 28929.290419660509 102583.03148837667 3455.6755064583849 2253.2294567511417 18392.753373186104 8389.3811484500766 19709.342334540561 59181.329774917103 249452.39689296298 10438.529276216403 13590.02116946876 187631.79541180003 7397.2876856466755 5547.4299396756105 6046.7691409387626 35488.509315848351 37747.491329641081 1169.5350264310837 24.619195505976677 18255.023935561068 9032.1561282319017 2507.2777907140553 54153.607181062922 24488.303900758736 38311.884540973231 49239.858985044062 241366.88482574187 19000.744166873395 106902.82986268681
leaf_count=5047952 122759 142961 1016743 449631 87906 248521 61880 157521 261079 1153243 58604 48685 2626806 37856 181090 105196 722540 203294 3094 455 2308943 74984 13741 345891 326963 137228 223223 921830 58422 1353898
internal_value=0.00374584 0.00755604 0.0146763 -0.00378175 -0.0124459 0.0093912 0.0074751 0.0021187 -0.00874702 0.00622072 -0.000961579 -0.0206332 0.0023643 0.00314664 -0.0243117 -0.014649 0.00201568 0.00501607 -0.0424198 0.0432072 -0.0212564 -0.0131733 0.00472764 0.00509463 -0.0267987 0.00381548 0.0061034 0.00375483 -0.00647151 -0.00266226
internal_weight=1.42804e+06 948130 410532 479910 199157 307949 289556 537598 104089 281167 84379.4 25198.1 280753 277297 90001.1 54362.1 269900 225379 14759.6 5572.05 48790.1 44520.7 433510 431002 42743.3 402073 328919 290607 73154.4 109156
internal_count=18502939 4975425 2603146 13527514 9412403 1586403 1337882 2372279 528983 1276002 371462 110383 4115111 3665480 7970599 2922647 3627624 2830100 51779 181545 2741102 797524 1843296 1829555 2635906 1686594 1282281 1145053 404313 1441804
is_linear=0
shrinkage=0.05


Tree=88
num_leaves=31
num_cat=0
split_feature=4 2 6 5 12 6 11 6 5 7 6 4 8 11 5 6 5 5 4 6 1 6 12 4 4 6 12 6 5 5
split_gain=15523.6 10442.2 15627.8 8280.45 5865.11 14132.7 6198.9 5755.96 5803.85 5682.98 5642.87 5596.33 5081.64 4669.28 4371.35 5440.02 8627.96 6342.28 4473.94 4162.28 3836.56 3787.95 3748.78 4878.27 4166.53 8357.6 5129.52 5047.81 3780.64 3742.89
threshold=0.8659537305672772 0.43650793650793657 0.8973684210526317 0.82063376874697636 20.500000000000004 0.087595907928388769 8.5000000000000018 0.32305502846299816 0.47304562627143282 1.0000000180025095e-35 0.61721611721611735 0.44347452395479253 1.0000000180025095e-35 8.5000000000000018 0.35018248175182487 0.065591397849462371 0.091372912801484255 0.19241053064582478 0.6040448793958183 0.048809523809523817 0.73746867167919816 0.17445652173913045 3.5000000000000004 0.8913727434087354 0.96843892137751797 0.81534090909090928 1.0000000180025095e-35 0.71714285714285719 0.95500556736511799 0.64888572783309639
decision_type=2 2 2 2 2 2 2 2 2 2 2 2 2 2 2 2 2 2 2 2 2 2 2 2 2 2 2 2 2 2
left_child=4 -2 3 10 5 11 -7 12 -9 13 29 -1 -6 22 15 16 18 -17 -14 -18 -8 -19 24 -24 27 26 -26 28 -5 -3
right_child=1 2 -4 9 7 6 20 8 -10 -11 -12 -13 14 -15 -16 17 19 21 -20 -21 -22 -23 23 -25 25 -27 -28 -29 -30 -31
leaf_value=0.018751427444591087 0.0019495344923557924 0.036490915963622771 0.047812166480119545 -0.021702037642443411 -0.059868924559603569 0.0011181627363590397 -0.012246140420221393 0.036969682253763812 0.0048053286326259726 0.048882988191453508 0.034743846351562482 -0.042622689541015661 0.003938944983193228 -0.020525205079554219 -0.011994295456975038 0.056210889828365966 -0.044640928811445518 -0.0002790223866198116 0.64862305423415056 0.0024335064620605094 -0.11141152044356516 0.023886413402538321 -0.032182178199029583 0.020635923192876431 -0.0017731543069520507 -0.072180710828892922 0.030176948415258815 0.027017090288626002 0.050929943096702679 0.0096120167689695279
leaf_weight=4222.0033340943046 266257.34929996915 15316.638530721888 32978.462146790698 37250.9379581213 3390.8030175161548 323069.02854573191 96906.859810678288 24212.050691202283 33334.584545593709 6953.2044088691473 47338.608155773953 30885.218451829394 130824.68241654057 19122.13254782185 47982.871905747801 8555.4680542603601 14983.542320526205 36546.022605764447 26.916931008920074 6838.9945798253175 985.27049586270005 29151.834669220261 4784.2828339189291 50680.147463830188 25085.838679488748 2963.5052197556943 25163.842606239021 7324.6120683345944 1882.1599558182061 83878.267857467756
leaf_count=32123 1106560 77623 554190 148239 469378 3511599 1681316 96460 176813 59969 356356 5182905 401310 59241 638274 97279 1356355 912912 455 389207 4277 170352 29029 350623 74256 18655 151333 50687 6825 338338
internal_value=0.00358247 0.00946012 0.0150039 0.0117026 -0.00107101 -0.00476355 -0.00222173 0.00394331 0.0183381 0.00455589 0.0205406 -0.0352418 0.000966777 0.00278716 0.00171714 0.00461636 -0.000782492 0.0157171 0.00407156 -0.0298882 -0.0132442 0.0104438 0.00566066 0.0160799 -0.000137395 0.00941457 0.0142267 -0.0110783 -0.0182087 0.0137624
internal_weight=1.4189e+06 626980 360723 327744 791916 456068 420961 335848 57546.6 181211 146534 35107.2 278301 174257 274910 226927 152674 74253.3 130852 21822.5 97892.1 65697.9 155135 55464.4 99670.9 53213.2 50249.7 46457.7 39133.1 99194.9
internal_count=18502939 3381924 2275364 1721174 15121015 10412220 5197192 4708795 273273 948857 772317 5215028 4435522 888888 3966144 3327870 2147327 1180543 401765 1745562 1685593 1083264 829647 379652 449995 244244 225589 205751 155064 415961
is_linear=0
shrinkage=0.05


Tree=89
num_leaves=31
num_cat=0
split_feature=6 2 6 12 0 6 7 11 5 5 4 5 4 12 0 11 1 10 11 0 12 6 5 6 4 5 2 4 4 1
split_gain=14458.2 11654.7 12270 9821.26 6972.67 8671.09 7365.74 5941.66 5502.49 4903.39 9355.99 5000.16 4964.92 5767.96 4767.17 5856.08 5091.92 4506.16 5111.06 4563.64 4493.39 6020.42 4577.99 4509.52 9595.4 4403.38 5210.99 4553.84 4171.89 4480.81
threshold=0.65301003344481623 0.41428571428571431 0.93933823529411775 1.5000000000000002 0.62147166558931277 0.13100686498855837 1.0000000180025095e-35 8.5000000000000018 0.10361093038386467 0.77823315118397096 0.85027719744603758 0.64888572783309639 0.94389916592433776 3.5000000000000004 0.37006688963210704 18.500000000000004 0.04040816326530617 1.0000000180025095e-35 20.500000000000004 0.58890923890923907 30.500000000000004 0.19677419354838713 0.32363520947947527 0.087595907928388769 0.47856087531016561 0.7835585585585586 0.080128205128205135 0.95481732520666962 0.81711599808393987 0.407785336356765
decision_type=2 2 2 2 2 2 2 2 2 2 2 2 2 2 2 2 2 2 2 2 2 2 2 2 2 2 2 2 2 2
left_child=4 17 3 -3 5 8 9 -5 -1 10 20 -12 -11 -14 -7 16 -16 19 -19 -2 23 22 -22 24 -6 26 27 28 29 -18
right_child=1 2 -4 7 6 14 -8 -9 -10 12 11 -13 13 -15 15 -17 25 18 -20 -21 21 -23 -24 -25 -26 -27 -28 -29 -30 -31
leaf_value=0.039974604838152156 -0.0093000339340011534 -0.00071361875738026382 0.04994902998446793 0.02685665808065902 0.0013312161481139541 0.0079750045381656951 0.039152244199673322 -0.0026293960464253796 -0.040106917749157402 -0.015030038282209196 0.033377789003754862 0.0099342903409045686 -0.0092592439630683945 0.031783562021077343 0.02126213553730134 -0.038987563117573204 -0.018681272076507823 0.01903944229463711 -0.021541178974876032 0.007643233411454101 0.0044064623205020631 0.026607327742760659 -0.038326367513825871 9.2217672930630694e-06 -0.03793194524526828 -0.034229694446542343 0.018401603348601313 0.63392356262018179 0.0034201293518517696 0.17092487504995568
leaf_weight=2340.6399572379887 90102.736450370401 70353.664905088022 27552.151125964709 112765.65197241958 37251.419863297604 61370.156871607527 13441.88840018562 20135.716184319928 25667.872121506603 75940.796069370583 31927.24307942763 79081.309327147901 20767.550541236997 14563.132301395759 15952.627156521194 14246.451021751855 64355.563826084137 57965.857571665198 8958.2630674615502 71106.335925689898 138744.05685090227 31439.137690600008 6563.9745153193362 220358.56928566843 26724.131524570519 14917.09623715654 19265.696822708938 27.451434373855591 36282.861511165276 313.11202283762395
leaf_count=105742 347802 299026 490490 958230 197106 327964 166348 57421 5495763 291746 155155 341978 72800 52234 86359 222495 1938391 172627 26026 342433 982618 119938 43680 1277003 3454360 110019 64519 91 301028 1547
internal_value=0.00342627 0.0107154 0.018637 0.0143925 -8.93908e-05 -0.00716823 0.00249851 0.0223893 -0.0334146 0.00177753 0.00364542 0.0166769 -0.00782605 0.0076584 -0.00392597 -0.00834276 -0.0054537 0.00270101 0.0136074 -0.00182667 0.000508006 0.00676847 0.0024761 -0.00338361 -0.01507 -0.00860686 -0.00542819 -0.00997466 -0.0101498 -0.0177632
internal_weight=1.41048e+06 458940 230807 203255 951543 254740 696803 132901 28008.5 683361 572090 111009 111271 35330.7 226731 165361 151114 228133 66924.1 161209 461081 176747 145308 284334 63975.6 135162 120245 100979 100952 64668.7
internal_count=18502939 2694055 1805167 1314677 15808884 8653918 7154966 1015651 5601505 6988618 6571838 497133 416780 125034 3052413 2724449 2501954 888888 198653 690235 6074705 1146236 1026298 4928469 3651466 2415595 2305576 2241057 2240966 1939938
is_linear=0
shrinkage=0.05


Tree=90
num_leaves=31
num_cat=0
split_feature=6 11 9 12 6 1 4 4 4 8 5 0 5 9 2 6 7 5 11 2 2 7 5 0 2 1 1 2 4 6
split_gain=13474.8 11484.5 8713.53 6406.25 10972.1 5742.7 5638.29 5450.52 5147.89 4906.46 4635.07 4593.15 4499.54 4489.32 7071.75 5524.95 4277.3 4077.18 3939.06 4970.19 3989.59 3804.31 3439.25 3433.4 5365.76 4087.68 4348.85 4009.52 3378.22 6954.68
threshold=0.47722567287784684 1.0000000180025095e-35 1.0000000180025095e-35 20.500000000000004 0.087595907928388769 0.27361853832442073 0.99222761596548015 0.81711599808393987 0.44347452395479253 1.0000000180025095e-35 0.70853559870550165 0.39887757026976051 0.62805605247465723 1.0000000180025095e-35 0.080128205128205135 0.93933823529411775 1.0000000180025095e-35 0.54108003857280629 7.5000000000000009 0.63068181818181823 0.88194444444444453 1.0000000180025095e-35 0.37544326241134757 0.61085275878232537 0.10555555555555557 0.096006144393241191 0.32200460829493094 0.41428571428571431 0.69804274383078746 0.32305502846299816
decision_type=2 2 2 2 2 2 2 2 2 2 2 2 2 2 2 2 2 2 2 2 2 2 2 2 2 2 2 2 2 2
left_child=3 2 6 4 8 11 10 9 -1 -5 -2 -6 -3 23 -15 18 -7 -9 -16 -20 -21 -12 -10 25 -25 -14 -27 -26 29 -11
right_child=1 12 -4 7 5 16 -8 17 22 28 21 -13 13 14 15 -17 -18 -19 19 20 -22 -23 -24 24 27 26 -28 -29 -30 -31
leaf_value=0.017768927053014982 0.024641830972744885 0.020781695978146723 0.029904250708480257 -0.059796490486081634 -0.0018058186554551722 -0.00073214232286566419 0.038288427705990828 0.044639266683884259 -0.044889887311678527 0.0014794025854616732 0.0031460829685872743 -0.024903960607096608 0.0066794556934826263 -0.040923288782334276 0.0035558833564600214 0.044471962161589634 0.039542647980345347 -0.019016818580676449 -0.00036776937498499905 -0.056220816978182056 0.054281313922083269 0.047162489616642933 0.04473452066882852 0.027630960449992359 -0.015638655014740301 -0.01220135992847288 0.021443806625632431 0.0096108685807369185 -0.020280340070747374 0.030005761917952647
leaf_weight=4214.7020069998689 34768.836034428328 32247.342373870313 78762.70750154648 3185.724503086647 38938.991153171519 236701.65806439961 16758.137895873748 12693.177261917619 27571.218507063342 260475.2347825116 156979.17470481992 48119.932876055129 99782.295902103186 14468.96939529106 35451.346649749205 5766.160575970076 6781.2546648730058 3137.1932277362794 11624.809372738004 10091.813105326146 888.75722742080688 5067.3918712642044 1113.6470452444628 33221.961779545993 19953.187782132998 78031.844488553703 10952.437198389322 74155.909429019317 15326.802538608899 23275.272980447859
leaf_count=32123 182455 121212 876330 468832 480207 1284829 248521 63609 5124665 3797976 828828 2850302 308217 87815 167440 70161 94640 18746 30849 35217 2093 42679 58513 110292 84084 388479 32578 314405 196651 100191
internal_value=0.00328036 0.0080554 0.0156895 -0.00175697 -0.00629208 -0.00355127 0.0104473 0.00342468 -0.033829 0.00192684 0.00807675 -0.0145728 0.00282442 0.00135614 -0.00936275 -0.00220781 0.000389553 0.0320242 -0.00684402 -0.0231539 -0.0472769 0.00452253 -0.0414104 0.00401102 0.0103558 -0.000268804 -0.00806022 0.00425742 0.00258431 0.00381934
internal_weight=1.40051e+06 718973 292336 681535 363441 330542 213574 318093 32899.6 302263 196815 87058.9 426637 394389 78291.9 63822.9 243483 15830.4 58056.7 22605.4 10980.6 162047 28684.9 316098 127331 188767 88984.3 94109.1 299077 283751
internal_count=18502939 3931655 2178813 14571284 9925279 4709978 1302483 4646005 5215301 4563650 1053962 3330509 1752842 1631630 393575 305760 1379469 82355 235599 68159 37310 871507 5183178 1238055 508781 729274 421057 398489 4094818 3898167
is_linear=0
shrinkage=0.05


Tree=91
num_leaves=31
num_cat=0
split_feature=4 2 6 5 7 8 12 6 11 4 6 6 5 4 12 6 5 4 6 2 0 10 2 10 0 11 0 11 11 2
split_gain=12713.8 8600.84 14528.8 7270.49 5288.54 5080.03 5499.71 11126.7 5475.34 5176.98 4820.16 4269.71 5164.92 4171.53 5231.68 8819.83 3907.27 5089.9 4487.73 3674.34 3828.69 3308.79 4864.76 3253.59 4580.45 3860.73 3840.8 3832.08 6183.89 3645.59
threshold=0.8659537305672772 0.43650793650793657 0.92450142450142458 0.81096096096096104 1.0000000180025095e-35 1.0000000180025095e-35 20.500000000000004 0.087595907928388769 18.500000000000004 0.44347452395479253 0.54772727272727284 0.32305502846299816 0.47304562627143282 0.8913727434087354 1.5000000000000002 0.64495798319327746 0.35018248175182487 0.74192634472806895 0.17445652173913045 0.30952380952380959 0.56273219814241504 1.0000000180025095e-35 0.095454545454545472 1.0000000180025095e-35 0.59606410746116645 21.500000000000004 1.0000000180025095e-35 13.500000000000002 7.5000000000000009 0.087121212121212141
decision_type=2 2 2 2 2 2 2 2 2 2 2 2 2 2 2 2 2 2 2 2 2 2 2 2 2 2 2 2 2 2
left_child=5 23 3 10 13 -1 7 9 -9 -7 -3 16 -13 -5 -15 -16 17 18 19 21 -21 -8 -23 24 -2 27 -27 28 -25 -26
right_child=1 2 -4 4 -6 6 11 8 -10 -11 -12 12 -14 14 15 -17 -18 -19 -20 20 -22 22 -24 25 29 26 -28 -29 -30 -31
leaf_value=-0.058236520767808143 -0.0083286378131487565 0.010694305598548663 0.049661553844465481 -0.026796236314421868 0.047382010582702423 0.018761375371521519 -0.038420392694401173 -0.0010558694641132689 -0.029348440133280175 -0.041384066492827859 0.029935422476038712 0.034649088641257896 0.0038806664949029312 -0.0054839101059685601 -0.0069250220005593879 0.02344037336752567 -0.011500518871577882 0.078359168395746137 0.021962997529728471 0.071035398653275003 0.0021793622650413463 0.00068219501810380418 0.37664759531477965 0.018045217537704838 0.017990545341549154 0.027271765876066414 -0.04717405266162969 0.026048263470202518 -0.033047800306476714 -0.0028192132132753801
leaf_weight=3870.3751157247461 109893.91401486797 68044.896662382409 25975.011266955175 11052.199842790142 6961.6227490231395 4129.0233109737746 10716.61424338189 398557.59621343925 17867.011591788847 26797.776324390667 62396.757985396311 23316.694752210751 32862.725311182439 71603.100328473374 38094.923517204821 64237.420667564496 47608.051772694802 2294.2979014266748 28682.200957670808 2042.5822489489801 173823.02748571429 7264.4574398892 87.072394330054522 17611.61655901745 40450.52879726328 2607.2753212302923 5164.0026849061251 35070.825832486153 8922.4204191491008 43873.307287687436
leaf_count=651105 486122 267267 501319 58149 65247 29302 1618253 4817176 361816 5022199 441714 96460 176813 279370 143689 518609 638274 14105 169715 56784 1189461 279279 273 52780 151424 6097 16289 108927 32487 252434
internal_value=0.00313726 0.008532 0.0136882 0.0107898 0.00460004 -0.00109569 -0.000810714 -0.00441874 -0.00226978 -0.0333541 0.0198983 0.00409974 0.0166508 0.00299003 0.00488271 0.0121363 0.00151235 0.00426686 0.00350326 0.000773119 0.00297909 -0.0206986 0.00513517 0.00171758 -0.00160247 0.011012 -0.0221974 0.0152013 0.000864515 0.00716332
internal_weight=1.39188e+06 611960 348366 322391 191949 779920 776049 447351 416425 30926.8 130442 328698 56179.4 184988 173935 102332 272518 224910 222616 193934 175866 18068.1 7351.53 263594 194218 69376.1 7771.28 61604.9 26534 84323.8
internal_count=18502939 3381924 2275364 1774045 1065064 15121015 14469910 10230493 5178992 5051501 708981 4239417 273273 999817 941668 662298 3966144 3327870 3313765 3144050 1246245 1897805 279552 1106560 889980 216580 22386 194194 85267 403858
is_linear=0
shrinkage=0.05


Tree=92
num_leaves=31
num_cat=0
split_feature=4 2 0 7 6 2 11 9 11 11 1 12 5 0 6 5 1 11 1 11 11 1 1 2 5 4 2 11 6 2
split_gain=12183.3 9587.61 9448.32 11977.8 10010.5 7099.59 6171.81 6872.26 5746.98 5515.53 5463.55 5018.49 4635.48 5143.99 4596.78 5674.33 4491.43 7624.7 10523.1 5770.97 4449.35 4473.56 4371.92 4131.06 4116.33 4045.39 3899.77 3662.84 3488.63 5365.78
threshold=0.99222761596548015 0.23611111111111113 0.74363155363155375 1.0000000180025095e-35 0.13100686498855837 0.11805555555555557 8.5000000000000018 1.0000000180025095e-35 5.5000000000000009 7.5000000000000009 0.68042553191489363 66.500000000000014 0.42912946428571436 0.91663398692810472 0.3585714285714286 0.57962779973649547 0.05064102564102569 21.500000000000004 1.0000000180025095e-35 29.500000000000004 3.5000000000000004 0.32200460829493094 0.077935222672064777 0.10555555555555557 1.0000000180025095e-35 0.62138056729283064 0.47222222222222227 14.500000000000002 0.053342816500711245 0.095454545454545472
decision_type=2 2 2 2 2 2 2 2 2 2 2 2 2 2 2 2 2 2 2 2 2 2 2 2 2 2 2 2 2 2
left_child=2 -2 4 5 11 -4 7 9 12 14 -8 24 -9 -14 -7 -16 17 27 19 -19 -18 22 -22 25 -1 -23 -24 -6 -13 -30
right_child=1 -3 3 -5 16 6 10 8 -10 -11 -12 28 13 -15 15 -17 20 18 -20 -21 21 23 26 -25 -26 -27 -28 -29 29 -31
leaf_value=0.022877905726870453 0.0066223337157739863 0.040166471608266488 0.036089552291097199 0.046077812575539188 0.0008113814222096092 -0.0045238999852305695 -0.0052870035608252085 0.0055615453916234457 -0.021139829905353263 0.029578211947783397 -0.045867150582241396 -0.010329616803626034 -0.0076751531427052995 0.025955379234968726 0.026163824929957682 0.0026999641234136916 0.0028064467616638138 0.048332879789421378 -0.047974986997891551 -0.077133888210775062 0.0016876443942267141 0.15796368732684896 -0.020989142298150444 -0.0035128236376673126 -0.043615014593886052 0.025366949898104219 0.024938140843395091 0.019331329507227119 0.016698044528120442 0.23481437668476515
leaf_weight=2553.3347492786124 49229.243811294436 37550.006426128559 16960.111178657971 17331.952151938342 47849.576885318384 226567.54254243826 47072.36963006109 76040.383832411142 11743.725003510946 17295.379977915436 10068.595705978107 2491.0482361800969 12980.564378814772 91658.355753700249 28355.427643340081 282209.06719850004 107856.80889651319 5733.2750791404396 13428.090724629816 1090.8822401203215 33199.262361142319 619.9069197839126 106248.17689239141 37345.170638260432 26321.701492477907 7979.7695340556093 4832.2926987111568 60396.841535820626 815.26307605905458 431.04689536942169
leaf_count=65338 144417 562016 72618 151151 241332 3524066 239057 839111 50687 73346 40495 179634 72982 880880 107926 1312402 986622 15743 89635 7371 204113 4550 1948310 113841 6229041 35399 10738 214214 82537 3367
internal_value=0.00299923 0.0211371 0.00178611 0.00494402 -0.00397884 0.0040756 0.00340027 0.00461201 0.0127534 0.00178642 -0.0124375 -0.0306788 0.0149563 0.0217835 0.000891535 0.00484228 -0.00193761 0.00587652 -0.0222815 0.0282763 -0.00530616 -0.00990599 -0.0142329 0.00368177 -0.0377352 0.0349252 -0.0189912 0.0111447 0.0238398 0.0921354
internal_weight=1.38426e+06 86779.3 1.29748e+06 838283 459192 820952 803991 746850 192423 554427 57141 32612.4 180679 104639 537132 310564 426580 128499 20252.2 6824.16 298081 190225 144280 45944.8 28875 8599.68 111080 108246 3737.36 1246.31
internal_count=18502939 706433 17796506 7364721 10431785 7213570 7140952 6861400 1843660 5017740 279552 6559917 1792973 953862 4944394 1420328 3871868 568295 112749 23114 3303573 2316951 2163161 153790 6294379 39949 1959048 455546 265538 85904
is_linear=0
shrinkage=0.05


Tree=93
num_leaves=31
num_cat=0
split_feature=6 0 6 12 1 6 2 11 9 5 4 5 2 2 5 4 12 4 4 7 5 4 7 4 6 4 5 11 1 5
split_gain=11324.8 9368.41 7140.49 8378.66 5374.38 8082.4 7976.04 6106.55 6383.69 6013.6 5919.77 5399.19 5297.92 4303.77 3900.52 4090.31 5368.39 5590.31 4062.06 3848.51 3774.78 5564.79 4401.39 4233.78 6187.69 3826.87 3759.04 3689.97 3668.57 3593.64
threshold=0.65301003344481623 0.95279581529581547 0.92450142450142458 1.5000000000000002 0.71010186757215632 0.10435571687840291 0.73214285714285732 4.5000000000000009 1.0000000180025095e-35 0.091372912801484255 0.55265880293930791 0.42912946428571436 0.88194444444444453 0.88194444444444453 0.79324593901396423 0.99222761596548015 1.5000000000000002 0.93123244500198898 0.93438591387872816 1.0000000180025095e-35 0.72104203935599298 0.81711599808393987 1.0000000180025095e-35 0.73093975874921124 0.32305502846299816 0.65559940333725975 0.54915769124551239 20.500000000000004 0.26598639455782319 0.94771018455228995
decision_type=2 2 2 2 2 2 2 2 2 2 2 2 2 2 2 2 2 2 2 2 2 2 2 2 2 2 2 2 2 2
left_child=4 14 3 -3 5 9 26 8 19 -1 -7 -10 -9 20 27 16 17 -16 -18 -8 21 23 -22 24 25 -12 -6 -2 -20 -19
right_child=1 2 -4 -5 6 10 7 12 11 -11 13 -13 -14 -15 15 -17 18 29 28 -21 22 -23 -24 -25 -26 -27 -28 -29 -30 -31
leaf_value=0.0057874096102096002 0.019274149069859969 7.8520561249113144e-05 0.049259124812306147 0.02562604591280683 0.038533969268653066 0.051000766675754976 -0.0018456411615551107 -0.049582525436411048 0.0032686836651485314 -0.040040739690271249 0.00090272763322890625 0.025416151046045526 0.050100123917353828 0.058195171783715076 0.010478176371784029 0.012469119952075482 -0.004327506368240322 -0.049166725108757553 0.00045623971204345544 0.052367042514460033 -0.016071632372040831 0.0099045935726722011 0.031436979178287673 -0.018380704073046494 0.012993760445280916 -0.021188401794826926 0.010832164879396054 -0.0538376581360442 0.027293441673276103 -0.013488699950927597
leaf_weight=9885.0391844883561 49380.929571481422 52955.910794846714 17802.52895475179 81464.130719847977 20114.503284206614 5101.6946456837468 368040.02223804221 9555.9754324653186 68740.058635709342 25950.385973385768 40825.017236117041 45888.389792738482 1548.9880553353578 2825.7012753821909 11767.028110362589 62795.987340481952 85464.504492878914 13512.339853417128 26187.129626918584 3303.0176379904151 77323.376148259267 82669.224431643495 5203.1652924083173 48585.499164211331 48600.7882690439 37714.703036933672 31305.997086333111 1788.2882754914463 24787.063913749531 14775.524874774739
leaf_count=151424 169442 246610 411502 848848 136773 85540 3753386 51415 766584 5924464 1214213 389935 4004 5460 41769 293566 318318 105560 83993 27482 383565 468377 19656 594776 303667 1388478 139685 6825 110019 57603
internal_value=0.0028686 0.00945481 0.0195024 0.0155614 -0.000255752 -0.00478667 0.00292197 0.000982727 0.00182047 -0.0273993 -0.00246379 0.0121348 -0.0356782 -0.00325728 0.00418913 0.00150977 -0.00238955 -0.0184837 0.00233529 -0.00136343 -0.00376663 -0.000793296 -0.0130763 -0.00582605 -0.00102842 -0.00970541 0.0216685 0.016719 0.0135063 -0.0305311
internal_weight=1.37586e+06 442681 152223 134420 933182 384685 548497 497076 485971 35835.4 348849 114628 11105 343747 290459 239290 176494 40054.9 136439 371343 340922 258395 82526.5 175726 127141 78539.7 51420.5 51169.2 50974.2 28287.9
internal_count=18502939 2694055 1506960 1095458 15808884 10539620 5269264 4992806 4937387 6075888 4463732 1156519 55419 4378192 1187095 1010828 717262 204932 512330 3780868 4372732 3969511 403221 3501134 2906358 2602691 276458 176267 194012 163163
is_linear=0
shrinkage=0.05


Tree=94
num_leaves=31
num_cat=0
split_feature=4 2 0 7 6 2 12 11 6 5 9 11 4 5 1 11 1 11 1 11 11 11 11 1 11 5 6 1 1 5
split_gain=10458.5 9222.4 7865.6 11144.1 8903.93 6607.21 5836.34 5367.61 6140.88 5860.92 4775.05 5305.77 4753.9 4749.23 4660.64 4423.25 3842.01 6197.93 9099.56 5261.88 5144.8 5054.44 4843.25 4553.32 3935.53 3653.38 3786.67 4330.74 4995.46 3595.1
threshold=0.99222761596548015 0.23611111111111113 0.74363155363155375 1.0000000180025095e-35 0.15075757575757578 0.11805555555555557 22.500000000000004 8.5000000000000018 0.79057017543859665 0.95500556736511799 1.0000000180025095e-35 4.5000000000000009 0.96843892137751797 0.97969490826633698 0.68042553191489363 7.5000000000000009 0.059714795008912643 21.500000000000004 1.0000000180025095e-35 13.500000000000002 3.5000000000000004 29.500000000000004 8.5000000000000018 0.32200460829493094 18.500000000000004 0.19069264069264072 0.10762548262548265 0.31643132220795894 0.31866537717601556 0.42912946428571436
decision_type=2 2 2 2 2 2 2 2 2 2 2 2 2 2 2 2 2 2 2 2 2 2 2 2 2 2 2 2 2 2
left_child=2 -2 4 5 6 -4 -1 8 10 -10 15 29 -11 -14 -9 -7 17 19 21 22 -18 -19 -6 -22 -21 26 -8 -28 -29 -12
right_child=1 -3 3 -5 16 7 25 14 9 12 11 -13 13 -15 -16 -17 20 18 -20 24 23 -23 -24 -25 -26 -27 27 28 -30 -31
leaf_value=-0.047624819580198603 0.0057274118022498412 0.039277688124829332 0.035076221452361431 0.045467871974558399 0.0082765270205233509 -2.9158914848109141e-05 0.0055383311796617374 -0.0050510020160138124 0.028913235092159761 0.019665691497347537 0.0049881671790992224 -0.019296636156922734 -0.18174226193282117 -0.013977602506036546 -0.042321708530766486 0.02809347167120585 0.0039219521603943508 0.045908237863922507 -0.045121262085835535 0.024722500433533717 -0.015233346615490096 -0.075158718737660446 -0.023155922826044856 0.0031971866925667837 -0.0025271136267897743 -0.024897785767915421 0.094881881415414898 1.4636967628024671 -0.051293190101089375 0.020066869557472326
leaf_weight=17905.512415428646 48738.987709505484 35331.046966258436 16439.503985928139 16289.416599011049 35175.640928328969 512844.57963733608 6421.3486123515759 46984.071540512145 36967.151158717461 1673.779978306964 75154.381111172261 13901.076292923419 857.96116404607892 829.92137237265706 10210.709939254448 14373.879735947354 100434.0094303498 5530.3809632472694 13116.286110844929 53808.988534235395 125887.96129844431 1021.3177317846566 18807.872392865829 45668.29190012347 17578.933134915307 12295.98924338026 964.57633800618351 12.466280817985536 9.6556653250008804 83392.11882090196
leaf_count=4566653 144417 562016 72618 151151 194740 4727541 498316 239057 391664 18473 831558 63154 6825 4368 40495 61698 858221 14196 81991 177541 1915277 6279 91364 148967 66976 1794338 16198 91 637 756119
internal_value=0.00274201 0.0198272 0.00162385 0.00451969 -0.00366235 0.00369988 -0.0269627 0.00305284 0.00419347 0.0231653 0.00309993 0.0103223 -0.0400433 -0.0992534 -0.0117048 0.000737566 -0.00156103 0.005011 -0.0210847 0.00910484 -0.00506558 0.0270356 -0.00267455 -0.0103271 0.0180124 -0.00818649 0.0195512 0.110746 0.802442 0.0129192
internal_weight=1.36863e+06 84070 1.28456e+06 829919 454639 813629 37609.5 797190 739995 40328.8 699666 172448 3361.66 1687.88 57194.8 527218 417030 145039 19668 125371 271990 6551.7 53983.5 171556 71387.9 19704 7408.05 986.698 22.1219 158546
internal_count=18502939 706433 17796506 7364721 10431785 7213570 6876233 7140952 6861400 421330 6440070 1650831 29666 11193 279552 4789239 3555552 633087 102466 530621 2922465 20475 286104 2064244 244517 2309580 515242 16926 728 1587677
is_linear=0
shrinkage=0.05


Tree=95
num_leaves=31
num_cat=0
split_feature=4 5 4 2 7 12 4 5 6 5 6 5 4 8 12 6 4 4 11 12 4 2 6 5 5 6 5 5 6 1
split_gain=9929.09 7122.86 7881.63 8854.79 6169.94 5233.89 10217.5 8427.82 6279.22 5550.76 5229.94 7056.16 5789.45 4630.88 5066.67 9559.06 4837.92 4570.94 4475.84 4329.43 8462.04 4286.29 3685.19 5960.13 5277.99 4333.04 7049.59 5522.16 4036.06 3608.51
threshold=0.8659537305672772 0.73363914373088701 0.99222761596548015 0.23611111111111113 1.0000000180025095e-35 1.5000000000000002 0.94389916592433776 0.86219390304847587 0.70710784313725505 0.94771018455228995 0.79057017543859665 0.97969490826633698 0.96843892137751797 1.0000000180025095e-35 20.500000000000004 0.087595907928388769 0.44347452395479253 0.92216655893126498 18.500000000000004 1.0000000180025095e-35 0.97210656064751488 0.81666666666666676 0.21132376395534294 0.43881221553369559 0.31153480636730824 0.065591397849462371 0.091372912801484255 0.23546315077755245 0.048809523809523817 0.28436657681940708
decision_type=2 2 2 2 2 2 2 2 2 2 2 2 2 2 2 2 2 2 2 2 2 2 2 2 2 2 2 2 2 2
left_child=13 -2 4 -4 5 7 8 -3 -7 17 19 12 -12 -1 15 16 -15 -9 -17 20 -11 -10 24 -24 25 26 -16 -27 -28 -6
right_child=1 2 3 -5 29 6 -8 9 21 10 11 -13 -14 14 22 18 -18 -19 -20 -21 -22 -23 23 -25 -26 27 28 -29 -30 -31
leaf_value=-0.058350894832592197 0.019935305312518137 0.016080169649325675 0.0054578311659566215 0.038695075522430636 0.0036967783978361641 -0.010239749101707191 0.018173985172678892 0.013715739066633471 0.0014977714483016666 0.066324374911097841 0.011170689052507322 0.01498062942614807 -0.14477899608140954 0.017970018206168361 0.003435798341799657 -0.0013274283833210002 -0.040617048717735665 -0.035362232830315594 -0.027337939684768133 0.030610297724094328 -0.021163207000798802 0.026867673803435882 0.024221311919152878 -0.00012808338376376464 -0.019352257116496532 0.036988395440882463 -0.04395149424967592 0.0015950696027807734 0.0045637617658226149 0.047233507882577831
leaf_weight=3520.3191058812663 96125.769385548308 26129.067647526041 48592.884364642203 34101.24236091692 8015.882236532867 106716.7883887291 91740.666333775036 5444.1237422339618 68480.733977243304 3250.1008193846792 830.05245828814805 2398.9435571786016 2102.708772778511 4111.4137514624745 130222.54593388224 392846.47348471615 24649.05161340558 36907.492172718048 17266.2172747273 10840.929772259668 18475.788351066411 21996.587087424472 49318.325396765955 51244.820120302029 29662.926753477426 19431.4780466191 13531.933966336772 25460.824771151645 6274.6661708387546 11715.636290309951
leaf_count=651105 497224 115570 144417 562016 27664 506142 507871 21021 280462 8099 2548 9464 10920 29302 401765 4817176 5022199 193193 361816 54691 64974 271999 279734 340704 699972 265629 1322594 567112 361907 103649
internal_value=0.00262041 0.00747484 0.00506841 0.0191641 0.00225996 0.000897981 0.0043889 -0.00858365 -0.00202434 -0.0166141 -0.00271304 -0.0486182 -0.100641 -0.00113557 -0.000871946 -0.00437664 -0.0322418 -0.0290535 -0.0024225 0.00480237 -0.00807544 0.00766563 0.00385857 0.0118134 0.000296602 0.00328674 -0.000791141 0.0169149 -0.028582 0.0295468
internal_weight=1.36141e+06 593865 497740 82694.1 415046 395314 288935 106379 197194 80250.1 37898.5 5331.7 2932.76 767541 764021 438873 28760.5 42351.6 410113 32566.8 21725.9 90477.3 325148 100563 224584 194921 150029 44892.3 19806.6 19731.5
internal_count=18502939 3381924 2884700 706433 2178267 2046954 1566474 480480 1058603 364910 150696 22932 13468 15121015 14469910 10230493 5051501 214214 5178992 127764 73073 552461 4239417 620438 3618979 2919007 2086266 832741 1684501 131313
is_linear=0
shrinkage=0.05


Tree=96
num_leaves=31
num_cat=0
split_feature=6 2 6 12 2 6 7 1 4 0 5 4 5 4 12 6 5 6 2 1 12 12 4 4 4 4 5 6 4 0
split_gain=9197.13 8324.77 6323.07 7366.26 4673.2 8248.86 6933.81 4294.22 4136.13 3758.08 3669.23 6656.96 5148.69 3966.72 4492.31 4369.31 3598.13 3551.81 5006.66 3827.82 3415.18 3362.42 3345.58 3336.01 3266.51 3210.73 4204.8 4863.63 3646.89 3112.26
threshold=0.65301003344481623 0.86607142857142871 0.8973684210526317 1.5000000000000002 0.47222222222222227 0.10435571687840291 1.0000000180025095e-35 0.8765243902439025 0.64571741717050657 0.62147166558931277 0.77823315118397096 0.84651154486867386 0.64888572783309639 0.94389916592433776 3.5000000000000004 0.57518796992481214 0.78800719054956347 0.91833333333333345 0.23611111111111113 0.12599206349206352 6.5000000000000009 1.5000000000000002 0.88578179283369018 0.96843892137751797 0.8913727434087354 0.94069986234841318 0.94297328687572601 0.7633053221288516 0.987266214824983 0.59353174603174608
decision_type=2 2 2 2 2 2 2 2 2 2 2 2 2 2 2 2 2 2 2 2 2 2 2 2 2 2 2 2 2 2
left_child=4 16 3 -3 5 7 10 -1 9 -7 11 -6 -13 15 23 20 -2 21 19 -19 -12 25 -20 -15 -23 -18 28 -28 -27 -26
right_child=1 2 -4 -5 6 8 -8 -9 -10 -11 13 12 -14 14 -16 -17 17 18 22 -21 -22 24 -24 -25 29 26 27 -29 -30 -31
leaf_value=-0.033768127029878532 0.016383063335473805 -4.4479567652131645e-05 0.047976622817717314 0.025211738346840623 0.00057411391111394038 0.0035917214059785849 0.049295250532191061 0.065703936686241998 -0.0050478326885971952 0.03862219592305377 -0.015168546174208245 0.033073956958352441 0.007770826098466771 -0.02495478715541509 0.030782472877550433 -0.040160559974492423 0.0063197167977196199 0.017191207671859922 -0.20203035124517543 -0.009560459567141506 0.013354897487648055 -0.010337555532243727 0.042341950990341513 0.017332706191467869 -0.0020615566364437783 -0.05329182202082982 0.010496331017739759 -0.036211516847339482 0.052356689202153452 0.016148320222171456
leaf_weight=29042.364063652698 47862.518888689578 49129.525503532961 16326.698703953996 70011.388728390448 395653.62442180002 32759.853625247721 7747.3211273606867 1127.0858276062645 250636.73403199506 9991.2532388777472 40462.660671489313 28443.731940174475 68570.526764551178 11408.336272522807 12528.880324397236 12863.776295743883 14673.690100144595 28510.66732640937 141.64369138516486 25182.790154129267 14168.995347967371 38333.390345769003 12511.352129336447 7888.9021492488682 47235.741526596248 11119.004019035026 13353.52792969346 9566.0189707111567 881.60397275537252 46624.160018880852
leaf_count=5959772 179088 228137 420420 736372 4590313 996450 63063 7735 3257800 102830 144053 146237 310765 40859 47866 69979 60515 83447 1547 78806 44863 142051 193739 26299 152334 91728 53781 34853 2366 234871
internal_value=0.00250315 0.00852962 0.0187958 0.014797 -0.000313075 -0.00515605 0.0022997 -0.030052 -0.00259596 0.0117786 0.00168467 0.00345212 0.0151895 -0.00708242 0.00746913 -0.0139439 0.00383113 0.00140998 0.011312 0.0046444 -0.00777085 -0.00220394 0.0396063 -0.00766724 0.00196114 -0.013306 -0.0215529 -0.0089983 -0.0455305 0.00698405
internal_weight=1.35476e+06 431464 135468 119141 923294 323557 599737 30169.4 293388 42751.1 591989 492668 97014.3 99321.6 31826.1 67495.4 295996 248134 66346.5 53693.5 54631.7 181787 12653 19297.2 132193 49593.8 34920.2 22919.5 12000.6 93859.9
internal_count=18502939 2694055 1384929 964509 15808884 10324587 5484297 5967507 4357080 1099280 5421234 5047315 457002 373919 115024 258895 1309126 1130038 357539 162253 188916 772499 195286 67158 529256 243243 182728 88634 94094 387205
is_linear=0
shrinkage=0.05


Tree=97
num_leaves=31
num_cat=0
split_feature=6 11 9 12 5 4 4 9 2 1 6 6 5 8 7 6 5 11 2 2 6 7 4 6 4 12 6 5 5 0
split_gain=8635.67 7942.69 6980.7 5089.75 8706.87 4665.07 4501.47 4322.24 7658.13 4144.03 4176.96 4126.21 4289.91 3967.44 3925.53 3830.83 3656.98 3416.1 4596.83 3972.36 3301.88 3233.53 3037.07 5393.63 3125.83 5114.62 3181.34 9640.88 3954.65 3099.48
threshold=0.47722567287784684 1.0000000180025095e-35 1.0000000180025095e-35 20.500000000000004 0.24725141959647221 0.49946074748706332 0.81711599808393987 1.0000000180025095e-35 0.080128205128205135 0.3816526610644258 0.15075757575757578 0.94281045751633996 0.67580080080080085 1.0000000180025095e-35 1.0000000180025095e-35 0.93933823529411775 0.54108003857280629 7.5000000000000009 0.63068181818181823 0.78888888888888908 0.47213622291021679 1.0000000180025095e-35 0.69344351165661655 0.32305502846299816 0.64005489292491202 55.500000000000007 0.048809523809523817 0.11437177280550777 0.19241053064582478 0.32877846790890269
decision_type=2 2 2 2 2 2 2 2 2 2 2 2 2 2 2 2 2 2 2 2 2 2 2 2 2 2 2 2 2 2
left_child=3 2 11 4 5 -1 13 -3 -9 10 -6 12 -2 -5 20 17 -8 -10 -19 -20 -11 -14 23 24 26 -26 27 -15 29 -28
right_child=1 7 -4 6 9 -7 16 8 15 14 -12 -13 21 22 -16 -17 -18 18 19 -21 -22 -23 -24 -25 25 -27 28 -29 -30 -31
leaf_value=0.0089644559443724254 0.026928630148818584 0.0045017902351090228 0.026695866820913905 -0.059354011945503118 -0.043464027538911654 -0.042031873158831452 0.041832980763285892 -0.040170953236468236 0.0051240511743064305 -0.00056958958615805407 -0.008714317140451764 0.040654320446204532 0.0028341295374078226 0.0032857967566708342 0.044144961601008809 0.042660710588474794 -0.019177166066948591 0.0020727198232963133 -0.053953181352485446 0.027989449186214984 -0.17420222054095111 0.045629895636913984 -0.017501993751078471 0.028197818252997383 -0.019267892283658411 0.032747533963146558 0.20573274390150631 -0.044345096267555256 0.0078485334370288866 0.03768380786344544
leaf_weight=5559.974004029762 23118.264295605943 331680.16195483785 69070.392054486088 2644.5795573934447 9627.8912768561859 23185.685731457779 12143.232454976765 15343.695653563365 37642.236294200644 222977.14327606838 84935.572318718303 9392.4830783447251 165697.24415982515 130277.05529241217 4970.1730563135352 4675.1001483146101 3078.9389241104946 12474.649586640298 9855.949327789247 1740.1295161917806 274.1402377076447 4534.6207448383793 18406.744730485138 20426.602201309055 32553.475995922461 5528.5514060964342 283.11400047433563 11567.053429035936 66228.151205739938 8896.8624662156217
leaf_count=270907 123851 1331967 876330 468832 2436252 3894254 63609 98371 180635 1546818 1734187 235235 895895 423787 41041 70161 18746 32669 34580 4459 1820 47502 241969 91091 796250 43498 4641 1173991 1173354 146237
internal_value=0.00239184 0.00632889 0.0129678 -0.00167373 -0.00579941 -0.0321682 0.00297418 0.00196392 -0.00833513 -0.00345114 -0.0122523 0.00829086 0.00671872 0.00161416 0.000195629 -0.000977198 0.0294927 -0.00428301 -0.0189939 -0.0416567 -0.000782801 0.00397412 0.00216227 0.00347484 0.00149701 -0.0117166 0.00381321 -0.000598391 0.0121115 0.0428665
internal_weight=1.34879e+06 685225 271813 663565 351531 28745.7 312034 413412 81731.8 322785 94563.5 202743 193350 296812 228221 66388.1 15222.2 61713 24070.7 11596.1 223251 170232 294168 275761 255334 38082 217252 141844 75408.1 9179.98
internal_count=18502939 3931655 2178813 14571284 9925279 4165161 4646005 1752842 420875 5760118 4170439 1302483 1067248 4563650 1589679 322504 82355 252343 71708 39039 1548638 943397 4094818 3852849 3761758 839748 2922010 1597778 1324232 150878
is_linear=0
shrinkage=0.05


Tree=98
num_leaves=31
num_cat=0
split_feature=4 1 2 7 6 6 5 11 10 11 2 11 11 11 0 1 1 11 2 0 1 11 1 4 0 12 2 1 6 4
split_gain=8028.06 8056.35 6478.79 9904.47 8141.79 4264.76 5903.96 3959.28 5216.01 8463.65 6650.19 4802.1 7901.06 7016.22 5379.39 4534.12 3951.22 3789.15 5530.49 8483.33 3644.9 3628.12 3407.19 3225.03 3184.43 5134.5 3812.25 3198.17 3092.86 3066.38
threshold=0.99222761596548015 0.32529069767441865 0.47222222222222227 1.0000000180025095e-35 0.10435571687840291 0.79057017543859665 0.95500556736511799 27.500000000000004 1.0000000180025095e-35 3.5000000000000004 0.080128205128205135 13.500000000000002 8.5000000000000018 18.500000000000004 0.36883862071960577 0.048199767711962889 0.8765243902439025 2.5000000000000004 0.095454545454545472 0.53705684293919609 0.16807909604519775 1.0000000180025095e-35 0.54653679653679665 0.64005489292491202 0.63196015585721488 84.500000000000014 0.095454545454545472 0.53033088235294124 0.88562091503267981 0.64571741717050657
decision_type=2 2 2 2 2 2 2 2 2 2 2 2 2 2 2 2 2 2 2 2 2 2 2 2 2 2 2 2 2 2
left_child=2 20 4 5 16 -4 -7 8 9 17 11 12 23 -13 -15 -14 -1 21 19 -19 -2 -6 -11 -10 25 -23 -26 -28 -17 -21
right_child=1 -3 3 -5 7 6 -8 -9 10 22 -12 13 15 14 -16 28 -18 18 -20 29 -22 24 -24 -25 26 -27 27 -29 -30 -31
leaf_value=-0.032704560057584001 0.013071292754514711 0.036739186710375148 0.002521036006828748 0.04741520493531029 0.011705609654761986 0.025044332379628005 -0.040320333963286076 -0.037750544818152119 0.04203977135563091 -0.015619783045115861 0.059832936771668468 0.022704194298838746 -0.016992027354766449 0.0098401562451413561 -0.032054374492168011 -0.06540254576237256 0.063970786883625397 -0.013317940626086738 -0.017459130477839414 0.13353893338328382 -0.018065738787360269 -0.020210490806225907 0.0094471833489969317 0.0011656245261049102 0.023268877948832756 0.24125741915824017 -0.044126266664214417 0.00068435029196865652 -0.44352077956684388 0.04297327125198807
leaf_weight=27655.073948886013 33668.961912911385 32698.89768470265 720481.4736642288 13009.534258929081 37288.265411601635 37553.717900766991 3804.5828180722892 7444.2191599803045 5527.671521858545 136773.40451265709 5599.4838619977236 55770.709188349545 16010.867408029735 19485.86818650784 12627.830958491657 5607.4201302714646 1098.9132481878623 8175.5916336677037 8343.3587048274931 986.83465982158668 13038.527675911784 33205.742259114981 15047.437911605928 38011.286523742601 13835.500886958092 188.82703572046012 5293.8368956546765 16065.814535107464 54.607675805687904 17666.642495894572
leaf_count=5959772 96096 565201 6242418 132678 292747 378833 29666 86632 34489 2727179 10920 206115 81991 83720 84357 42133 7735 174447 39039 33306 45136 610337 51779 169533 70070 1456 27118 89999 546 127491
internal_value=0.00228417 0.0177048 0.00131435 0.00415605 -0.00319989 0.00341734 0.0190314 -0.00158306 -0.000986833 -0.00494252 0.00631335 0.00435588 -0.00592419 0.0119839 -0.00663372 -0.030592 -0.0290098 0.00387586 0.0180944 0.0291509 0.0043793 -0.000847509 -0.0131353 0.00635497 -0.00767191 -0.018732 0.00282238 -0.0104216 -0.0690493 0.0477645
internal_weight=1.34202e+06 79406.4 1.26261e+06 774849 487765 761840 41358.3 459011 451567 292871 158696 153096 65211.9 87884.4 32113.7 21672.9 28754 141050 35172.4 26829.1 46707.5 105878 151821 43539 68589.7 33394.6 35195.2 21359.7 5662.03 18653.5
internal_count=18502939 706433 17796506 6783595 11012911 6650917 408499 5045404 4958772 4244968 713804 702884 328692 374192 168077 124670 5967507 1466010 374283 335244 141232 1091727 2778958 204022 798980 611793 187187 117117 42679 160797
is_linear=0
shrinkage=0.05


Tree=99
num_leaves=31
num_cat=0
split_feature=4 5 6 2 7 8 12 5 6 4 6 5 4 4 12 6 12 6 4 6 4 5 12 4 5 1 1 6 6 12
split_gain=7672.69 6101.78 7115.94 11594.9 4324.67 4096.18 4131.4 5004.74 6007.08 6081.04 6485.01 5114.76 6480.82 4494.4 4780.17 4630.72 4100 4083.99 3956.44 3763.85 3560.05 3496.55 3495.96 8683.81 5007.91 3337.11 3282.99 3140.88 3017.54 2937.67
threshold=0.86957066531369953 0.7835585585585586 0.91833333333333345 0.23611111111111113 1.0000000180025095e-35 1.0000000180025095e-35 30.500000000000004 0.38829240434037698 0.30151515151515157 0.48499228395061728 0.065591397849462371 0.6564078282828284 0.82408041603247095 0.7813336760705184 6.5000000000000009 0.70710784313725505 9.5000000000000018 0.09232954545454547 0.75600130307653191 0.3585714285714286 0.65350836971321902 0.81096096096096104 3.5000000000000004 0.94069986234841318 0.90336728919071885 0.12599206349206352 0.28436657681940708 0.56385869565217395 0.81534090909090928 8.5000000000000018
decision_type=2 2 2 2 2 2 2 2 2 2 2 2 2 2 2 2 2 2 2 2 2 2 2 2 2 2 2 2 2 2
left_child=5 27 4 25 22 -1 7 8 9 -7 -11 12 17 14 -13 -15 -17 -9 19 -19 29 -16 -3 28 -25 -4 -6 -2 -24 -12
right_child=1 2 3 -5 26 6 -8 11 -10 10 20 13 -14 15 21 16 -18 18 -20 -21 -22 -23 23 24 -26 -27 -28 -29 -30 -31
leaf_value=-0.058139459459972648 0.0082506222203323938 -0.0057740591547184549 0.01601702406444843 0.045675579683459096 -0.00053653482582380308 0.0019921693532392506 0.0047917755666730399 0.075591992953493503 0.028127067234096338 -0.045316003739854997 -0.020360184589414788 0.022531066196239333 0.018988195922097079 -0.016778585626486205 -0.0060062965662068448 0.012367548173172028 -0.024838226626884761 -0.0047530259888813797 -0.014886047912055368 0.013296995621576914 -0.028439244931166181 -0.15871336809362338 -0.008453021581732589 0.028766152551653275 -0.011904338617658314 -0.0091325457974875627 0.044972765738044818 0.022925061026005736 0.011218235214678145 0.0086217765864979728
leaf_weight=3131.1656950556207 74760.543289691675 169790.33072887175 27752.789500240237 24493.999621882103 6887.6064349226654 37390.347536412301 228886.76788562606 1743.9828484733589 8769.3148134788498 22347.024707307108 15226.474217035575 23937.458242638968 58330.400942756329 100909.18749833899 26629.108562823385 30368.745518550277 9792.1925478316844 64682.216749464395 40153.696560960729 52180.540217909962 24566.919654173311 380.20544678717852 79543.42319434043 42081.023075281642 9228.9824838200584 25137.176970539615 9332.3126934524626 71184.430113770999 25824.550342194736 20535.9226941464
leaf_count=651105 342342 823732 82992 577304 23660 275730 2648100 82719 60242 4779320 1047228 109655 344435 506597 151424 159887 47957 1137500 319137 299481 1479205 2548 408863 243243 52507 78715 93457 417235 167440 1089179
internal_value=0.00218119 0.00660059 0.00354063 0.0172352 0.0004482 -0.00106762 -0.00083458 -0.00322851 -0.0118224 -0.0147402 -0.0223075 -0.000522108 0.0047358 -0.0064666 0.00626243 -0.0110636 0.00329589 -0.000500695 -0.00134586 0.00330651 -0.0137847 -0.00815593 -0.000803789 0.00458244 0.0214509 0.00406411 0.0256478 0.0154081 -0.00363181 -0.00371781
internal_weight=1.33598e+06 566017 420072 77384 342688 769962 766831 537944 128836 120067 82676.3 409108 217091 192017 50946.8 141070 40160.9 158760 157016 116863 60329.3 27009.3 326468 156678 51310 52890 16219.9 145945 105368 35762.4
internal_count=18502939 3311490 2551913 739011 1812902 15191449 14540344 11892244 8730904 8670662 8394932 3161340 2183272 978068 263627 714441 207844 1838837 1756118 1436981 3615612 153972 1695785 872053 295750 161707 117117 759577 576303 2136407
is_linear=0
shrinkage=0.05


Tree=100
num_leaves=31
num_cat=0
split_feature=6 11 9 12 5 4 5 4 9 2 4 4 5 11 8 5 2 1 2 6 11 9 0 7 4 6 4 12 6 4
split_gain=7095.64 6887.44 6451.6 4283.43 7597.85 4341.61 4079.57 4071.07 4062.32 5293.78 4018.17 3608.69 3932.33 3567.14 3495.53 3373.01 3364.53 3222.47 3741.46 3046.08 2989.42 2910.17 2857.35 2827.04 2698.74 4870.42 2732.11 3291.12 2825.53 2658.48
threshold=0.47722567287784684 1.0000000180025095e-35 1.0000000180025095e-35 20.500000000000004 0.24725141959647221 0.49946074748706332 0.62805605247465723 0.81711599808393987 1.0000000180025095e-35 0.080128205128205135 0.873084964458955 0.99912280701754397 0.67580080080080085 4.5000000000000009 1.0000000180025095e-35 0.54108003857280629 0.63068181818181823 0.065942028985507231 0.88194444444444453 0.47213622291021679 5.5000000000000009 1.0000000180025095e-35 0.39146276428885135 1.0000000180025095e-35 0.69344351165661655 0.32305502846299816 0.64763756197042166 49.500000000000007 0.17445652173913045 0.59194852548226473
decision_type=2 2 2 2 2 2 2 2 2 2 2 2 2 2 2 2 2 2 2 2 2 2 2 2 2 2 2 2 2 2
left_child=3 2 11 4 5 -1 -3 14 -8 -10 -11 12 22 19 -5 -9 -12 -15 -19 21 -18 -6 -2 -14 25 26 28 -28 29 -16
right_child=1 6 -4 7 13 -7 8 15 9 10 16 -13 23 17 24 -17 20 18 -20 -21 -22 -23 -24 -25 -26 -27 27 -29 -30 -31
leaf_value=0.0086742851735950328 -0.2291751241183253 0.019040591239696019 0.025481256502426261 -0.058879794543560821 -0.0023301170332671521 -0.040957768720611042 0.0027507326540802228 0.0401607621076428 -0.038168881219089228 -0.023013626162586613 0.013480958195314488 0.040741169931888921 0.0024766297706760132 0.002575908692624744 0.002962123457627652 -0.018656814021897252 0.025077622501279789 -0.018977411693626725 0.053547000862679141 -0.13840930033261112 -0.033378681597846745 0.012130320913292667 0.027050017267266475 0.044450389768136256 -0.016740062343554893 0.026820556354897288 -0.020937176001763032 0.01927382615972258 0.016043606646459506 -0.015040464267615801
leaf_weight=5535.4258775648195 109.34185948222876 31030.148416236043 66176.83938544523 2388.0465594951529 177185.09557809122 21599.552361916751 303409.25751407444 11892.974186287262 13850.889100655913 18937.026238342747 30295.167985849082 7826.8585412595421 165015.31438902393 29874.930961769074 163336.66608086042 3065.8470093971118 2944.6578215286136 67513.334915545769 1826.4385745897889 395.30989307723939 8501.0016425698996 43295.06369146076 22273.073232058436 4111.5338605120778 18280.594175134785 20058.131701989099 24698.738707477227 6408.939987602178 35756.940875967965 23451.422441869043
leaf_count=270907 728 121212 876330 468832 2247245 3894254 1238055 63609 87815 68432 173628 220584 910364 360633 1779323 18746 29393 2609334 4004 3549 34307 535353 123305 47502 241969 91091 619255 59423 214578 1089179
internal_value=0.00208174 0.00568357 0.0119543 -0.00161838 -0.00543025 -0.030833 0.00161247 0.00266036 0.000181553 -0.0102777 -0.00391096 0.0074635 0.00610346 -0.00327678 0.00136735 0.028106 0.00475555 -0.0111523 -0.0170671 0.00026081 -0.0183395 0.000509438 0.0257983 0.00349703 0.00186008 0.00310235 0.00122678 -0.0126527 0.00316688 0.000701881
internal_weight=1.33104e+06 674481 265513 656563 347225 27135 408968 309338 377938 74528.7 60677.9 199336 191509 320090 294379 14958.8 41740.8 99214.7 69339.8 220875 11445.7 220480 22382.4 169127 291991 273711 253653 31107.7 222545 186788
internal_count=18502939 3931655 2178813 14571284 9925279 4165161 1752842 4646005 1631630 393575 305760 1302483 1081899 5760118 4563650 82355 237328 2973971 2613338 2786147 63700 2782598 124033 957866 4094818 3852849 3761758 678678 3083080 2868502
is_linear=0
shrinkage=0.05


Tree=101
num_leaves=31
num_cat=0
split_feature=6 2 6 12 5 4 5 4 4 12 12 6 4 4 6 4 0 0 4 4 5 4 0 10 4 5 8 11 10 11
split_gain=6769.15 6765.72 5747.97 6865.21 4096.14 8643.32 8044.62 5469.56 4727.79 4526.78 4448.68 4763.69 7439.05 4565.78 5237.2 3980.18 3843.23 4719.13 3994.39 4385.69 3782.32 3490.11 3484.92 3651.65 4847.92 3225.36 3186.69 3127.7 3001.24 3035.72
threshold=0.65301003344481623 0.86607142857142871 0.92450142450142458 1.5000000000000002 0.7835585585585586 0.82142483952828793 0.60428113553113572 0.85027719744603758 0.94389916592433776 3.5000000000000004 26.500000000000004 0.087595907928388769 0.47856087531016561 0.7813336760705184 0.3585714285714286 0.97210656064751488 0.55485607742640997 0.55699527332921173 0.84651154486867386 0.84314149338669087 0.41202270381836947 0.79284797486062575 0.64445880916469167 1.0000000180025095e-35 0.66174830240772486 0.78800719054956347 1.0000000180025095e-35 4.5000000000000009 1.0000000180025095e-35 31.500000000000004
decision_type=2 2 2 2 2 2 2 2 2 2 2 2 2 2 2 2 2 2 2 2 2 2 2 2 2 2 2 2 2 2
left_child=4 25 3 -3 5 10 16 -8 -6 15 11 12 -1 14 22 -10 -7 18 19 -18 -15 -14 23 -13 -25 -2 -12 -9 -27 -30
right_child=1 2 -4 -5 8 6 7 27 9 -11 26 13 21 20 -16 -17 17 -19 -20 -21 -22 -23 -24 24 -26 28 -28 -29 29 -31
leaf_value=0.00434825217566032 0.015039511391842623 -0.00091375880570164253 0.050004574126744396 0.023736699572287502 -0.015063050350454764 0.0072098243518441997 -0.017475009084466427 0.012919747172102106 -0.021116025939598982 0.027315298780206033 -0.059096600005556423 -0.034020057515331867 -0.04094032986067573 0.057715862415537035 0.0075267354996663332 0.023298667406787921 0.23606403175723176 0.031627005982275337 -0.063153898394136224 0.81703184979686605 -0.021586354563376778 0.21283792516733327 -0.001805297728967226 0.033000614281897926 -0.020730195304139547 -0.0021682259033491565 0.0029018524718564128 -0.003953580237091454 0.012540439779512427 -0.12318131359618543
leaf_weight=15820.11447525688 46834.763223875314 48492.545064507984 11847.303393813781 67647.228346022777 89243.092188188806 22109.296874966472 26616.345723735169 85125.523701497354 16695.412440858781 15032.820257155225 2089.2456880195532 21609.887066625874 24627.995266583283 1559.2456157908309 97796.164462842047 7227.9280197080225 128.87239590659738 42551.271045025438 70.994937146548182 43.432056904304773 42119.22376725846 136.2279307260178 76590.288850903977 6050.1732435855083 13713.477847154951 191579.70529991668 260346.28673600219 40544.982373183593 50942.343758340925 415.36521132290363
leaf_count=176904 179088 228865 377377 778687 395577 249704 130585 449722 67522 61516 406497 2820272 5642637 18382 558376 27209 1911 274729 637 364 264264 3367 652015 99645 195377 967694 3151421 160251 160433 1911
internal_value=0.00198703 0.00725415 0.0168285 0.0134442 -0.000436709 0.000925187 0.00939717 0.00311505 -0.00871914 0.00581388 -0.00234623 -0.0065051 -0.0224346 -0.00401322 -0.00102881 -0.00769707 0.0241372 0.0328825 0.252462 0.382506 -0.0187554 -0.0395443 -0.00812166 -0.0198144 -0.00428178 0.00302534 0.00240828 0.00747592 0.000709179 0.0114428
internal_weight=1.32561e+06 417759 127987 116140 907848 779649 217191 152287 128199 38956.2 562458 300023 40584.3 259438 215760 23923.3 64903.9 42794.6 243.299 172.304 43678.5 24764.2 117964 41373.5 19763.7 289772 262436 125671 242937 51357.7
internal_count=18502939 2694055 1384929 1007552 15808884 15257060 1267903 740558 551824 156247 13989157 10431239 5822908 4608331 4325685 94731 527345 277641 2912 2275 282646 5646004 3767309 3115294 295022 1309126 3557918 609973 1130038 162344
is_linear=0
shrinkage=0.05


Tree=102
num_leaves=31
num_cat=0
split_feature=4 1 2 7 6 1 11 10 11 2 11 11 11 0 0 11 2 2 2 9 11 6 2 11 11 2 0 4 11 1
split_gain=6523.21 7200.92 5680.18 8974.97 6716.34 3600.15 3562.71 4425.67 7172.78 6240.29 4337.71 7125.02 6428.31 4866.47 4077.58 3562.4 7268.87 5344.2 5164.73 6054.31 4704.25 4255.79 4693.1 3602.59 3472.4 5001.77 7560.65 3315.48 3104.03 3101.74
threshold=0.99222761596548015 0.32529069767441865 0.47222222222222227 1.0000000180025095e-35 0.10435571687840291 0.8765243902439025 27.500000000000004 1.0000000180025095e-35 3.5000000000000004 0.080128205128205135 13.500000000000002 8.5000000000000018 18.500000000000004 0.36883862071960577 0.38373219373219375 8.5000000000000018 0.61250000000000016 0.88194444444444453 0.73214285714285732 1.0000000180025095e-35 13.500000000000002 0.267948717948718 0.88194444444444453 11.500000000000002 2.5000000000000004 0.095454545454545472 0.53705684293919609 0.54680217870875458 1.0000000180025095e-35 0.16807909604519775
decision_type=2 2 2 2 2 2 2 2 2 2 2 2 2 2 2 2 2 2 2 2 2 2 2 2 2 2 2 2 2 2
left_child=2 29 4 15 5 -1 7 8 24 10 11 -9 -12 -14 -13 18 20 23 -4 -20 -17 -21 -23 27 28 26 -26 -18 -6 -2
right_child=1 -3 3 -5 6 -7 -8 9 -10 -11 12 14 13 -15 -16 16 17 -19 19 21 -22 22 -24 -25 25 -27 -28 -29 -30 -31
leaf_value=-0.031246774580280759 0.011897849986691406 0.03523931465760588 0.01503987823865844 0.046760063054928393 0.010426677171876935 0.06256849708485604 -0.036349761489500421 0.0055810657457530857 -0.012483223296922748 0.058565291064060804 0.021354846781854748 -0.018890701053668447 0.0088492533612227562 -0.031149845555590666 -0.073724705358345147 0.02181878880288711 0.061653560467407754 0.047405336762539406 -0.00040683677965647821 0.002802594898745763 -0.032103793946206514 -0.034542143356194425 0.023498763209711521 0.014155198821922416 -0.012845549781762722 -0.016883883553250101 0.045030469480795594 -0.03560500335267535 -0.0076271760165952706 -0.016856074854238651
leaf_weight=25791.551767480327 33009.590157302096 29877.198933540843 93104.639810745139 11916.120278848335 36659.865764031885 1064.8369209095836 7338.0902005825192 43197.720251389546 149928.38343305164 5359.0313365310431 54834.456763257273 17312.568326513283 19333.62536800513 12534.018235384487 4215.9518385052215 21989.982045743847 901.87623108061962 2599.040931805037 455102.72400797624 69108.087654076982 4956.373449720908 3680.3404214829206 64896.467883811332 4678.519439029973 8103.5201813548338 8350.1435564192943 18583.603009757586 30846.535359607078 67913.606983860489 13101.299904901534
leaf_count=5959772 96096 565201 466830 132678 292747 7735 86632 204022 2778958 10920 206115 89726 83720 84357 34944 85722 6188 6188 4386928 762398 26663 17017 761306 17108 174447 39039 160797 114569 798980 45136
internal_value=0.00189592 0.0161178 0.00102741 0.00370695 -0.00323168 -0.0275271 -0.00179342 -0.00122528 -0.0048891 0.00554071 0.00366417 -0.00613008 0.0109759 -0.00688299 -0.0296289 0.00302461 -0.00807273 -0.0218637 0.004092 0.0023725 0.0119005 0.0115593 0.0203839 -0.026806 0.00326625 0.0168892 0.0274565 -0.0328422 -0.00129812 0.00372811
internal_weight=1.32029e+06 75988.1 1.2443e+06 763781 480521 26856.4 453665 446326 289539 156787 151428 64726.2 86702.1 31867.6 21528.5 751865 65972.3 39026 685892 592788 26946.4 137685 68576.8 36426.9 139611 35037.3 26687.1 31748.4 104573 46110.9
internal_count=18502939 706433 17796506 6783595 11012911 5967507 5045404 4958772 4244968 713804 702884 328692 374192 168077 124670 6650917 256438 144053 6394479 5927649 112385 1540721 778323 137865 1466010 374283 335244 120757 1091727 141232
is_linear=0
shrinkage=0.05


Tree=103
num_leaves=31
num_cat=0
split_feature=4 5 6 2 7 8 12 6 6 5 6 0 5 12 4 6 12 4 5 4 0 6 11 1 11 11 6 5 4 6
split_gain=6015.63 5251.12 6115.11 10561.3 4291.34 3489.08 3395.98 4057.11 3344.71 3336.09 3524.21 3333.86 3256.32 3147.47 7219.96 6775.13 5255.21 7599.4 4101.54 3878.45 3217.71 4398.88 2991.87 4840 3841.93 6071.6 3447.71 6370.47 4928.18 9811.51
threshold=0.873084964458955 0.79324593901396423 0.91833333333333345 0.23611111111111113 1.0000000180025095e-35 1.0000000180025095e-35 48.500000000000007 0.048809523809523817 0.55777777777777793 0.23693957115009748 0.21132376395534294 0.59606410746116645 0.11437177280550777 1.0000000180025095e-35 0.98065871509894298 0.7633053221288516 3.5000000000000004 0.94069986234841318 0.90336728919071885 0.92216655893126498 0.97117223134464525 0.82480818414322254 8.5000000000000018 0.063164893617021281 13.500000000000002 18.500000000000004 0.267948717948718 0.51869322152341035 0.45981446090141748 0.053342816500711245
decision_type=2 2 2 2 2 2 2 2 2 2 2 2 2 2 2 2 2 2 2 2 2 2 2 2 2 2 2 2 2 2
left_child=5 8 4 -4 13 -1 22 12 -2 -9 -11 -10 -8 19 16 -16 -15 -18 -19 -3 -21 -22 26 24 -24 -26 28 -28 -7 -30
right_child=1 2 3 -5 -6 6 7 9 11 10 -12 -13 -14 14 15 -17 17 18 -20 20 21 -23 23 -25 25 -27 27 -29 29 -31
leaf_value=-0.057516120963262252 0.0061914734071804164 0.026587113664965287 0.003576493468917032 0.045009620409297679 0.026396567597538792 0.0041847480715067513 0.0005594619213462246 0.034415433106499096 0.0078104365355038856 -0.0084769060142716717 0.02293060131976038 0.029427027378083816 -0.050980759238522383 -0.01209846329261542 0.042686924593264786 -0.016383918505446609 -0.0041146349137976971 0.027355586008242574 -0.013268406614293763 -0.029901187345882138 -0.0027324473941771222 -0.12073477145144569 -0.02304971058603961 -0.017520767199967043 0.020060549457574309 -0.013068896242439128 0.017470906828028029 -0.00055807055840773154 -0.04153689182023846 -0.0051145579546997893
leaf_weight=2723.0369891691953 72373.82491179416 6051.7252261852846 52224.821638076566 21800.377781241201 14506.787050096318 89663.882919958094 42982.803114413517 18300.57189921895 28747.702109422535 16841.696780845756 19017.170522239059 46994.751177839004 3299.8835186571814 78583.913395064883 18023.973908906803 6643.2645014487207 93154.906315466389 38329.351364658214 7415.3483844725415 23040.960970287211 32507.071376403794 809.43660670798272 13614.574989568442 73068.00996446074 33795.554132359568 23409.282603978412 61894.528508307412 235133.7411497077 21936.483070026152 117692.81569837523
leaf_count=651105 331058 25298 161616 577031 109200 298389 175084 230685 95732 231322 88452 359450 326144 389662 113295 36218 520702 231777 42952 140959 99099 6188 170989 2962323 223496 279825 427063 1333878 4173533 3690414
internal_value=0.00181128 0.00585452 0.00283131 0.0157785 -0.000172508 -0.00101818 -0.000818547 0.0077552 0.0138779 0.0170447 0.00817956 0.0212225 -0.00311528 -0.00143804 0.00114241 0.0267782 -0.00176524 0.00408089 0.0207703 -0.0114503 -0.0155348 -0.00559936 -0.00210347 -0.00849272 0.000821976 0.00650336 -0.000356753 0.00319879 -0.00496264 -0.0108367
internal_weight=1.31458e+06 541208 393092 74025.2 319067 773374 770651 100442 148116 54159.4 35858.9 75742.5 46282.7 304560 242151 24667.2 217484 138900 45744.7 62409.2 56357.5 33316.5 670209 143887 70819.4 57204.8 526321 297028 229293 139629
internal_count=18502939 3240237 2453997 738647 1715350 15262702 14611597 1051687 786240 550459 319774 455182 501228 1606150 1334606 149513 1185093 795431 274729 271544 246246 105287 13559910 3636633 674310 503321 9923277 1760941 8162336 7863947
is_linear=0
shrinkage=0.05


Tree=104
num_leaves=31
num_cat=0
split_feature=2 6 7 6 11 10 2 11 0 11 2 0 0 2 1 11 11 11 0 1 11 11 2 2 6 5 11 2 5 11
split_gain=5747.75 12860.3 8711.53 6387 3402.79 3881.36 5842.75 5423.74 3910.69 3563.28 4352.65 7008.95 3435.86 3504.42 3318.8 3175.71 8054.91 7791.27 5097.92 4391.01 3952.96 3148.3 6404.84 4967.06 4860.89 6432.54 4239.47 3519.26 3482.78 3265.03
threshold=0.43650793650793657 0.94590643274853814 1.0000000180025095e-35 0.10435571687840291 31.500000000000004 1.0000000180025095e-35 0.080128205128205135 3.5000000000000004 0.41921134421134426 2.5000000000000004 0.095454545454545472 0.53705684293919609 0.63196015585721488 0.16025641025641027 0.8765243902439025 13.500000000000002 18.500000000000004 8.5000000000000018 1.0000000180025095e-35 0.048199767711962889 21.500000000000004 8.5000000000000018 0.61250000000000016 0.88194444444444453 0.54772727272727284 0.85770528683914526 13.500000000000002 0.73214285714285732 0.61170759565962318 11.500000000000002
decision_type=2 2 2 2 2 2 2 2 2 2 2 2 2 2 2 2 2 2 2 2 2 2 2 2 2 2 2 2 2 2
left_child=3 2 21 14 5 7 8 9 15 12 11 -11 13 -5 -1 17 -17 -7 -18 -19 -20 24 26 29 27 -26 -23 28 -2 -24
right_child=1 -3 -4 4 -6 6 -8 -9 -10 10 -12 -13 -14 -15 -16 16 18 19 20 -21 -22 22 23 -25 25 -27 -28 -29 -30 -31
leaf_value=-0.030217880948091344 0.026918429343464247 0.049579500639826191 0.046453576007883829 -0.017341736707149762 -0.058132844665038666 0.0080288605626381345 0.056707618343249347 -0.0099435226898288761 -0.061674324461910041 -0.010988160699318733 -0.015234365316402388 0.041246398508442639 0.0068709445799869278 0.013500550161320159 0.061058043118788312 0.021933740709832512 0.027910485627640202 -0.015305353052999671 -0.0013813547044892712 -0.0667962717955779 -0.037810062947051866 0.020873703638055088 -0.030640960434639149 0.046702346416960236 0.017865505090036055 0.00067126308234479685 -0.02978287730553706 -0.00041697857434305703 -0.00092725698185646636 0.014021600714238167
leaf_weight=24777.984244143358 24683.40624175733 15478.144280136563 11648.518473598175 42235.591820994741 2597.1866739515681 46169.756622707704 5353.4372297264636 175526.37076057575 2260.4194479619619 9304.8239191106986 8625.1322501155082 20729.167421452934 58523.74635022087 11778.567071618512 1037.5858212029561 59072.315737771802 8066.0909522757865 16914.811820672359 17611.049311060691 5482.3865063872654 12902.937871876638 21852.385334059596 32314.665881831897 2585.1202550726011 119339.48840351775 99953.009216209874 5092.8789798298385 421909.22660026746 20601.429075567052 4685.3486309477594
leaf_count=5959590 180271 483210 137774 757848 39221 209482 11739 2883517 19747 177359 41951 168896 349440 39130 7735 223587 29666 85722 79170 41041 92456 84721 121485 6279 932204 651924 25753 4583488 61425 17108
internal_value=0.00172983 0.00445791 0.00354457 -0.00229366 -0.00104916 -0.000752977 0.00528316 -0.0039645 0.00364915 0.00297661 0.0160728 0.0250636 -0.00152222 -0.0106161 -0.0265493 0.00453748 0.0103286 -0.00371024 -0.00744061 -0.0279093 -0.0167854 0.00288081 -0.00750432 -0.0203037 0.00388728 0.0100284 0.0112992 0.00100474 0.0142506 -0.0249853
internal_weight=1.30911e+06 780144 764665 528969 503154 500557 173833 326723 168480 151197 38659.1 30034 112538 54014.2 25815.6 166219 97652.4 68567 38580.1 22397.2 30514 753017 66530.4 39585.1 686487 219292 26945.3 467194 45284.8 37000
internal_count=18502939 7285642 6802432 11217297 5249972 5210751 792610 4418141 780871 1534624 388206 346255 1146418 796978 5967325 761124 424879 336245 201292 126763 171626 6664658 255346 144872 6409312 1584128 110474 4825184 241696 138593
is_linear=0
shrinkage=0.05


Tree=105
num_leaves=31
num_cat=0
split_feature=4 2 2 7 6 6 5 0 1 11 11 1 0 1 2 6 1 11 2 0 12 6 5 12 0 11 11 11 0 11
split_gain=5434.99 6299.21 4680.7 7954.23 5549.55 3388.17 5019.14 3164.35 3869.06 4647.88 3594.88 3069.79 3049.64 3073.25 6851.51 7268.08 6259.31 2973.62 4257.76 8073.64 2926.26 2894.6 8895.96 5674 2837.19 2800.36 6608.66 4648.5 3596.21 3539.05
threshold=0.99222761596548015 0.23611111111111113 0.47222222222222227 1.0000000180025095e-35 0.10435571687840291 0.79057017543859665 0.95500556736511799 0.89045548654244322 0.091966173361522255 3.5000000000000004 27.500000000000004 0.8765243902439025 0.32877846790890269 0.3133928571428572 0.11805555555555557 0.10620300751879701 0.48610038610038619 2.5000000000000004 0.095454545454545472 0.52037503488685799 63.500000000000007 0.92450142450142458 0.97969490826633698 1.0000000180025095e-35 0.36221132897603486 13.500000000000002 8.5000000000000018 18.500000000000004 0.30349511599511608 22.500000000000004
decision_type=2 2 2 2 2 2 2 2 2 2 2 2 2 2 2 2 2 2 2 2 2 2 2 2 2 2 2 2 2 2
left_child=2 -2 4 5 11 -4 -7 8 10 17 25 24 20 -14 -15 16 -16 -10 19 -19 -11 22 -3 -24 -1 26 -6 -27 -29 -30
right_child=1 21 3 -5 7 6 -8 -9 9 12 -12 -13 13 14 15 -17 -18 18 -20 -21 -22 -23 23 -25 -26 27 -28 28 29 -31
leaf_value=0.039470398857775785 0.0039786154665563539 0.041252460625536086 0.0018992181994112506 0.045901820145420817 0.0057530189473121336 0.023033590182710208 -0.036871314165970052 0.013917971668399975 -0.0047162492612195508 0.041811022306744189 -0.035128731531607456 0.059301836784446962 -0.018912973776789757 0.027716032818745254 -0.051018975082534869 -0.017648508381966101 1.805576930933912 -0.032071611880180366 -0.020322723637135384 0.039493683924964024 0.5158226562926681 0.046821910358858451 -0.14834227255550425 0.0055907645295449277 -0.033696420126825215 0.018853064364019106 -0.024672868351846459 0.029364284592196383 -0.0016535220906883478 -0.042663384860932414
leaf_weight=1406.8084361330839 47212.553643550724 6765.4846383919939 705653.94240218611 10804.772553345188 67006.840708018048 35030.262011866085 3884.3060252573341 30080.662757587619 67463.240787790623 1839.461335641332 6135.2640925939195 1015.4694849825464 94628.829259879887 12815.724612308899 8.1971648873295635 26006.346839665202 10.174686410464346 5006.8675725790672 6934.897215841338 18512.28594215028 33.145938143134117 16950.617619615514 1189.6768610589206 1204.9792990926653 22771.444593015476 56039.130279893521 24326.289675024804 6193.2311733704992 19040.913643522887 7269.1664108789992
leaf_count=202748 144417 43771 6242418 132678 573846 378833 29666 180089 722085 21749 53235 7735 2364544 76349 1001 117390 182 116753 32123 175812 182 504868 6461 6916 5757024 238329 179179 24388 105287 62881
internal_value=0.00165294 0.0148773 0.000864551 0.00330936 -0.00302706 0.00269128 0.0170541 -0.00174676 -0.00287063 -0.00715982 0.00250806 -0.0258624 -0.0131631 -0.0140522 -0.00220953 -0.0169462 0.9772 0.00113801 0.0141066 0.0242585 0.0502012 0.0345839 0.0119376 -0.0708839 -0.0294392 0.00379179 -0.00235082 0.010128 -0.00491495 -0.0129841
internal_weight=1.30324e+06 73323.3 1.22992e+06 755373 474544 744569 38914.6 449351 419270 233259 186011 25193.7 135342 133469 38840.4 26024.7 18.3719 97917.3 30454.1 23519.2 1872.61 26110.8 9160.14 2394.66 24178.3 179876 91333.1 88542.4 32503.3 26310.1
internal_count=18502939 706433 17796506 6783595 11012911 6650917 408499 5045404 4865315 3628170 1237145 5967507 2581397 2559466 194922 118573 1183 1046773 324688 292565 21931 562016 57148 13377 5959772 1183910 753025 430885 192556 168168
is_linear=0
shrinkage=0.05


Tree=106
num_leaves=31
num_cat=0
split_feature=6 2 6 12 5 4 5 4 4 4 6 12 6 5 12 2 1 4 6 4 5 8 5 12 6 5 5 4 12 0
split_gain=5099.32 5167.09 5079.95 6211.13 3817.93 7207.38 7669.09 4684.78 4126.22 4081.06 7293.9 5885.48 4662.87 4193.35 3831.24 3478.34 3314.32 3280.43 3573.27 3101.63 2965.19 2912.08 2905.17 5759.73 6499.32 5062.27 3818.32 2702.64 2780.92 2683.99
threshold=0.65301003344481623 0.84523809523809534 0.92450142450142458 1.5000000000000002 0.7835585585585586 0.82142483952828793 0.60428113553113572 0.85027719744603758 0.96515942558111245 0.76080849281877538 0.3585714285714286 19.500000000000004 0.09232954545454547 0.24725141959647221 5.5000000000000009 0.26136363636363641 0.38548951048951052 0.64669210247328135 0.17445652173913045 0.48499228395061728 0.73363914373088701 1.0000000180025095e-35 0.20977698128235769 8.5000000000000018 0.098387096774193564 0.22542115437724389 0.21073190789473686 0.71518551646458628 3.5000000000000004 0.32877846790890269
decision_type=2 2 2 2 2 2 2 2 2 2 2 2 2 2 2 2 2 2 2 2 2 2 2 2 2 2 2 2 2 2
left_child=4 20 3 -3 5 9 15 -8 29 10 11 13 -11 19 -14 -7 -15 18 21 22 -2 -13 -1 24 26 -26 -24 -12 -29 -6
right_child=1 2 -4 -5 8 6 7 -9 -10 12 27 17 14 16 -16 -17 -18 -19 -20 -21 -22 -23 23 -25 25 -27 -28 28 -30 -31
leaf_value=0.0011499377935681367 0.020418139035844832 -0.0017504665693559311 0.049838981217327182 0.022068858526941945 0.061055858475533367 0.010341100198127723 -0.016591362121309825 0.0065712928630156436 0.017938165319075897 0.1414722394545847 0.021575103966005982 -0.059026141593881365 0.00024699818416210663 -0.021250209257614436 -0.022891373627463074 0.03393270692678655 -0.0011325377090179287 -0.011470971211030537 0.016951105384665328 -0.040203500420656471 0.0010769368922200102 0.00080739489218874499 0.87109249840624059 -0.05100615458232504 2.4138198352691353 -0.051384165906288276 -0.050744028777447416 0.024061684594414878 -0.0028994119393018426 -0.012418071962422738
leaf_weight=3637.9427473776741 21434.491865931079 47857.040786474943 9563.6661352738738 63927.359869187698 1256.7880234271288 28555.997796377167 26547.998850012198 122834.69316062611 13179.577514784411 485.59714527789038 41897.24031996727 2056.0294375818921 29129.827608623542 31589.256857882952 46365.648862624075 34501.324872648343 58177.704743578215 47514.998538287939 38068.314339648932 19311.606296376325 262505.80146843009 185970.499396233 20.455788437975571 72.451698379823938 7.6645650789141637 2.8593655070289969 24.915451069129631 13033.107195293531 35935.160947281867 112907.59452516586
leaf_count=144417 81354 229138 377377 778960 3367 352443 130585 609973 52416 11284 215943 465738 198471 3270631 317863 174902 952679 984165 229502 3923101 1227226 2969967 455 9464 91 182 4368 67249 223587 496041
internal_value=0.00157626 0.00622774 0.0148636 0.0118713 -0.000534612 0.000798558 0.00862709 0.00245487 -0.00855119 -0.00220721 -0.000493946 -0.00349101 -0.0129701 -0.0130991 -0.0139635 0.0232491 -0.00821201 0.000471653 0.00298146 -0.0321085 0.00253699 0.000153128 0.00939823 0.243193 0.624536 1.74402 0.364869 0.0122527 0.0042764 -0.0116092
internal_weight=1.29837e+06 405288 121348 111784 893085 765741 212440 149383 127344 553301 477320 386455 75981.1 112845 75495.5 63057.3 89767 273610 226095 23077.9 283940 188027 3766.29 128.347 55.8952 10.5239 45.3712 90865.5 48968.3 114164
internal_count=18502939 2694055 1385475 1008098 15808884 15257060 1267903 740558 551824 13989157 13461539 12954760 527618 8305388 516334 527345 4223310 4649372 3665207 4082078 1308580 3435705 158977 14560 5096 273 4823 506779 290836 499408
is_linear=0
shrinkage=0.05


Tree=107
num_leaves=31
num_cat=0
split_feature=4 1 2 7 6 4 0 10 11 2 11 2 0 0 11 11 11 11 0 0 6 5 1 12 4 10 11 5 4 4
split_gain=4841.9 5923.92 4139.63 7495.31 5006.45 3149.65 3108.86 3641.32 4302.26 4110.42 3296.53 3824.4 5423.59 3122.34 3188.02 3114.59 4938.95 3736.47 3566.79 3389.68 2942.53 4538.27 2885.91 2857.23 2804.07 3272.94 2703.05 2607.4 6672.68 6386.48
threshold=0.99222761596548015 0.32529069767441865 0.47222222222222227 1.0000000180025095e-35 0.098387096774193564 0.55265880293930791 0.89045548654244322 1.0000000180025095e-35 3.5000000000000004 0.080128205128205135 2.5000000000000004 0.095454545454545472 0.53705684293919609 0.41921134421134426 26.500000000000004 13.500000000000002 8.5000000000000018 18.500000000000004 0.36883862071960577 0.38373219373219375 0.79057017543859665 0.95500556736511799 0.17274535809018574 88.500000000000014 0.58603698401233617 1.0000000180025095e-35 1.0000000180025095e-35 0.83398950131233607 0.94744415456745323 0.96843892137751797
decision_type=2 2 2 2 2 2 2 2 2 2 2 2 2 2 2 2 2 2 2 2 2 2 2 2 2 2 2 2 2 2
left_child=2 22 4 20 24 -6 7 8 10 13 23 12 -12 14 15 16 -9 -17 -19 -18 27 -22 -2 26 25 -1 -7 28 -4 -29
right_child=1 -3 3 -5 5 6 -8 9 -10 -11 11 -13 -14 -15 -16 17 19 18 -20 -21 21 -23 -24 -25 -26 -27 -28 29 -30 -31
leaf_value=-0.019750049560806074 0.011137507407554259 0.033049806833327845 0.002360921861238552 0.045453257038419126 0.038378725000052315 0.0081264691121762916 0.013465333647298983 0.0055285904354436116 -0.012738631576521673 0.050118340470346162 -0.011405325411350852 -0.018351011347831007 0.038435938351242101 -0.058634495309216855 -0.029705521084278926 0.018337105920543953 -0.014782577906974759 0.0099025701457279864 -0.026185737936195587 -0.06671773041316395 0.021970021060143174 -0.034623670925466941 -0.016760009309215309 0.22876917143712025 -0.048180914888837592 0.064374622581753679 -0.011595156259279491 -0.013440998841457955 0.038652130138458488 0.0096422832548409623
leaf_weight=12275.153958460549 32718.603394176811 26228.96020277869 562620.71441635024 10285.814922421239 4833.2896647477755 25170.961760667153 29552.167176953517 41133.065995274344 143524.60258093406 4437.6790672540665 7943.6795739651425 7242.0537346887868 17444.518912229338 2142.3440395535436 7461.5228569249157 51801.923288816353 17357.845427487977 17615.813126865076 11199.769185213372 3836.118646207964 33897.122436578386 3955.7644447600469 12935.256739321165 130.37728108186275 8715.2272491037147 1276.4214464426041 56092.47826054506 79354.503174090758 12957.645904602483 48143.583399843425
leaf_count=2022566 96369 565201 5542446 132678 120211 230412 179725 197470 3161067 9919 190463 35308 170352 20748 54691 203021 91091 78169 77532 33488 378833 29666 44863 1183 3227770 113932 793793 389571 76895 233506
internal_value=0.00150161 0.0141128 0.000760013 0.00306442 -0.00291391 -0.00176606 -0.00220298 -0.00331998 -0.00697862 0.00268232 0.00027164 0.0136989 0.0228412 0.0013024 0.00215612 0.00381926 -0.00457463 0.0103087 -0.00412389 -0.0241829 0.00247596 0.0160558 0.00323321 -0.00511124 -0.0260555 -0.0118264 -0.00548648 0.00174484 0.00317792 -0.0047247
internal_weight=1.29428e+06 71882.8 1.2224e+06 751215 471187 448920 444087 414535 257549 156986 114024 32630.3 25388.2 152548 150406 142945 62327 80617.5 28815.6 21194 740929 37852.9 45653.9 81393.8 22266.8 13551.6 81263.4 703076 575578 127498
internal_count=18502939 706433 17796506 6783595 11012911 5648643 5528432 5348707 4582578 766129 1421511 396123 360815 756210 735462 680771 322049 358722 155701 124579 6650917 408499 141232 1025388 5364268 2136498 1024205 6242418 5619341 623077
is_linear=0
shrinkage=0.05


Tree=108
num_leaves=31
num_cat=0
split_feature=4 5 4 2 5 4 12 5 4 6 12 5 4 6 7 12 12 6 6 12 0 4 8 5 4 4 5 4 6 12
split_gain=4656.06 4747.61 3662.78 5691.29 4493.54 5354.4 5311.57 5379.23 4825.88 5742.44 6609.87 6170.23 4791.12 4713.54 4274.83 4224.63 4188.31 9146.39 3840.39 3103.66 3082.05 3080.32 3058.69 3215.2 6749.48 5277.2 3876.08 3652.39 7987.3 5557.74
threshold=0.873084964458955 0.73363914373088701 0.99222761596548015 0.41428571428571431 0.88413424866514123 0.94389916592433776 1.5000000000000002 0.94771018455228995 0.97210656064751488 0.7633053221288516 1.0000000180025095e-35 0.97969490826633698 0.91105120100449632 0.69397993311036799 1.0000000180025095e-35 3.5000000000000004 1.0000000180025095e-35 0.63245614035087727 0.81980519480519487 2.5000000000000004 0.97117223134464525 0.97210656064751488 1.0000000180025095e-35 0.72104203935599298 0.82142483952828793 0.82142483952828793 0.57962779973649547 0.75097503627564477 0.3585714285714286 19.500000000000004
decision_type=2 2 2 2 2 2 2 2 2 2 2 2 2 2 2 2 2 2 2 2 2 2 2 2 2 2 2 2 2 2
left_child=22 -2 4 -4 5 13 7 16 -9 10 -10 -11 -8 14 -3 19 20 -18 -19 -7 -6 -21 -1 24 27 -25 -26 28 29 -24
right_child=1 2 3 -5 6 15 12 8 9 11 -12 -13 -14 -15 -16 -17 17 18 -20 21 -22 -23 23 25 26 -27 -28 -29 -30 -31
leaf_value=-0.057246621386394518 0.01691916410177215 -0.0072903905043698123 0.004746644623034247 0.036260022676870028 -0.041004205556219933 0.013613358684823808 -0.030534400579778201 0.033481135358338653 -0.017843187966646197 -0.10549516493767062 0.038274609134249307 0.0051037227229611907 0.0084354549638907071 0.011313467322679046 0.040539820048716223 0.028708313399630692 -5.4407110359775324e-05 -0.098602227987547975 0.012267491654049119 -0.048428461212534697 -0.0029048154090350123 0.052243622808679238 -0.012631079672606987 0.0015426755666345807 0.023548675634796484 -0.018502734352662639 0.0037988435006802556 -0.012132814233137829 0.014691937228153266 0.00081888855018164269
leaf_weight=2415.3688330366276 72545.708299038466 104321.28736246563 51100.442827087827 19909.164791433606 8151.8734989706427 11287.020600089803 8952.9180499147624 7690.686787687242 17436.079545099288 2990.1121302396059 7506.1641623731703 2180.8322585485876 66254.406391236 72249.370017717592 4890.4680522121489 37300.153039141558 5153.1528497990221 6871.5807736385614 881.23543007671833 4658.5733203869313 15216.56277783215 907.91898861154914 107278.88824662834 69003.177653643303 44180.126995003317 62637.544411749579 56760.107277496718 72018.611487608054 76744.906104615889 270393.77218422876
leaf_count=651105 404586 499499 201747 504686 80626 46683 55146 27482 61243 14469 42588 8008 423241 457548 35308 242242 18928 39221 3731 23296 45682 4277 8077342 343343 428610 317408 291746 563017 426608 4163523
internal_value=0.00143269 0.0050386 0.00314813 0.0135821 0.00122318 0.00552347 -0.0055639 -0.0150668 -0.00186856 -0.0108966 -0.000954996 -0.0588504 0.00379636 0.00140585 -0.00514857 0.019321 -0.0288216 -0.0516833 -0.0860001 -0.00145491 -0.0161955 -0.0320084 -0.00106991 -0.000891143 0.000599518 -0.00799537 0.0124431 -0.0016714 -1.34116e-05 -0.00300161
internal_weight=1.28989e+06 528456 455910 71009.6 384900 235615 149286 74078.3 37803.9 30113.2 24942.2 5170.94 75207.3 181461 109212 54153.7 36274.4 12906 7752.82 16853.5 23368.4 5566.49 761433 759017 627376 131641 100940 526436 454418 377673
internal_count=18502939 3240237 2835651 706433 2129218 1308853 820365 341978 153790 126308 103831 22477 478387 992355 534807 316498 188188 61880 42952 74256 126308 27573 15262702 14611597 13950846 660751 720356 13230490 12667473 12240865
is_linear=0
shrinkage=0.05


Tree=109
num_leaves=31
num_cat=0
split_feature=2 6 7 6 11 2 2 2 9 11 2 5 6 9 9 1 4 10 10 2 0 2 1 9 11 11 1 11 0 6
split_gain=4298.8 10844.7 7274.63 4811.77 2886.09 5688.94 4504.98 4152.42 5270.2 3887.6 3723.14 4808.66 3317.23 3491.63 3112.87 3142.06 2779.9 2891.4 2763.53 5057.34 4725.62 6309.34 6068.72 6156.29 4201.65 3527.3 4723.39 4573.62 3774.11 3332.04
threshold=0.43650793650793657 0.94590643274853814 1.0000000180025095e-35 0.098387096774193564 8.5000000000000018 0.61250000000000016 0.88194444444444453 0.73214285714285732 1.0000000180025095e-35 13.500000000000002 0.88194444444444453 0.42912946428571436 0.93541666666666679 1.0000000180025095e-35 1.0000000180025095e-35 0.73746867167919816 0.58603698401233617 1.0000000180025095e-35 1.0000000180025095e-35 0.080128205128205135 0.59045214045214056 0.066964285714285726 0.33712121212121221 1.0000000180025095e-35 3.5000000000000004 1.0000000180025095e-35 0.54653679653679665 15.500000000000002 0.8111187423687426 0.27429467084639503
decision_type=2 2 2 2 2 2 2 2 2 2 2 2 2 2 2 2 2 2 2 2 2 2 2 2 2 2 2 2 2 2
left_child=3 2 4 16 7 9 14 -2 -9 12 -10 -12 -6 -14 15 -7 17 -1 20 -20 29 22 24 -24 -22 -23 27 28 -27 -5
right_child=1 -3 -4 18 5 6 -8 8 10 -11 11 -13 13 -15 -16 -17 -18 -19 19 -21 21 25 23 -25 -26 26 -28 -29 -30 -31
leaf_value=-0.018848767230505881 0.013270922540996231 0.049327616054042969 0.045176069441506921 -0.027916990511776287 0.020043510248453678 -0.009438937332038537 0.045475496447072349 -0.00075814711401217668 -0.036085214056895909 -0.028948297154089742 0.0024976424751310907 0.021721116590467094 -3.2453611250103629 -0.52003798738857787 -0.045959668708116991 -0.075776378459682339 -0.048047442854443692 0.059002505008066489 0.00248619240459782 0.053207728678047572 0.017049624144168798 0.012730361773902937 0.04260204754265999 -0.029111033220002372 -0.013579806599346714 -0.022492400512170444 0.0013880762621428164 0.024609163188566652 -0.065038589245827963 -0.0069002804299957672
leaf_weight=12073.961798610049 91592.496662916383 12830.192951911595 10072.952196706086 21551.79567092564 21445.328771990258 23783.291158358566 2489.5450459271669 452375.07068045251 4152.4700152026489 5095.7587606166489 65749.776526981033 64389.286096553318 1.3804010581225137 7.9081375971436501 11242.030470510013 1929.8368137129582 8253.4585266696522 1323.3851148721296 167307.51690764795 5063.2028193958104 23466.783039685106 17954.064186889445 22182.69101065537 3459.4057299091946 21413.117524581845 21698.419883552822 31726.83051181375 3962.6848968551494 6860.3198949485086 150944.40095499251
leaf_count=2022384 467194 483210 137774 2530801 84539 86723 6279 4398940 21021 25753 765674 756483 91 91 42406 9464 3227770 113932 821548 11921 215124 121667 100737 23660 399308 138502 167713 27846 40495 1253889
internal_value=0.00136709 0.00374501 0.00296971 -0.00214619 0.00239848 -0.00758326 -0.0196273 0.00336971 0.00182389 0.01031 0.0105218 0.0120089 0.0196343 -0.925057 -0.024013 -0.0144177 -0.0252209 -0.0111586 -0.00114218 0.00397608 -0.00385492 0.00255047 0.0135225 0.0329272 0.0024357 -0.00686253 -0.0123377 -0.0257282 -0.0327128 -0.00952612
internal_weight=1.2864e+06 767157 754327 519242 744254 65995.1 39444.7 678259 586667 26550.4 134292 130139 21454.6 9.28854 36955.2 25713.1 21650.8 13397.3 497591 172371 325221 152724 70522 25642.1 44879.9 82202.3 64248.3 32521.4 28558.7 172496
internal_count=18502939 7285642 6802432 11217297 6664658 255346 144872 6409312 5942118 110474 1543178 1522157 84721 182 138593 96187 5364086 2136316 5853211 833469 5019742 1235052 738829 124397 614432 496223 374556 206843 178997 3784690
is_linear=0
shrinkage=0.05


Tree=110
num_leaves=31
num_cat=0
split_feature=6 5 6 2 0 7 5 4 5 4 4 12 6 4 1 4 6 5 12 4 6 12 2 4 0 4 6 5 12 6
split_gain=4099.43 4592.61 5161.95 8481.87 4298.88 3584.25 3333.32 5833.34 5814.11 3584.94 3422.53 3320.49 3627.92 6308.26 3298.03 3153.96 4662.49 3208.36 3055.08 4336.42 4266.26 3440.98 4527.63 4663.3 3097.83 3279.77 3837.62 3039.08 7761.48 7166.09
threshold=0.65301003344481623 0.85770528683914526 0.94868421052631591 0.23611111111111113 0.91147186147186166 1.0000000180025095e-35 0.7835585585585586 0.82661732769978669 0.60428113553113572 0.91605170333264907 0.96515942558111245 26.500000000000004 0.087595907928388769 0.47856087531016561 0.28436657681940708 0.77034296658459778 0.3585714285714286 0.41202270381836947 1.5000000000000002 0.91105120100449632 0.77525252525252542 6.5000000000000009 0.19090909090909094 0.8913727434087354 0.63669384264349949 0.97210656064751488 0.81534090909090928 0.94771018455228995 1.0000000180025095e-35 0.7633053221288516
decision_type=2 2 2 2 2 2 2 2 2 2 2 2 2 2 2 2 2 2 2 2 2 2 2 2 2 2 2 2 2 2
left_child=6 4 5 -4 -2 18 7 11 14 -10 -8 12 13 -1 -9 16 -14 -17 27 20 -20 -22 -23 -24 -21 26 -26 28 -3 -29
right_child=1 2 3 -5 -6 -7 10 8 9 -11 -12 -13 15 -15 -16 17 -18 -19 19 24 21 22 23 -25 25 -27 -28 29 -30 -31
leaf_value=0.0039159713077873337 0.0061761290565207653 -0.0070239475029322462 0.0032510738973656641 0.045849681236033724 0.023988140604571911 0.031810647689004067 -0.010814005578211256 0.0069830934492570995 -0.00066475826363314157 0.021204105761206488 0.01642199010668121 0.0021941225739484974 -0.0069320438807032011 -0.037837420046600817 0.031877202049492043 0.036961240696509752 0.0087110154100122905 -0.015169512871867078 -0.041992895833915897 -0.0040167523249253758 0.016854954542522001 0.00945594229670455 -0.10451958340817524 -0.0043976220866119428 -0.0084867436077234893 0.038643668975674901 0.029361836984422098 0.010500023070459054 -0.057528313996570116 -0.033304192650635611
leaf_weight=15676.505745270406 95277.890034491196 25455.508330725133 47227.090337894857 15527.18346726289 52561.504610137083 7197.4535201108083 114555.39810935222 22333.925365750678 121106.22497045528 22170.704422987066 12825.981503194198 259355.66282457416 111259.65917640436 21388.549436590518 32908.774185389513 3093.2389103125315 83294.912854677066 64385.157719158567 9364.4095205198973 27851.072578549385 11618.473165728152 5036.9264141060412 2548.0835147788748 2139.4800150441006 15453.777549155988 12740.928545899689 11819.802774656564 31166.08201690577 10849.568691652268 13329.989396887831
leaf_count=176904 340522 135954 146419 536445 591682 57876 499408 253617 615433 103285 52416 3567928 3730181 5659654 182000 69524 488943 409591 50050 91091 67431 16107 19292 26845 120393 112112 129857 139594 56693 55692
internal_value=0.00130664 0.00552648 0.00138624 0.0137912 0.0125089 -0.00278622 -0.000588505 0.000670733 0.00803247 0.00271923 -0.00807162 -0.00194622 -0.00553643 -0.020178 0.0218128 -0.00346535 -0.00023476 -0.0127798 -0.00417443 0.00173344 -0.0138571 -0.00151223 -0.0234567 -0.0588223 0.00878773 0.0177 0.00791604 -0.0113817 -0.0221169 -0.0026227
internal_weight=1.28152e+06 397165 249326 62754.3 147839 186572 884355 756973 198520 143277 127381 558454 299098 37065.1 55242.7 262033 194555 67478.4 179374 98573 30707.4 21343 9724.49 4687.56 67865.6 40014.5 27273.6 80801.1 36305.1 44496.1
internal_count=18502939 2694055 1761851 682864 932204 1078987 15808884 15257060 1154335 718718 551824 14102725 10534797 5836558 435617 4698239 4219124 479115 1021111 633178 179725 129675 62244 46137 453453 362362 250250 387933 192647 195286
is_linear=0
shrinkage=0.05


Tree=111
num_leaves=31
num_cat=0
split_feature=4 5 6 2 7 6 0 8 12 6 5 5 6 1 4 5 4 6 4 12 4 6 5 4 6 12 4 4 4 12
split_gain=3830.49 4379.29 3975.29 8178.64 3093.42 3041.51 2872.47 2868.81 2886.13 3458.48 3035.49 2999.48 3094.69 2745.33 2626.8 2514.54 4940.99 5040.9 2580.71 3494.38 3960.78 3751.63 3259.35 7019.26 6227.74 5177.3 6333.27 4125.07 3747.69 2650.86
threshold=0.873084964458955 0.79324593901396423 0.91833333333333345 0.23611111111111113 1.0000000180025095e-35 0.55777777777777793 0.59606410746116645 1.0000000180025095e-35 48.500000000000007 0.048809523809523817 0.11437177280550777 0.23693957115009748 0.21132376395534294 0.12599206349206352 0.6040448793958183 0.87108993157380266 0.9579003598740442 0.69397993311036799 0.89409924340816793 1.5000000000000002 0.97657880461357338 0.79057017543859665 0.94771018455228995 0.987266214824983 0.7633053221288516 1.0000000180025095e-35 0.97210656064751488 0.96843892137751797 0.92216655893126498 1.0000000180025095e-35
decision_type=2 2 2 2 2 2 2 2 2 2 2 2 2 2 2 2 2 2 2 2 2 2 2 2 2 2 2 2 2 2
left_child=7 5 4 13 15 -2 -7 -1 -9 10 14 -11 -13 -4 -10 16 17 -3 -17 22 -21 -22 23 28 25 26 -24 -26 -20 -30
right_child=1 2 3 -5 -6 6 -8 8 9 11 -12 12 -14 -15 -16 18 -18 -19 19 20 21 -23 24 -25 27 -27 -28 -29 29 -31
leaf_value=-0.057114188750170825 0.0046412059072277502 -0.0089093472003853296 0.014007840477918719 0.043177434100014213 0.023043027117804839 0.0068351714008764459 0.027323358703113018 -0.0020572798254674825 8.2995511693798296e-05 0.032242195662630334 -0.050958018757619267 -0.0083981663391157011 0.021314847294390801 -0.0091013216294559118 0.39808693742680279 -0.04213347169094224 0.029256672830776095 0.012477942150847875 0.023243429491593134 -0.0025129479673382201 0.041271850894981525 -0.015596627460512873 0.066920526629913976 0.053018723299055229 0.028232770026712567 0.034719217115761744 -0.016971063055881273 -0.044402186768530062 -0.022310875753857009 -0.051428333644777703
leaf_weight=2272.7964023090899 70240.136984916404 67458.998762840405 26585.613126002252 16622.070500158705 13188.599420265295 28168.049338057637 43568.519964083098 655323.97755201836 42602.488767277217 18176.168779960135 3076.2012432045303 16667.552288811887 18478.699338268489 24878.435132674873 41.496810913085938 4737.1498734997585 16298.934446530417 46571.042122432031 3270.8459967002273 61879.700869726017 10948.206962425262 3945.1866311701015 2576.8332260157913 2890.4609940834343 2381.4899339545518 12364.797746138647 17723.064034271985 10907.245313811116 21701.991865919903 12216.970443129539
leaf_count=651105 331058 322504 82901 577031 109200 95732 359450 13559910 174993 230685 326144 231322 88452 78715 91 22932 107016 287378 11011 360451 76622 23933 6643 9919 7917 77623 62153 46774 124215 59059
internal_value=0.001248 0.00454672 0.0017419 0.0126851 -0.000653386 0.012037 0.0192785 -0.00102395 -0.00085496 0.00710029 -0.00298997 0.015752 0.00722392 0.00283655 0.000470293 -0.00170257 0.00350611 -0.000174558 -0.00575429 -0.00469577 0.00305863 0.0262077 -0.0116155 -0.0220361 -0.00252668 0.00921361 -0.00632201 -0.0313852 -0.0278695 -0.0327984
internal_weight=1.27776e+06 521124 379148 68086.1 311062 141977 71736.6 756639 754367 99042.6 45720.2 53322.4 35146.3 51464 42644 297873 130329 114030 167544 162807 76773.1 14893.4 86033.7 40080.3 45953.4 32664.7 20299.9 13288.7 37189.8 33919
internal_count=18502939 3240237 2453997 738647 1715350 786240 455182 15262702 14611597 1051687 501228 550459 319774 161616 175084 1606150 716898 609882 889252 866320 461006 100555 405314 204204 201110 146419 68796 54691 194285 183274
is_linear=0
shrinkage=0.05


Tree=112
num_leaves=31
num_cat=0
split_feature=2 6 7 6 4 4 11 2 2 2 9 11 2 5 11 4 6 10 10 2 0 2 1 9 6 11 11 1 11 0
split_gain=3859.71 9486.69 6660.74 4223.02 2732.21 2690.09 2570.43 5197.08 4117.79 3750.89 4677.67 3549.39 3352.57 4349.27 2814.76 2979.88 2675.53 2525.34 2507.04 4384.47 4130.52 5887.67 5242.65 5631.77 3939.56 3752.6 3290.62 4112.66 4071.9 3107.6
threshold=0.43650793650793657 0.93933823529411775 1.0000000180025095e-35 0.098387096774193564 0.58603698401233617 0.55265880293930791 8.5000000000000018 0.61250000000000016 0.88194444444444453 0.73214285714285732 1.0000000180025095e-35 13.500000000000002 0.88194444444444453 0.42912946428571436 11.500000000000002 0.54680217870875458 0.098387096774193564 1.0000000180025095e-35 1.0000000180025095e-35 0.080128205128205135 0.59045214045214056 0.066964285714285726 0.33712121212121221 1.0000000180025095e-35 0.267948717948718 3.5000000000000004 1.0000000180025095e-35 0.54653679653679665 15.500000000000002 0.41921134421134426
decision_type=2 2 2 2 2 2 2 2 2 2 2 2 2 2 2 2 2 2 2 2 2 2 2 2 2 2 2 2 2 2
left_child=3 2 6 4 17 -5 9 11 14 -2 -11 -8 -12 -14 15 -9 -15 -1 20 29 24 22 25 -24 -7 -22 -23 28 -28 -20
right_child=1 -3 -4 5 -6 18 7 8 -10 10 12 -13 13 16 -16 -17 -18 -19 19 -21 21 26 23 -25 -26 -27 27 -29 -30 -31
leaf_value=-0.017816590147214838 0.012633800140401264 0.048773644325620674 0.044541516321993435 0.035849191501134227 -0.047871270825944112 -0.030776290683988579 0.019011283631262751 0.061631832840005785 0.044479766444605884 -0.00074018323046932824 -0.033992078471972463 -0.027329638573112186 0.0023844806934071958 0.1331577907024856 0.013657294781092967 -0.030664534914951715 0.019871915897223202 0.053898669505555413 0.002755242551213712 0.050393641653403709 0.016161290320264449 0.01189038415410449 0.040476003932200806 -0.028642525578183333 -0.006798154254310667 -0.01294824465558413 -0.031564251838520511 0.00038914313446766205 0.023232138670568926 -0.057570552380412546
leaf_weight=11819.523735693539 90370.961005080026 11375.680056674406 9422.0977464853786 4846.3334181230748 7687.0269189167302 19325.254761401215 21200.233006361872 899.59416350279935 2418.3532134522684 450600.84620099398 4201.4441972393543 5132.3597737867385 65412.266459601931 525.607955545187 4614.520717532374 31373.744672736386 62045.398790881503 1369.8075531104114 162159.62772675115 4809.6175207309425 23203.278282844229 17527.496710645268 21412.744502793998 3417.4628896617796 150796.87847180292 21174.995293278247 28542.690396610065 31156.402438929304 3847.2334489331115 2163.290861268295
leaf_count=2022384 466375 487487 137774 120211 3227770 2415049 84630 6188 6279 4396756 21021 25753 765674 819 17108 115206 754572 113932 785330 11830 210938 121121 99554 23114 1289470 391755 170625 165802 27391 21021
internal_value=0.00119065 0.00345654 0.00276756 -0.00214972 -0.0241776 -0.00121955 0.0022348 -0.00720991 -0.0187255 0.00315574 0.00168601 0.0099792 0.00995658 0.0113993 -0.0228692 -0.0280918 0.0208235 -0.0103684 -0.00158652 0.00333834 -0.00418622 0.00185396 0.0125654 0.030963 -0.00952198 0.00227174 -0.00728985 -0.0125802 -0.0250556 0.00196106
internal_weight=1.27485e+06 759593 748217 515260 20876.4 494383 738795 65638.8 39306.2 673157 582786 26332.6 132185 127983 36887.9 32273.3 62571 13189.3 489537 169133 320404 150282 69208.5 24830.2 170122 44378.3 81073.8 63546.3 32389.9 164323
internal_count=18502939 7285642 6798155 11217297 5364086 5853211 6660381 255164 144781 6405217 5938842 110383 1542086 1521065 138502 121394 755391 2136316 5733000 818181 4914819 1210300 725361 122668 3704519 602693 484939 363818 198016 806351
is_linear=0
shrinkage=0.05


Tree=113
num_leaves=31
num_cat=0
split_feature=2 6 7 6 4 1 11 11 12 10 11 0 2 9 1 1 1 2 4 0 11 11 6 0 12 0 4 4 1 4
split_gain=3499.2 9064.53 6302.09 3912.22 2690.45 2670.79 5733.99 5071.1 4215.25 3921.89 3073.18 2825.95 6314.9 6155.71 5722.07 3560.05 6055.41 3228.5 3053.51 3005.53 3076.23 3302.61 3012.47 2809.54 8801.42 5312.76 2793.56 2786.58 2657.95 2616.02
threshold=0.43650793650793657 0.94590643274853814 1.0000000180025095e-35 0.098387096774193564 0.58603698401233617 1.0000000180025095e-35 21.500000000000004 14.500000000000002 54.500000000000007 1.0000000180025095e-35 18.500000000000004 0.58890923890923907 0.080128205128205135 1.0000000180025095e-35 0.32200460829493094 0.52704678362573121 0.28730158730158734 1.0000000180025095e-35 0.62222401070961475 0.45918790030632145 8.5000000000000018 13.500000000000002 0.267948717948718 0.60869621262810136 6.5000000000000009 0.60736925762501215 0.89951013682213132 0.62138056729283064 0.30495169082125612 0.987266214824983
decision_type=2 2 2 2 2 2 2 2 2 2 2 2 2 2 2 2 2 2 2 2 2 2 2 2 2 2 2 2 2 2
left_child=3 2 -2 4 -1 -5 7 8 11 28 -11 17 13 14 -13 16 -14 19 23 20 -7 -22 -21 24 25 -16 -8 -25 29 -9
right_child=1 -3 -4 5 -6 6 26 9 -10 10 -12 12 15 -15 18 -17 -18 -19 -20 22 21 -23 -24 27 -26 -27 -28 -29 -30 -31
leaf_value=-0.0099183538293309004 0.0021344719486438971 0.049046605388950643 0.044125469214478311 0.016079297306674539 -0.047739656827456872 0.0024776013461257239 -0.042147321412762645 -0.030139005935176655 0.028142247561170293 0.022062670700303915 -0.0021301232921179494 0.0057001842814783966 0.012769324966433529 -0.02765939878243355 -0.050432399417732476 0.0001563847290173601 -0.036141502162748085 0.011827637551375928 0.034290436535359035 -0.042903449184395474 -0.023686505392438363 0.010426179302918783 -0.013488275125516359 0.095519338543903501 -0.05174048220207831 2.4861191956017779 -0.0040748725791587949 0.59203322320013541 0.026844020951557763 0.013092179925082737
leaf_weight=13109.90776265366 737350.64222476678 10674.68340028869 9044.9672003570013 21485.107777071767 7331.7835965218255 64652.957647134084 12783.932925756322 12106.847003231058 10287.492357379175 50311.909361126367 17760.539497063495 34845.897547175875 8940.4175660149194 8324.1755571602844 2.8560849055647868 46016.258352204459 21657.358200874995 18655.571012609871 21405.069342246978 9802.7755450605182 29119.54461811448 9380.9504077050369 77653.890868468676 862.51236430602148 17.886279545724392 7.4462474882602692 7732.3307018242776 29.215719789266586 4181.9923107963987 4921.9936581626534
leaf_count=2136316 6664658 483210 137774 148057 3227770 683319 245154 443352 110019 196378 83902 470834 45591 103467 455 278369 136045 86177 106834 1472198 321503 65520 774501 5642 1274 91 33943 91 27118 13377
internal_value=0.00113674 0.00329761 0.00264333 -0.0020498 -0.0234837 -0.00116097 -0.00194663 -0.000770485 -0.00340495 0.00990102 0.0157506 -0.00432859 0.00111275 0.0125124 0.0183615 -0.00863249 -0.0218502 -0.00802371 0.0381239 -0.00996662 -0.0041855 -0.0153747 -0.0167853 0.127322 0.618788 1.78292 -0.0277983 0.111787 -0.00887222 -0.0176435
internal_weight=1.27046e+06 757070 746396 513389 20441.7 492947 471462 450946 361662 89283.3 68072.4 351375 142109 65495.1 57170.9 76614 30597.8 209266 22325 190610 103153 38500.5 87456.7 919.917 28.1886 10.3023 20516.3 891.728 21210.8 17028.8
internal_count=18502939 7285642 6802432 11217297 5364086 5853211 5705154 5426057 4661930 764127 280280 4551911 1148693 688688 585221 460005 181636 3403218 114387 3317041 1070342 387023 2246699 7553 1820 546 279097 5733 483847 456729
is_linear=0
shrinkage=0.05


Tree=114
num_leaves=31
num_cat=0
split_feature=6 5 6 4 0 6 5 6 11 12 4 6 12 12 0 12 4 5 4 4 6 4 6 5 6 12 5 6 4 5
split_gain=3374.19 6206.92 3605.28 3593.06 3939.28 5895.28 5894.25 3911.4 3305.24 3127.35 5455.34 4326.39 3102.95 3040.67 3031.97 2826.82 4615.79 4250.9 3389.12 2944.66 4568.73 2923.2 3037.41 6742.84 3907.35 2981.74 2751.57 2748.26 5528.9 4858.94
threshold=0.47722567287784684 0.68304757304998798 0.47213622291021679 0.8913727434087354 0.65582121825542894 0.94590643274853814 0.85770528683914526 0.65301003344481623 14.500000000000002 1.5000000000000002 0.97210656064751488 0.81534090909090928 6.5000000000000009 7.5000000000000009 0.57641061423956175 12.500000000000002 0.81711599808393987 0.24725141959647221 0.48499228395061728 0.69804274383078746 0.32305502846299816 0.64571741717050657 0.065591397849462371 0.091372912801484255 0.048809523809523817 55.500000000000007 0.19241053064582478 0.77097902097902116 0.987266214824983 0.96313285762827061
decision_type=2 2 2 2 2 2 2 2 2 2 2 2 2 2 2 2 2 2 2 2 2 2 2 2 2 2 2 2 2 2
left_child=2 14 15 -3 8 6 7 -6 -5 27 11 12 -11 -14 -2 17 19 18 -1 20 21 22 23 -17 -25 -23 -24 28 29 -8
right_child=1 3 -4 4 5 -7 9 -9 -10 10 -12 -13 13 -15 -16 16 -18 -19 -20 -21 -22 25 26 24 -26 -27 -28 -29 -30 -31
leaf_value=0.03868787673585139 0.0036382027701616308 -0.0042224423972275276 -0.080249098503124977 -0.0059823120392809796 0.0065324614569982732 0.040414488823782291 -0.022616319355737491 0.028235949358652718 0.010801271356003906 -0.0035202633185395932 0.035006850345520438 0.022935666550690639 -0.10350821001815827 -0.022261645277333365 0.02301304122983518 0.0017908564620510747 0.020754135088868798 -0.0035902826681156845 -0.036849533734861238 -0.014037853875084794 0.021560519213567497 -0.016664727692696103 0.038117728226871414 -0.044002989263679848 0.0033277773482841403 0.027687290209288458 0.0066602075340696206 -0.034145012029146216 0.027308453817750995 0.012048230355220345
leaf_weight=1645.011902282713 31599.725331883878 175286.10648508556 1450.2485302630812 114184.63129079249 43497.444139969535 13796.89577923622 31439.251538293436 39712.027959199622 39475.466099265963 21789.212409039028 14291.529874909669 12922.683393083978 1595.0545334834605 4142.0745412372053 55935.585367823951 131109.18953982159 28796.54472953279 249991.00360518717 15258.175645890995 34073.142284812173 25867.009613811038 39019.017885275418 7688.6523067222442 13932.668145757518 6346.8550871744519 4197.1288091619499 72493.530621346319 8553.2294040136039 11465.97742792964 14900.042461697012
leaf_count=110838 141141 918554 9919 438529 224952 533351 111657 407680 157157 148148 137410 161525 14105 29575 339794 427154 180544 4272905 3240874 463281 130949 1272089 119574 2313129 526799 35035 1468194 43043 73710 51324
internal_value=0.00108164 0.00365694 -0.00150473 0.00167888 0.00446133 0.0087814 0.00664523 0.0168905 -0.00167059 -0.000394517 0.00845219 -0.000930159 -0.0121344 -0.0448501 0.0160188 -0.00132359 0.00154527 -0.00523111 -0.0294983 -0.00010727 0.00147148 -0.000419593 0.00180824 -0.00235923 -0.0291899 -0.0123573 0.00967666 -0.00769235 -0.00377825 -0.0114702
internal_weight=1.26646e+06 634587 631868 547052 371766 218105 204309 83209.5 153660 121099 54740.6 40449 27526.3 5737.13 87535.3 630418 363524 266894 16903.2 334727 300654 274787 231571 151389 20279.5 43216.1 80182.2 66358.5 57805.3 46339.3
internal_count=18502939 3931655 14571284 3450720 2532166 1936480 1403129 632632 595686 770497 490763 353353 191828 43680 480935 14561365 6936748 7624617 3351712 6756204 6292923 6161974 4854850 3267082 2839928 1307124 1587768 279734 236691 162981
is_linear=0
shrinkage=0.05


Tree=115
num_leaves=31
num_cat=0
split_feature=6 5 12 12 6 5 5 4 12 2 5 12 4 6 6 12 5 5 4 0 5 4 5 4 4 5 6 4 5 12
split_gain=3141.8 3995.49 3808.01 4484.57 4524.13 6127.83 3178.84 3703.55 5154.91 4056.71 3779.88 5722.44 5072.9 4968.81 4542.68 5042.96 3380.56 3242.59 3081.65 2899.07 2846.57 4762.06 6348.89 3759.78 3244.5 4624.28 4028.54 4224.9 4048.22 3812.78
threshold=0.65301003344481623 0.78800719054956347 9.5000000000000018 10.500000000000002 0.86811594202898557 0.84753833736884598 0.87108993157380266 0.99222761596548015 1.5000000000000002 0.41428571428571431 0.94771018455228995 1.0000000180025095e-35 0.98065871509894298 0.72474747474747481 0.7633053221288516 1.0000000180025095e-35 0.97969490826633698 0.90810462115880852 0.92216655893126498 0.97117223134464525 0.7835585585585586 0.82142483952828793 0.60428113553113572 0.85027719744603758 0.7813336760705184 0.41202270381836947 0.3585714285714286 0.65350836971321902 0.54915769124551239 9.5000000000000018
decision_type=2 2 2 2 2 2 2 2 2 2 2 2 2 2 2 2 2 2 2 2 2 2 2 2 2 2 2 2 2 2
left_child=20 -2 6 4 5 -4 -3 8 10 -9 11 18 -12 17 15 -14 -16 -13 -8 -20 21 24 -23 -24 26 -26 27 29 -29 -1
right_child=1 2 3 -5 -6 -7 7 9 -10 -11 12 13 14 -15 16 -17 -18 -19 19 -21 -22 22 23 -25 25 -27 -28 28 -30 -31
leaf_value=-0.017305745594180466 0.016641795836755895 0.01336939421842964 -0.029072705705607889 -0.0021570307647879429 -0.007462059554165696 -0.14326444594762455 0.043275125409825713 0.0042390530868857126 0.005669242986710149 0.033030730444767502 0.022682994667627455 -0.04214209515723092 -0.021801827898972396 -0.0047552092530012725 -0.10259361013403301 0.036946681225006155 -0.010657857958243179 -0.11146752877037741 -0.04289746737584401 -0.0035215567687591695 -0.0075360769724394511 0.02078008839495589 -0.015634963475794642 0.0051947524258269574 0.059469720294048393 -0.01805207892580089 0.0076000423067175034 -0.016015373576716351 0.010102825427550357 0.0020521421645983556
leaf_weight=28325.196212409588 60009.126108685508 75478.937777804211 2875.5988229531795 27697.910630674101 4846.492853381671 1986.380936846137 2310.0204242747277 50248.531239522621 79804.32346855104 16171.784808747005 13280.848361065611 3024.4859364312142 13299.134165646508 3131.4419690277427 2374.1743391379714 5036.1136644799262 1727.4294254183769 3813.5056489482522 7296.6504895426333 13007.851046804339 127379.93558871932 59617.658174307551 26471.278888078406 119289.28909129277 2012.1549911061302 43757.231781167211 112277.15288149938 88555.603400587919 17821.754266249947 249469.14067321137
leaf_count=3766217 379561 503867 18382 172900 38311 13286 7007 201565 537173 504140 51142 15834 46319 13013 11739 31941 6734 22295 79352 39494 551824 527345 130585 609973 24297 274638 643734 3145233 180089 5954949
internal_value=0.00103274 0.00478133 0.0026075 -0.0124067 -0.0416486 -0.0757262 0.00454411 0.00143902 -0.00296048 0.0112491 -0.0130435 -0.0253585 -0.00180902 -0.0569171 -0.0163064 -0.00566547 -0.063874 -0.0808045 -0.0114462 -0.0176717 -0.00062706 0.000550139 0.00703415 0.00141191 -0.00190584 -0.014644 -0.00073146 -0.00316641 -0.0116397 7.83223e-05
internal_weight=1.2624e+06 387421 327412 37406.4 9708.47 4861.98 290005 214526 148106 66420.3 68301.7 32584 35717.7 9969.43 22436.9 18335.2 4101.6 6837.99 22614.5 20304.5 874976 747596 205378 145761 542218 45769.4 496449 384172 106377 277794
internal_count=18502939 2694055 2314494 242879 69979 31668 2071615 1567748 862043 705705 324870 176995 147875 51142 96733 78260 18473 38129 125853 118846 15808884 15257060 1267903 740558 13989157 298935 13690222 13046488 3325322 9721166
is_linear=0
shrinkage=0.05


Tree=116
num_leaves=31
num_cat=0
split_feature=2 6 7 6 4 11 1 11 11 10 12 11 0 2 9 1 0 1 1 2 0 11 11 1 6 11 2 2 2 9
split_gain=3185.7 8098 5872.85 3436.27 2629.08 2486.22 3004.66 4125.04 4460.21 3619.37 3613.95 2839.73 2573.78 5757.46 5672.53 5178.51 3212.46 2999.2 4071.37 2904.69 2630.89 2893.46 3256.78 2432.44 2410.38 2399.89 4632.57 3751.9 3351.65 4185.83
threshold=0.43650793650793657 0.94590643274853814 1.0000000180025095e-35 0.098387096774193564 0.58603698401233617 31.500000000000004 1.0000000180025095e-35 21.500000000000004 14.500000000000002 1.0000000180025095e-35 61.500000000000007 18.500000000000004 0.58890923890923907 0.080128205128205135 1.0000000180025095e-35 0.33712121212121221 0.89476748937561312 0.28062500000000007 0.52704678362573121 1.0000000180025095e-35 0.45918790030632145 8.5000000000000018 13.500000000000002 0.30495169082125612 0.267948717948718 8.5000000000000018 0.61250000000000016 0.88194444444444453 0.73214285714285732 1.0000000180025095e-35
decision_type=2 2 2 2 2 2 2 2 2 2 2 2 2 2 2 2 2 2 2 2 2 2 2 2 2 2 2 2 2 2
left_child=3 2 25 4 -1 6 -5 8 10 23 12 -11 19 14 15 -14 17 -15 -19 20 21 -8 -23 -10 -22 28 -27 -28 -2 -30
right_child=1 -3 -4 5 -6 -7 7 -9 9 11 -12 -13 13 16 -16 -17 -18 18 -20 -21 24 22 -24 -25 -26 26 27 -29 29 -31
leaf_value=-0.0092312901051755953 0.011909666029897705 0.048862044020752921 0.043619169453007749 0.017632859907664746 -0.047549168780065237 -0.05078131436336563 0.0023725337568139891 -0.025079685276869896 -0.01743444252912555 0.021012453219049182 0.034577658021353166 -0.0023453012400277713 0.0066701115390235838 0.012636610644324323 -0.026249133727624066 0.038263770432414773 0.0074141755363488554 -0.03554219765782228 -0.0054879367960136635 0.01132181212274218 -0.039109454811281981 -0.02311673417601524 0.010339217335847105 0.025495015779535269 -0.012790300901699844 0.0091662430377433806 -0.021922149489066137 0.043365146851142337 -0.0008016224339090222 0.0093861469487182408
leaf_weight=12921.941813012818 89053.759019030258 9525.8686181697994 8569.1255512894131 20742.280882312451 6849.3111909906147 2519.7924869410926 66084.372666363139 18306.62314429658 16742.026106321719 49508.472823047545 6177.5349669799907 17651.731639732607 36865.831357389921 8388.3825400999049 8392.7999827424064 20010.118741944432 23327.542062816676 21678.822219625115 23466.172415437642 18680.254017801723 9799.367045300547 29284.506997809862 9678.1454309294932 4109.636829811614 77489.932772928849 26081.456669683568 36871.733805899741 2340.2290870118886 448306.85815951158 130078.39630764234
leaf_count=2136316 467194 483210 137774 142597 3227770 42497 693602 242060 456729 196378 64883 83902 489216 42861 104832 99099 172718 136682 110292 86814 1491035 325962 66885 27118 777049 110474 138593 6279 4398940 1543178
internal_value=0.000985041 0.00305482 0.00246618 -0.00207004 -0.0225057 -0.00124362 -0.000986986 -0.00181642 -0.000864398 0.00922357 -0.00333532 0.0148733 -0.00399852 0.00120256 0.0121231 0.0177854 -0.00807092 -0.0148187 -0.0199201 -0.0075017 -0.0093299 -0.00399926 -0.0148064 -0.00897351 -0.015745 0.00198491 -0.00716388 -0.0180257 0.00287991 0.0014896
internal_weight=1.2595e+06 750827 741302 508676 19771.3 488904 486385 465642 447336 88011.9 359324 67160.2 353146 142130 65268.8 56876 76860.9 53533.4 45145 211017 192336 105047 38962.7 20851.7 87289.3 732732 65293.4 39212 667439 578385
internal_count=18502939 7285642 6802432 11217297 5364086 5853211 5810714 5668117 5426057 764127 4661930 280280 4597047 1155700 693147 588315 462553 289835 246974 3441347 3354533 1086449 392847 483847 2268084 6664658 255346 144872 6409312 5942118
is_linear=0
shrinkage=0.05


Tree=117
num_leaves=31
num_cat=0
split_feature=4 5 6 4 12 12 11 4 1 5 6 8 5 4 4 4 6 4 6 12 5 6 5 6 5 4 1 12 11 1
split_gain=2978.28 3869.02 3583.32 5936.92 5177.95 4114.96 4019.93 3188.62 3019.09 2987.93 2976.89 2643.89 2689.26 4852.69 4632.7 3228.56 5931.04 3647.81 3511.78 3506.57 3140.42 3067.93 6794.95 3467.92 3034.53 3134.84 2878.9 4887.96 4669.66 3003.74
threshold=0.873084964458955 0.82063376874697636 0.81534090909090928 0.96843892137751797 1.0000000180025095e-35 12.500000000000002 1.0000000180025095e-35 0.94744415456745323 0.65751879699248128 0.93357843137254914 0.56385869565217395 1.0000000180025095e-35 0.72104203935599298 0.82142483952828793 0.82142483952828793 0.75097503627564477 0.3585714285714286 0.65350836971321902 0.09232954545454547 9.5000000000000018 0.57962779973649547 0.065591397849462371 0.091372912801484255 0.048809523809523817 0.54915769124551239 0.69804274383078746 0.18274582560296845 31.500000000000004 1.5000000000000002 0.15655637254901963
decision_type=2 2 2 2 2 2 2 2 2 2 2 2 2 2 2 2 2 2 2 2 2 2 2 2 2 2 2 2 2 2
left_child=11 7 3 -3 9 -6 -7 10 -4 -5 -2 -1 13 15 -14 16 17 19 -17 -13 -15 22 26 -24 25 -19 27 28 -21 -29
right_child=1 2 8 4 5 6 -8 -9 -10 -11 -12 12 14 20 -16 18 -18 24 -20 21 -22 -23 23 -25 -26 -27 -28 29 -30 -31
leaf_value=-0.057146828323947657 0.0010101363781667531 -0.0093925772491045209 0.0034735262206522996 0.028080107998879202 0.021002545545731898 -3.8373091621641922 -0.65187431458050848 0.033715723192044161 0.023279856428635406 -0.013339163977129743 0.014170035076462304 -0.016374011232064781 0.0015897561429725751 0.02101964872304446 -0.017233949751695479 0.11585001252059504 0.012978437804268245 -0.0085987720419901034 -0.012285884454422458 0.58385627775479654 0.0028978108641991842 0.0093562537158136221 -0.041756025036720101 0.0021898515582721278 0.012427676650308831 -0.03082019840563335 0.0016414740681490712 -0.054256506648016491 -0.051672737092564071 0.17518413350527562
leaf_weight=2095.9967109246645 82470.68079324998 137245.97382649221 91702.503542728722 5213.2335892412812 38586.957539130934 1.1702767079696048 6.4445037245750427 12819.236743032932 24348.722262828145 26423.206690248102 89727.988392599393 27806.888241820619 68323.621247272938 42012.167988071451 62665.526524874382 538.78154044598341 74721.357331475243 61813.264155698707 70930.051155698602 88.888979189097881 55474.4135234477 95773.173679889645 14713.370197356911 6460.3882352458313 12169.539655430708 21354.222932315432 129263.72653243458 346.24337057163939 42.830945481546223 242.58958879020065
leaf_count=651105 386750 745199 384384 19747 264173 91 91 83356 679133 100373 576940 3697694 343343 428610 317408 15379 426608 2373189 547638 1001 291746 1959139 2526797 497497 126126 651014 382928 15561 3276 6643
internal_value=0.000939986 0.00389128 0.000593239 -0.00334223 0.0084814 0.0207732 -1.14143 0.00965834 0.00762909 -0.00651386 0.0078674 -0.00106965 -0.000911824 0.000476225 -0.00741555 -0.00145575 0.000129204 -0.00246517 -0.0113199 0.000459068 0.0107075 0.00235464 -0.00208156 -0.0283476 -0.0108921 -0.0143044 0.00219704 0.101862 0.377203 0.0402693
internal_weight=1.25538e+06 508546 323528 207477 70231 38594.6 7.61478 185018 116051 31636.4 172199 746837 744741 613752 130989 516265 444796 370075 71468.8 274738 97486.6 246931 151158 21173.8 95337 83167.5 129984 720.553 131.72 588.833
internal_count=18502939 3240237 2193191 1129674 384475 264355 182 1047046 1063517 120120 963690 15262702 14611597 13950846 660751 13230490 12667473 12240865 563017 9090536 720356 5392842 3433703 3024294 3150329 3024203 409409 26481 4277 22204
is_linear=0
shrinkage=0.05


Tree=118
num_leaves=31
num_cat=0
split_feature=2 6 7 6 4 11 1 11 1 12 4 0 6 4 10 4 12 12 11 2 2 11 2 9 2 5 9 1 5 0
split_gain=2975.77 7584.6 5514.36 3091.45 2556.85 2278.39 2719.49 3736.78 4169.74 2983.84 2332.5 2259.68 3248.95 2571.58 2242.18 2233.28 12051.5 48953.5 2194.68 4167.52 3419.41 3220.17 3017.05 3788.78 3053.84 3905.52 2820.68 2645.07 2427.32 2344.6
threshold=0.43650793650793657 0.94590643274853814 1.0000000180025095e-35 0.098387096774193564 0.58603698401233617 31.500000000000004 1.0000000180025095e-35 21.500000000000004 0.032795698924731172 54.500000000000007 0.89951013682213132 0.89045548654244322 0.15075757575757578 0.64571741717050657 1.0000000180025095e-35 0.58301601675922499 23.500000000000004 22.500000000000004 8.5000000000000018 0.61250000000000016 0.88194444444444453 13.500000000000002 0.73214285714285732 1.0000000180025095e-35 0.88194444444444453 0.42912946428571436 1.0000000180025095e-35 0.73746867167919816 0.61170759565962318 0.941701680672269
decision_type=2 2 2 2 2 2 2 2 2 2 2 2 2 2 2 2 2 2 2 2 2 2 2 2 2 2 2 2 2 2
left_child=3 2 18 4 14 6 -5 8 -8 11 -9 12 -10 -13 -1 -16 17 -17 22 21 26 -20 28 -24 -25 -26 27 -21 29 -2
right_child=1 -3 -4 5 -6 -7 7 10 9 -11 -12 13 -14 -15 15 16 -18 -19 19 20 -22 -23 23 24 25 -27 -28 -29 -30 -31
leaf_value=-0.016085712600788778 0.015212983618258513 0.048746834406051598 0.043141859955501599 0.016706990336662824 -0.047370432013337231 -0.049112480510559359 0.014821379694678472 -0.037913434725756208 -0.03455568183607987 0.021872121924687373 -0.00093059180704377527 0.064529086872507094 -0.0034978404266001318 0.006203080522798993 0.018728973568277719 -0.050163322786712039 0.11498355799190343 8.3940344941935248 0.017437405223447593 -0.0071828723626569408 0.042304975775327824 -0.026799827012508756 -0.00074537077327243206 -0.032879616844162532 0.0018444682686982001 0.019549150004397931 -0.04187689513806972 -0.067645880305041914 0.0062500665294241663 0.04995529487662291
leaf_weight=11415.023472425702 17554.421722494531 8913.8333330731839 8191.9671389902942 20657.819352632156 6455.1456122984528 2477.6871643420309 38406.459534636931 11370.448815196403 8623.9522831897484 12265.8931553968 6821.0708928927779 2033.7146997544914 357017.42636656319 26705.373731812462 1103.7769510564394 7.3715580604039115 279.19547726679593 2.237265108153224 20805.377980025718 23922.967743530637 2278.9104038057849 5127.691063601058 447474.11306000338 4214.3115357179195 64487.684404876549 60251.748872196767 11107.152602503542 1956.7864331242163 63924.340795536526 6713.261257736478
leaf_count=2022384 149786 483210 137774 142597 3227770 42497 160160 213122 1633723 125125 28938 5915 3299478 201656 107289 2366 4186 91 84721 86723 6279 25753 4398940 21021 765674 756483 42406 9464 281736 35672
internal_value=0.000896116 0.00290129 0.00234756 -0.00206589 -0.0217111 -0.00128785 -0.00104298 -0.00183452 -0.000926608 -0.00241396 -0.0240464 -0.00316929 -0.00423037 0.0103305 -0.00877864 0.0511176 0.174903 1.91594 0.00188966 -0.00686449 -0.0171378 0.00869047 0.00274844 0.00143074 0.00898191 0.0103962 -0.0208003 -0.0117545 0.011361 0.0248239
internal_weight=1.25257e+06 746925 738011 505643 19262.8 486380 483902 463244 445053 406646 18191.5 394380 365641 28739.1 12807.6 1392.58 288.804 9.60882 729819 65198.9 39265.8 25933.1 664620 576428 128954 124739 36986.9 25879.8 88192 24267.7
internal_count=18502939 7285642 6802432 11217297 5364086 5853211 5810714 5668117 5426057 5265897 242060 5140772 4933201 207571 2136316 113932 6643 2457 6664658 255346 144872 110474 6409312 5942118 1543178 1522157 138593 96187 467194 185458
is_linear=0
shrinkage=0.05


Tree=119
num_leaves=31
num_cat=0
split_feature=2 6 7 6 5 1 2 1 0 4 4 0 0 11 1 11 11 10 12 11 1 1 4 0 2 9 1 11 1 2
split_gain=2736.86 7237.9 5209.38 3126.98 2501.36 3000.79 3537.72 3677.41 2287.33 2250.39 11228.2 2129.81 3324.39 2094.28 2613.94 3393.04 3870.99 3162.31 2998.44 2684.29 2492.87 2210.49 2349.63 2122.81 5226.98 5094.43 4910.29 2877.41 4409.08 2780.05
threshold=0.43650793650793657 0.94590643274853814 1.0000000180025095e-35 0.098387096774193564 0.091372912801484255 0.26393188854489169 0.30952380952380959 0.13100686498855837 0.36612436612436622 0.47856087531016561 0.48499228395061728 0.56389846743295025 0.68020295837633304 30.500000000000004 1.0000000180025095e-35 21.500000000000004 14.500000000000002 1.0000000180025095e-35 54.500000000000007 18.500000000000004 0.042109929078014148 0.30495169082125612 0.987266214824983 0.58890923890923907 0.080128205128205135 1.0000000180025095e-35 0.32200460829493094 1.0000000180025095e-35 0.52704678362573121 0.41428571428571431
decision_type=2 2 2 2 2 2 2 2 2 2 2 2 2 2 2 2 2 2 2 2 2 2 2 2 2 2 2 2 2 2
left_child=3 2 -2 4 5 6 -1 -8 -6 -7 -11 -9 -13 14 -5 16 18 21 23 -19 -17 22 -18 -16 25 26 -25 29 -29 -26
right_child=1 -3 -4 13 8 9 7 11 -10 10 -12 12 -14 -15 15 20 17 19 -20 -21 -22 -23 -24 24 27 -27 -28 28 -30 -31
leaf_value=-0.050441202290474163 0.0018005442233006456 0.048658008098723199 0.042693546784225052 0.016557188957899122 0.025507668779488558 -0.015878072215130452 -0.054566535048502229 0.27956228178200726 -0.04334921995754884 1.8025431046937865 -0.050376832974851106 -0.054653761776445542 0.31035070092549505 -0.040889293411842831 -0.0072045994940272105 -0.038128353435354444 -0.028756121372548189 0.019910625523920155 0.023236821028500422 -0.0028758561730421375 0.0010140380513199317 0.024523977899781266 0.012468595043430791 0.005044962238243412 0.011096866926832646 -0.025341598534426465 0.035531068383272371 -0.029307425287270525 -0.0016472699653623177 -0.33702493459652777
leaf_weight=379.07355555921094 728259.18109884509 8494.194173545111 7872.2175651472062 20408.765837899875 1358.8128475115518 5582.9090182695072 192.80621950258501 337.11943119415082 10729.551145030709 10.191301272483541 41.343225823133253 158.12385180569254 103.02638393454254 3305.4519293132471 206502.01201305649 10828.228159528808 11713.42076153832 48866.875550461002 10424.212253434584 17572.064280361403 6515.0918869927991 4069.6448129671626 4903.2676060013473 34592.260244252859 17103.843498793431 8277.3598596712109 21366.41774075618 24940.880801260471 34112.23354616086 57.542484086472541
leaf_count=53235 6664658 483210 137774 141050 241787 71981 3276 2275 4978337 273 9919 2457 546 52507 3403218 91364 443352 196378 110019 83902 142233 27118 13377 470834 120848 103467 114387 157521 180999 637
internal_value=0.000841002 0.00276739 0.00223786 -0.00200254 -0.0219595 0.00228935 0.0751497 0.135331 -0.0356092 -0.0128421 0.316051 0.19653 0.0893442 -0.00122603 -0.000954169 -0.00172799 -0.000881453 0.00856862 -0.0031853 0.013884 -0.0234243 -0.0085028 -0.0165915 -0.00397915 0.000763169 0.0112698 0.0166853 -0.00809215 -0.0133294 0.00992961
internal_weight=1.24908e+06 744626 736131 504453 18893 6804.59 1170.15 791.076 12088.4 5634.44 51.5345 598.27 261.15 485560 482254 461845 444502 87125.3 357377 66438.9 17343.3 20686.3 16616.7 346953 140451 64236 55958.7 76214.5 59053.1 17161.4
internal_count=18502939 7285642 6802432 11217297 5364086 143962 61789 8554 5220124 82173 10192 5278 3003 5853211 5800704 5659654 5426057 764127 4661930 280280 233597 483847 456729 4551911 1148693 688688 585221 460005 338520 121485
is_linear=0
shrinkage=0.05


Tree=120
num_leaves=31
num_cat=0
split_feature=6 5 6 4 5 6 2 12 12 6 0 4 6 1 11 5 4 6 12 4 4 12 6 5 4 6 5 1 12 4
split_gain=2689.26 5384.63 3227.55 2964.85 3343.85 3421.13 6483.34 3121.33 3076.91 3023.99 2796.51 2726.53 3191.06 2674.35 2846.18 2638.01 6276.09 4831.19 4018.74 5543.38 3706.04 3527.65 4358.24 2743.92 2987.68 2545.01 3468.32 3451.09 2844.23 2791.17
threshold=0.47722567287784684 0.68304757304998798 0.47213622291021679 0.90526678215525103 0.87108993157380266 0.91833333333333345 0.07417582417582419 1.5000000000000002 1.5000000000000002 0.70710784313725505 0.57641061423956175 0.97657880461357338 0.79057017543859665 0.16807909604519775 3.5000000000000004 0.94771018455228995 0.987266214824983 0.7633053221288516 1.0000000180025095e-35 0.97210656064751488 0.96843892137751797 1.0000000180025095e-35 0.61721611721611735 0.89893315174214061 0.94069986234841318 0.70710784313725505 0.80073529411764721 0.028174603174603189 5.5000000000000009 0.79284797486062575
decision_type=2 2 2 2 2 2 2 2 2 2 2 2 2 2 2 2 2 2 2 2 2 2 2 2 2 2 2 2 2 2
left_child=2 10 -1 8 9 7 13 15 -3 -5 -2 -9 -13 -7 -15 16 21 18 19 -17 -19 -6 -23 -24 -25 26 -10 -28 29 -29
right_child=1 3 -4 4 5 6 -8 11 25 -11 -12 12 -14 14 -16 17 -18 20 -20 -21 -22 22 23 24 -26 -27 27 28 -30 -31
leaf_value=-0.0013472607376412038 0.0028707925471433003 0.012305822781172458 -0.075965788250596106 0.0048357779246461872 -0.014971385599760198 0.010050932618921383 0.042123591545267618 -0.00084502967745786527 -0.0048513757396424322 0.021807496919021604 0.021678271388798877 0.037034013013238436 -0.015566830206521429 0.01531866813882635 -0.031540213805031657 0.061941170567097983 0.051017173345765623 0.031392448318227628 0.031646342115468511 -0.015095403042345601 -0.039245749575643238 0.011655832474076326 -0.023642327689945661 -0.0030882197528116625 -0.10075439409312635 0.0017328186711549642 0.049603268090869346 -0.13552267149422356 -0.014506762304497571 -0.039626943905161867
leaf_weight=622120.21902764449 31157.31565535441 27750.005774424411 1452.5535214981064 68450.929878966883 22292.510852262378 32573.827420718968 12886.533192303963 53066.57311976701 83929.828606164083 42568.404439629056 54055.366426826455 11060.921487935819 3899.9032979933545 4886.2433079862967 9621.4852823577821 2687.7677297499031 2849.8044047933072 2230.738344039768 11794.390216507018 17801.032147217542 11077.621631778777 2272.1696186903864 2607.9150818232447 930.51392495632172 4940.8885594718158 73736.286148020998 1503.5991015210748 809.00484221428633 16930.572192117572 12227.790130671114
leaf_count=14561365 141141 126308 9919 405223 128037 97279 558558 333242 453362 306852 339794 92092 24479 21931 29120 7280 12103 7553 82810 63336 47229 7826 13013 3367 28847 443716 3185 5915 80717 67340
internal_value=0.000799832 0.00312437 -0.00152108 0.00127275 0.00432788 0.000609907 0.0106992 -0.00343682 -0.00324192 0.0113433 0.0148015 0.00446994 0.0233223 0.00209815 -0.015758 -0.0100377 -0.0201768 -0.00205525 0.00839505 -0.00498957 -0.0274054 -0.0263168 -0.0498408 -0.0663198 -0.085276 -0.00552306 -0.0101593 -0.0243149 -0.0280237 -0.0455778
internal_weight=1.24617e+06 622600 623573 537387 320500 209481 59968.1 149513 216887 111019 85212.7 68027.4 14960.8 47081.6 14507.7 81485.4 35893.8 45591.6 32283.2 20488.8 13308.4 33044 10751.5 8479.32 5871.4 189137 115401 31471 29967.4 13036.8
internal_count=18502939 3931655 14571284 3450720 2270177 1558102 706888 851214 1180543 712075 480935 449813 116571 148330 51051 401401 193193 208208 153426 70616 54782 181090 53053 45227 32214 1054235 610519 157157 153972 73255
is_linear=0
shrinkage=0.05


Tree=121
num_leaves=31
num_cat=0
split_feature=8 2 6 7 6 4 11 2 2 11 2 9 2 5 9 1 6 5 11 1 0 1 5 4 6 5 12 11 10 2
split_gain=2622.58 2539.09 6581.24 4851.25 2490.73 2443.34 2048.98 3793.52 3114.41 2922.12 2671.93 3335.7 2769.96 3543.59 2548.1 2430.18 2278.55 2274.28 2242.75 3243.24 2230.85 2148.27 2009.16 1999.25 1934.02 3180.06 2100.23 1920.27 2040.3 4197.29
threshold=1.0000000180025095e-35 0.43650793650793657 0.94590643274853814 1.0000000180025095e-35 0.098387096774193564 0.58603698401233617 8.5000000000000018 0.61250000000000016 0.88194444444444453 13.500000000000002 0.73214285714285732 1.0000000180025095e-35 0.88194444444444453 0.42912946428571436 1.0000000180025095e-35 0.7013513513513514 0.098387096774193564 0.61170759565962318 4.5000000000000009 0.81016731016731025 0.941701680672269 0.69337606837606847 0.40930735930735934 0.55265880293930791 0.44722222222222224 0.67580080080080085 33.500000000000007 31.500000000000004 1.0000000180025095e-35 0.07417582417582419
decision_type=2 2 2 2 2 2 2 2 2 2 2 2 2 2 2 2 2 2 2 2 2 2 2 2 2 2 2 2 2 2
left_child=-1 4 3 6 5 -2 10 9 14 -8 17 21 18 22 15 -9 -15 20 -13 -20 -3 -12 -14 -6 -23 -26 -27 28 -25 -30
right_child=1 2 -4 -5 23 -7 7 8 -10 -11 11 12 13 16 -16 -17 -18 -19 19 -21 -22 24 -24 27 25 26 -28 -29 29 -31
leaf_value=-0.057029986484958717 -0.0074555284748236434 0.014596569077754945 0.048485948638708587 0.042181439529729872 0.030618013568507969 -0.047006556665762395 0.016689989792494885 -0.0043028895013052576 0.041184905031787893 -0.025372855400723895 0.040061022331458938 0.034578725554593147 0.0031562879883851656 0.12035216397905589 -0.03997877194963579 -0.044760475826949489 0.017816163513383609 0.0058471579440810186 -0.032181301235980585 -0.18219598885763744 0.048929325654063507 -0.0035389494213342262 -0.055642539022249894 -0.0036875010691398004 0.021701415614568668 0.00074976943095215521 -1.202562342892993 -0.046266222214794608 0.0018200122412415619 0.049533966563048794
leaf_weight=1959.8662836856674 12087.790527638397 17359.317510123365 7770.9435959849507 7520.2001230209135 4882.0968439972494 5768.287608517101 20575.905704549514 21397.361202858156 2210.9137495653704 5165.5360944233835 3219.6626858043019 996.36436113994569 62894.742892778479 546.88435299694538 11074.838726897258 4490.7523983858991 58364.046219138894 63449.734380001202 2854.3945047454908 412.33534649387002 6504.2284808750264 272618.93540920876 1487.190809506923 312266.47426591511 20544.908741731197 149346.21490905434 3.6262740902602664 2387.9540200853953 159054.01509196986 4746.6664664596319
leaf_count=651105 1747291 145691 483210 137774 114296 3070704 81354 76440 6279 25571 9646 7553 755027 819 42406 19747 755664 281736 10920 2548 35672 3336060 10192 4868136 124397 860769 91 41405 788151 12285
internal_value=0.000763539 0.000854736 0.00271424 0.00222902 -0.00189378 -0.0202322 0.0018149 -0.0066615 -0.0164595 0.00824924 0.00264785 0.00140686 0.00853644 0.00990653 -0.0199074 -0.011321 0.018768 0.010796 -0.031088 -0.0511166 0.0239543 -0.000633414 0.00179806 -0.0012163 -0.0009295 0.00325771 0.000720553 -0.00154113 -0.00131679 0.00320268
internal_weight=1.24396e+06 1.242e+06 740809 733038 501193 17856.1 725518 64915.3 39173.9 25741.4 660603 573289 127556 123293 36963 25888.1 58910.9 87313.3 4263.09 3266.73 23863.5 445733 64381.9 483337 442514 169895 149350 478455 476067 163801
internal_count=18502939 17851834 7209566 6726356 10642268 4817995 6588582 251797 144872 106925 6336785 5873686 1542723 1521702 138593 96187 756483 463099 21021 13468 181363 4330963 765219 5824273 4321317 985257 860860 5709977 5668572 800436
is_linear=0
shrinkage=0.05


Tree=122
num_leaves=31
num_cat=0
split_feature=8 6 5 12 12 6 5 5 4 12 5 12 4 6 6 12 5 2 11 4 4 0 5 11 6 12 5 4 5 4
split_gain=2480.03 2324.21 3571.42 3488.61 3991.13 3755.33 4857.15 2978.59 3139.93 3984.33 3836.77 5453.9 4298.56 4199.37 3803.63 4108.32 3019.02 2832.09 2804.79 10785.6 2623.03 2594.95 2849.01 2531.69 2485.2 4675.87 2459.44 3679.26 4773.68 3151.63
threshold=1.0000000180025095e-35 0.65301003344481623 0.78800719054956347 9.5000000000000018 10.500000000000002 0.86811594202898557 0.85141824993310145 0.88413424866514123 0.99222761596548015 1.5000000000000002 0.94771018455228995 1.0000000180025095e-35 0.98065871509894298 0.72474747474747481 0.7633053221288516 1.0000000180025095e-35 0.97969490826633698 0.13392857142857145 1.0000000180025095e-35 0.81711599808393987 0.79284797486062575 0.97117223134464525 0.93357843137254914 20.500000000000004 0.6858552631578948 4.5000000000000009 0.7835585585585586 0.82661732769978669 0.6564078282828284 0.85818651392118561
decision_type=2 2 2 2 2 2 2 2 2 2 2 2 2 2 2 2 2 2 2 2 2 2 2 2 2 2 2 2 2 2
left_child=-1 26 23 7 5 6 20 -4 9 10 11 21 -12 -13 15 -14 -16 -10 19 -8 -5 -9 -23 -3 25 -11 27 -2 -29 -30
right_child=1 2 3 4 -6 -7 18 8 17 24 12 13 14 -15 16 -17 -18 -19 -20 -21 -22 22 -24 -25 -26 -27 -28 28 29 -31
leaf_value=-0.056767148307181305 -0.0016061414231554863 0.017233381494630873 0.011442196359605118 -0.21558108517871757 -0.0026202527991098083 -0.0081501727617309117 -1.2949969513121977 -0.036694646842997544 0.0028071743881986117 0.034143876749414846 0.021172804620415282 -0.082606076316356247 -0.019481008616568034 -0.0066333810300894013 -0.09528199571205162 0.034925510926686186 -0.0084420786821358031 0.026171684836015383 -0.1054441291027844 -0.18638821466229649 -0.02001408115830829 0.016839256468164695 -0.031490603294827113 -0.045969498115930887 0.00037223564552632473 -0.12680087889805305 -0.0070410805157738454 0.015884916526185636 -0.01687906022638835 0.0040331474844143931
leaf_weight=1872.6971721295267 543317.65227212408 56674.466313980985 89452.016542396508 182.232276821509 27288.094343199395 4755.3076982232742 23.640236705541611 7159.0873420285061 45096.815997779369 10048.221011234447 12948.60903432779 6013.6057544350624 13207.97167192772 2607.6094600111246 2367.316503867507 4706.0947753284127 1733.8919443562627 18205.812529379735 1563.31655145064 304.97904475405812 2899.4203299880028 9012.2522595897317 4608.6826762408018 1630.0123211443424 54499.463126195595 472.50414562225342 127046.22505702078 78890.824507120997 22537.602911969647 89817.678690329194
leaf_count=651105 13452348 373100 605241 1274 172900 38311 637 77623 140231 77259 51142 34580 46319 10738 11739 31941 6734 565474 7644 3913 18200 24297 16926 6461 367640 3731 551824 586040 108017 459550
internal_value=0.000728756 0.000815654 0.00408739 0.00200864 -0.0124233 -0.0399195 -0.0702945 0.00390212 0.000401775 -0.0040627 -0.0128814 -0.0261937 -0.00168699 -0.0596271 -0.0151323 -0.0051882 -0.0585682 0.0095268 -0.133356 -0.266139 -0.0315789 -0.0123229 0.000486709 0.0154664 0.00466713 0.0269156 -0.000617657 0.000493304 0.00645769 -0.00016168
internal_weight=1.24094e+06 1.23907e+06 377461 319157 37017 9728.9 4973.59 282140 192688 129385 64365.1 29401.2 34963.9 8621.22 22015.3 17914.1 4101.21 63302.6 1891.94 328.619 3081.65 20780 13620.9 58304.5 65020.2 10520.7 861610 734564 191246 112355
internal_count=18502939 17851834 2694055 2314494 242879 69979 31668 2071615 1466374 760669 312039 164164 147875 45318 96733 78260 18473 705705 12194 4550 19474 118846 41223 379561 448630 80990 15157779 14605955 1153607 567567
is_linear=0
shrinkage=0.05


Tree=123
num_leaves=31
num_cat=0
split_feature=4 5 6 5 6 6 2 12 4 5 4 12 7 2 6 1 1 0 9 0 1 0 1 5 11 5 4 1 1 11
split_gain=2402.15 2965.18 3601.4 2919.34 2955.51 2901.6 5794.14 2839 2704.48 4033.86 2397.45 2526.28 2346.48 2317.21 4168.92 4098.16 4048.58 3243.49 2644.86 3985.39 3802.06 9786.78 3254.8 2305.42 2898.83 2263.76 2262.26 2257.76 2207.97 2154.48
threshold=0.90526678215525103 0.7835585585585586 0.56385869565217395 0.87108993157380266 0.70710784313725505 0.91833333333333345 0.23611111111111113 2.5000000000000004 0.96515942558111245 0.8287593984962407 0.94744415456745323 2.5000000000000004 1.0000000180025095e-35 0.21111111111111114 0.12060606060606062 0.71651785714285732 0.27823315118397091 0.36221132897603486 1.0000000180025095e-35 0.40071984209915251 0.28436657681940708 0.39887757026976051 0.407785336356765 0.67580080080080085 5.5000000000000009 0.77158385093167714 0.54355960646283241 0.16807909604519775 0.17902930402930409 1.5000000000000002
decision_type=2 2 2 2 2 2 2 2 2 2 2 2 2 2 2 2 2 2 2 2 2 2 2 2 2 2 2 2 2 2
left_child=1 2 13 4 8 7 27 -5 9 10 11 -2 -12 14 15 17 -15 -1 22 20 29 -22 26 -4 -25 -13 -16 -7 -29 -20
right_child=3 -3 23 5 -6 6 -8 -9 -10 -11 12 25 -14 16 18 -17 -18 -19 19 -21 21 -23 -24 24 -26 -27 -28 28 -30 -31
leaf_value=0.038824801338812547 0.023345326094413917 -0.007773919291588785 0.020649042250588126 -0.0079962837649125967 0.020713894073453268 0.0098646176669327131 0.042927027346802898 0.0061075611921925605 0.039681794836703151 -0.013093966355297049 0.037678290458179775 0.011284927027595997 -0.03562748100247505 0.028571723755206169 0.040558469462519932 0.52887225381693692 0.00018457433993558349 -0.042855829164032563 0.11321540197026572 -0.036562086791124424 0.17166240176810091 1.7581814098583342 0.032916473578934423 0.012748204742825479 -0.0082144481986658989 -0.01053756813542555 -0.0041418706509544038 -0.09568448549389115 -0.0090331608338857488 -0.011231132638440697
leaf_weight=1356.9210300119594 14962.808479587547 127556.58498108154 31000.317857458256 103558.88542458043 42034.695633800235 32545.180517170578 10820.173746877583 54435.882564259693 5362.3692009281367 27544.644378503785 10503.48707276769 22572.403447212651 1218.2607140303589 12917.881061336957 2887.3035216205753 32.379492339212447 453723.88203495694 11652.174137787079 466.20626609143801 11245.871856296901 141.09630189836025 10.439734414219854 6491.7367393979803 40483.376226098277 27828.575849220157 25097.181430368684 143834.76527592249 774.28618632256985 14549.163856312633 1369.2594913202338
leaf_count=216944 71344 672217 186004 536445 309673 97916 554008 349804 32032 146055 58968 123760 13104 352352 31304 364 5682586 5344976 4186 413868 273 91 26299 300482 104195 126854 2662023 3003 51961 29848
internal_value=0.000695958 -0.000729517 0.000475889 0.00409625 0.00947614 0.000389489 0.00988283 -0.00313691 0.00507216 0.00325085 0.00930582 0.00542174 0.0300595 -0.000886623 -0.00571461 -0.0329377 0.000970406 -0.0343361 -0.00358162 -0.0250281 0.0402512 0.280962 -0.00172932 0.00934045 0.00420855 -0.000204225 -0.00326222 0.00241356 -0.0134116 0.0203781
internal_weight=1.23898e+06 872999 745442 365979 149296 216684 58688.8 157995 107261 101899 74354.1 62632.4 11721.7 646130 179488 13041.5 466642 13009.1 166447 13232.9 1987 151.536 153214 99312.3 68312 47669.6 146722 47868.6 15323.5 1835.47
internal_count=18502939 16028012 15355795 2474927 881790 1593137 706888 886249 572117 540085 394030 321958 72072 14765114 8730176 5562284 6034938 5561920 3167892 448266 34398 364 2719626 590681 404677 250614 2693327 152880 54964 34034
is_linear=0
shrinkage=0.05


Tree=124
num_leaves=31
num_cat=0
split_feature=2 6 7 6 5 1 2 1 0 1 11 5 6 5 4 6 5 1 2 6 11 12 5 6 6 6 6 12 4 0
split_gain=2334.07 5880.48 4570.52 2471.11 2272.3 2519.99 2640.88 2634.65 2141.51 2077.99 1835.82 3460.29 2488.54 4958.84 2952.4 3993.05 3438.17 2413.21 2561.55 2371.56 2760.22 2198.55 3222.83 3742.77 4583.63 2638.38 2672.54 2937.78 2242.19 2068.52
threshold=0.43650793650793657 0.94590643274853814 1.0000000180025095e-35 0.098387096774193564 0.091372912801484255 0.26393188854489169 0.30952380952380959 0.13100686498855837 0.36612436612436622 0.9240384615384617 8.5000000000000018 0.58740079365079378 0.54772727272727284 0.74431524547803629 0.8913727434087354 0.69397993311036799 0.85770528683914526 0.28436657681940708 0.88194444444444453 0.6858552631578948 3.5000000000000004 9.5000000000000018 0.85516781083142657 0.85357142857142865 0.84807692307692317 0.7633053221288516 0.76696832579185525 10.500000000000002 0.84651154486867386 0.99772727272727291
decision_type=2 2 2 2 2 2 2 2 2 2 2 2 2 2 2 2 2 2 2 2 2 2 2 2 2 2 2 2 2 2
left_child=3 2 10 4 5 6 -1 -8 -6 -10 12 -12 -2 -14 15 19 -16 -13 -19 -15 -21 28 -23 24 25 -24 29 -28 -17 -27
right_child=1 -3 -4 -5 8 -7 7 -9 9 -11 11 17 13 14 16 21 -18 18 -20 20 -22 22 23 -25 -26 26 27 -29 -30 -31
leaf_value=-0.050408148412236731 0.00036645964141914574 0.048251015176344635 0.04167896483669857 -0.0012995491615038143 0.024371435131023741 -0.011825989591184964 -0.054411727058625951 0.156856936423732 -0.04444701822963032 0.24110515550036485 0.015670816121212398 0.030325413898216688 0.023488106547486971 -0.01992680346696302 0.019700975332743287 0.029606721634547795 0.0016045208448665976 -0.01758527565288277 0.042662721006156208 -0.17357064511458403 0.0071695193487167483 -0.00052721892381695705 -0.00055016999094220122 0.003920263187976651 -1.6421993148830891 -0.33084664565130301 -0.37797054805191665 -0.092622514598564881 -0.011502608057010394 -1.3101727482543961
leaf_weight=344.99371016677469 456822.90370735852 6942.0692525201011 7191.2304393569939 481215.62070717843 1364.0239791765343 5631.8857585698133 186.7361629079096 703.5373116384726 9602.8065435913741 64.136244329623878 13907.038023861125 3091.3216830305755 37319.69829500746 20277.934455648065 37934.674949545413 10625.298055255786 85190.14623539336 45773.779131025076 1834.9664705097675 543.74160179775208 345.43951172381639 3674.6736818449572 155.79141668975353 461.82387105748057 5.3726266697049132 11.674201294779778 155.25481948256493 215.26749761030078 4822.2489051548764 10.019707590341568
leaf_count=53235 4825184 483210 137774 5853211 241787 82173 3276 5278 4974788 3549 103012 7462 327691 110292 377013 84812 581581 140140 4732 6734 1274 37310 728 4459 182 91 1547 2184 47957 273
internal_value=0.000662344 0.00244972 0.00201439 -0.00197805 -0.0202205 0.0023592 0.0670329 0.112543 -0.0342771 -0.0425525 0.00161997 -0.00642313 0.00240901 0.00703398 0.00329947 -0.00826808 0.00718003 -0.0124835 -0.0152632 -0.0234314 -0.103355 0.00767059 -0.0223131 -0.10117 -0.188874 -0.174625 -0.243769 -0.212188 0.0167737 -0.783165
internal_weight=1.23643e+06 737312 730370 499114 17898.1 6867.15 1235.27 890.273 11031 9666.94 723179 64607.1 658572 201749 164429 41304.5 123125 50700.1 47608.7 21167.1 889.181 20137.4 4689.88 1015.2 553.38 548.008 392.216 370.522 15447.5 21.6939
internal_count=18502939 7285642 6802432 11217297 5364086 143962 61789 8554 5220124 4978337 6664658 255346 6409312 1584128 1256437 297843 958594 152334 144872 118300 8008 179543 46774 9464 5005 4823 4095 3731 132769 364
is_linear=0
shrinkage=0.05


Tree=125
num_leaves=31
num_cat=0
split_feature=8 2 6 7 10 2 11 0 6 1 9 1 2 11 0 11 6 0 12 1 0 12 2 11 2 0 11 0 0 4
split_gain=2305.97 2138.1 5582.39 4289.73 2212.86 4554.6 3099.29 2892.25 2882.96 2835.94 4815.49 3721.59 3008.67 3002.94 2854.77 2613.32 2536.28 2495.74 2456.51 2431.71 2508.03 3874.54 2315.26 2300.32 3226.4 4735.66 2666.69 2392.44 2784.39 2508.66
threshold=1.0000000180025095e-35 0.43650793650793657 0.94590643274853814 1.0000000180025095e-35 1.0000000180025095e-35 0.080128205128205135 3.5000000000000004 0.41921134421134426 0.24621212121212124 0.15849282296650721 1.0000000180025095e-35 0.32200460829493094 0.080128205128205135 9.5000000000000018 1.0000000180025095e-35 32.500000000000007 0.67333333333333345 0.32877846790890269 49.500000000000007 0.55086206896551737 0.78091908091908102 91.500000000000014 0.16025641025641027 2.5000000000000004 0.095454545454545472 0.53705684293919609 1.0000000180025095e-35 0.40071984209915251 0.44003968253968256 0.55394592768362572
decision_type=2 2 2 2 2 2 2 2 2 2 2 2 2 2 2 2 2 2 2 2 2 2 2 2 2 2 2 2 2 2
left_child=-1 4 3 -3 6 7 23 15 19 10 14 17 13 -13 16 -6 -10 -11 -15 -8 21 -21 -14 26 25 -25 27 29 -29 -2
right_child=1 2 -4 -5 5 -7 8 -9 9 11 -12 12 22 18 -16 -17 -18 -19 -20 20 -22 -23 -24 24 -26 -27 -28 28 -30 -31
leaf_value=-0.056645983742904353 0.48935288953529121 0.0016376776594267007 0.048144455142310243 0.041197537596424749 0.0027478899221180676 0.052228677539592629 -0.030501515762607224 -0.056193074716006611 -0.0028645439515930008 0.078592044681169593 -0.039759613623744562 0.0012091968984100964 -0.12540949632336726 0.046245770871856398 0.012197427433176092 -0.075912046914723585 -0.12023522535110363 -0.019370870631303203 0.22839907680751004 0.070084812184545403 -0.022706882126565756 0.7004894844176156 -0.0057407695842305109 -0.0095995578509033615 -0.012942259114579333 0.034019745472139144 -0.0080217752420317211 -0.065135767209827666 0.0082906330214990009 0.059917316888302867
leaf_weight=1754.638804564951 34.809918579820078 720918.27724112174 6617.7526908668224 6918.444200260099 161350.42928566888 4541.640759011847 20721.246211738675 2146.1604885868728 1138.4698435608298 656.86812725663185 5628.7553977346979 6528.0241287546232 409.85663118585944 4442.6955133555457 41106.383356958861 1062.8602565621259 772.65667024254799 63609.462006937247 193.13719999790192 909.4269719949225 1178.2402977659367 25.044933825731277 29201.543272232637 9140.5121704171179 9961.4338768771267 19491.39361944882 75427.718007655465 1339.6369817642844 35646.359266458778 1476.8044076113729
leaf_count=651105 1638 6588582 483210 137774 1130402 12103 4920188 33852 11466 2366 72982 28574 2912 11557 394303 20202 3640 731094 273 29120 48048 91 110110 327236 197015 282100 1726543 28392 499863 16198
internal_value=0.000632821 0.000714359 0.00242937 0.00201371 -0.00181424 0.00283436 -0.00420325 0.00147114 -0.0087139 -0.00625092 0.00372964 -0.0108731 0.000942303 0.0230621 0.00942013 0.00223313 -0.0503168 -0.0183696 0.0538346 -0.0252914 0.0258088 0.0869804 -0.00739713 0.00101727 0.0115674 0.0200946 -0.00255668 0.00815098 0.00563112 0.0698065
internal_weight=1.23435e+06 1.2326e+06 734454 727837 498142 169101 329040 164559 176522 153688 48646.3 105042 40775.3 11163.9 43017.5 162413 1911.13 64266.3 4635.83 22834 2112.71 934.472 29611.4 152519 38593.3 28631.9 113925 38497.6 36986 1511.61
internal_count=18502939 17851834 7209566 6726356 10642268 1196559 9445709 1184456 6366724 1369277 482391 886886 153426 40404 409409 1150604 15106 733460 11830 4997447 77259 29211 113022 3078985 806351 609336 2272634 546091 528255 17836
is_linear=0
shrinkage=0.05


Tree=126
num_leaves=31
num_cat=0
split_feature=8 6 5 12 12 6 5 5 4 12 5 12 4 6 6 12 6 6 2 6 5 5 5 4 0 12 6 6 12 4
split_gain=2181.02 1938.33 3057.9 3022.14 3396.82 2946.44 3489.78 2606.22 2523.7 3427.48 3483.04 4828.82 3903.1 3836.4 3392.48 3768.03 2808.3 2711.19 4490.72 2897.01 6560.33 3912.94 2708.4 2405.91 2426.07 2370.41 2341.57 2324.06 4131.8 2504.59
threshold=1.0000000180025095e-35 0.65301003344481623 0.78800719054956347 9.5000000000000018 10.500000000000002 0.86811594202898557 0.84753833736884598 0.88413424866514123 0.99222761596548015 1.5000000000000002 0.94771018455228995 1.0000000180025095e-35 0.98065871509894298 0.76696832579185525 0.7633053221288516 1.0000000180025095e-35 0.77525252525252542 0.93933823529411775 0.23611111111111113 0.86811594202898557 0.97315315315315332 0.96992311171415657 0.97969490826633698 0.92216655893126498 0.97117223134464525 1.0000000180025095e-35 0.80322580645161301 0.6858552631578948 4.5000000000000009 0.96156106909502503
decision_type=2 2 2 2 2 2 2 2 2 2 2 2 2 2 2 2 2 2 2 2 2 2 2 2 2 2 2 2 2 2
left_child=-1 -2 -3 7 5 6 -5 26 9 10 11 23 -12 -13 15 -14 -10 19 -19 -18 21 -21 -16 -9 -25 -22 -4 28 29 -11
right_child=1 2 3 4 -6 -7 -8 8 16 27 12 13 14 -15 22 -17 17 18 -20 20 25 -23 -24 24 -26 -27 -28 -29 -30 -31
leaf_value=-0.056388833925920812 -0.00062880174113467285 0.014342770098005539 0.0063172247808902489 -0.026235297325067155 -0.0024934758821879644 -0.0080712554642395542 -0.10864138418381122 0.045820746659910233 0.042955218509909354 -0.0031704744194325099 0.020609483396249437 -0.072479193665241082 -0.018237613771064198 0.011302065833829681 -0.089737869470497347 0.034255498857961066 -0.015333854070678946 0.0024795962440039192 0.042749217981765772 -5.0332028864961016 -0.22051279724590192 -1.3104402483546995 -0.0076172780028516789 -0.041925298804239258 -0.0039137036509675604 -0.0084724146402815927 0.025953661707467553 0.00026327277399605865 -0.11454522264907128 0.050788772726767475
leaf_weight=1676.4839177769609 857515.49135562708 57054.336128601339 68602.79253441561 2913.6724975612015 27237.274986449629 4731.2799027240835 2298.0569522231817 1682.304964069277 5415.7734884861857 3183.211973298341 12875.836653976701 6947.7482263166457 13175.639760005288 1700.8788873106241 2373.5448016412556 4616.4076118785888 5770.0328678805381 41794.09246724844 8297.5892194223125 0.8950166255235662 282.0249050501734 3.3396365270018578 1740.1214713491499 6295.1241183131933 12598.831188071519 247.44673151522875 19496.29794228822 54226.291449182667 496.5958493296057 6628.9392501702532
leaf_count=651105 15157779 379561 468832 18382 172900 38311 13286 4550 40495 21203 51142 38220 46319 7098 11739 31941 24752 132405 504777 91 1820 91 6734 75712 38584 1274 136409 367640 3731 56056
internal_value=0.000601949 0.000679614 0.00369015 0.00176456 -0.0116247 -0.0366381 -0.0625714 0.00355236 0.000261522 -0.00373076 -0.011929 -0.0246534 -0.00123751 -0.0560024 -0.0140788 -0.00461751 0.00856381 0.00526112 0.00915018 -0.0256427 -0.137094 -2.09727 -0.055 -0.0114767 -0.0165785 -0.121416 0.0106628 0.00440035 0.0261623 0.0332836
internal_weight=1.23188e+06 1.2302e+06 372686 315632 37180.3 9943.01 5211.73 278452 190353 128541 64006.4 29224.9 34781.6 8648.63 21905.7 17792 61811.2 56395.4 50091.7 6303.74 533.706 4.23465 4113.67 20576.3 18894 529.472 88099.1 64535 10308.7 9812.15
internal_count=18502939 17851834 2694055 2314494 242879 69979 31668 2071615 1466374 760669 312039 164164 147875 45318 96733 78260 705705 665210 637182 28028 3276 182 18473 118846 114296 3094 605241 448630 80990 77259
is_linear=0
shrinkage=0.05


Tree=127
num_leaves=31
num_cat=0
split_feature=8 1 2 2 11 2 9 5 5 11 6 5 6 1 11 1 4 6 5 4 6 5 6 0 12 4 1 1 4 5
split_gain=2063.43 1973.45 4719.82 4167.85 5807.24 4362.06 4050.78 3800.05 3732.83 2723.18 2354.78 2430.65 2082.18 2038.9 4078.72 3889.53 2804.36 2025.24 4381.37 2326.39 2517.07 2297.34 2220.63 3308.86 2153.99 2106.07 3009.19 2304.54 2051.58 2510.52
threshold=1.0000000180025095e-35 0.71010186757215632 0.88194444444444453 0.73214285714285732 4.5000000000000009 0.88194444444444453 1.0000000180025095e-35 0.42912946428571436 0.54915769124551239 2.5000000000000004 0.44722222222222224 0.67580080080080085 0.93541666666666679 1.0000000180025095e-35 21.500000000000004 0.032795698924731172 0.91105120100449632 0.10435571687840291 0.091372912801484255 0.65252482798908107 0.43167701863354041 0.73363914373088701 0.73798627002288331 0.30349511599511608 7.5000000000000009 1.0000000180025095e-35 0.6478537360890303 0.18274582560296845 0.96843892137751797 0.83398950131233607
decision_type=2 2 2 2 2 2 2 2 2 2 2 2 2 2 2 2 2 2 2 2 2 2 2 2 2 2 2 2 2 2
left_child=-1 2 13 8 6 -6 9 -8 -3 10 -5 -12 -13 -2 15 -15 -16 18 25 24 -21 -22 23 -23 -19 27 -27 -17 29 -25
right_child=1 3 -4 4 5 -7 7 -9 -10 -11 11 12 -14 14 16 17 -18 19 -20 20 21 22 -24 28 -26 26 -28 -29 -30 -31
leaf_value=-0.056138743043462204 0.013293130696095154 0.03455177541823843 0.05380751910988564 -0.0035781433741006517 -0.038808360911344153 0.041516632601777709 0.0015668247660942014 0.019050911848929167 0.0074383675548152757 0.034872035047425982 0.0209023474727358 0.0010969748223430794 0.050136726813925184 0.013763824692389457 -0.037952979395652169 0.084858719990574968 0.0010862432961129876 -0.027380317477939165 -0.039355039807195902 -0.0097989843329465958 0.0057226337560424348 0.059664884091357485 0.00079366359144502025 -0.0064975117978480967 0.013662706467527545 0.08876550743439926 0.6416350154342001 -0.0048774684660778033 0.0079160054911186477 -0.023526410960546779
leaf_weight=1601.6462420530152 21509.368933476508 17109.532713918132 3839.1905092233792 266782.61695211986 13680.385601391084 1928.4204977217596 64497.736074156128 59975.734414007515 49192.503267408116 5454.8738301573321 18894.399425361305 143122.4029360055 2197.7597692012787 38429.689455351792 13249.077074596076 788.58114990079775 7046.8254790930077 3526.4342014308786 11049.463796368917 106787.90149461885 92487.448675002903 1738.2342867329717 134265.60196734779 61202.094532480463 34190.927983404021 260.39306740928441 27.180994319496676 7716.6839370424859 14111.843382962048 33485.667906533927
leaf_count=651105 245336 136500 14560 3309033 74438 8190 766493 943033 395486 32851 124488 868413 216034 221585 442442 21840 34307 330785 4985981 2275637 422513 4368 554463 266539 791154 25753 455 84084 66430 188643
internal_value=0.000576295 0.000650234 -0.00144916 0.00256307 0.00119778 -0.0288845 0.00203487 0.00999128 0.0144351 -0.000234244 -0.000678564 0.00403209 0.00183863 -0.00181375 -0.00239362 -0.00156667 -0.0243984 -0.00274112 -0.0183959 -0.00209639 -0.00310895 -0.000990849 -0.00352722 -0.00877562 0.00982534 0.00794218 0.141022 0.00344259 -0.00986906 -0.0125197
internal_weight=1.23015e+06 1.22855e+06 585713 642836 576534 15608.8 560926 124473 66302 436452 430997 164215 145320 581873 560364 540068 20295.9 501638 19842.3 481796 444079 337291 244803 110538 37717.4 8792.84 287.574 8505.27 108800 94687.8
internal_count=18502939 17851834 10976875 6874959 6342973 82628 6260345 1709526 531986 4550819 4517968 1208935 1084447 10962315 10716979 10240230 476749 10018645 5118113 4900532 3778593 1502956 1080443 525980 1121939 132132 26208 105924 521612 455182
is_linear=0
shrinkage=0.05


Tree=128
num_leaves=31
num_cat=0
split_feature=4 5 4 5 6 4 6 6 4 5 4 2 12 6 5 5 1 6 4 4 11 12 5 2 0 12 6 1 12 0
split_gain=1964.96 2687.4 5229.35 3384.02 2961.67 2895.56 3777.45 3516.61 2901.69 3052.21 2870.28 2837.5 2789.5 3086.23 2654.66 2461.89 2429.98 2366.72 2356.31 2305.85 2293.78 2154.34 2850.94 2133.09 2983.1 2125.82 2046.55 2082.47 14786.7 16023.1
threshold=0.90526678215525103 0.73363914373088701 0.82142483952828793 0.61170759565962318 0.6132478632478634 0.76080849281877538 0.3585714285714286 0.09232954545454547 0.65350836971321902 0.54915769124551239 0.69804274383078746 0.26136363636363641 8.5000000000000018 0.21132376395534294 0.77158385093167714 0.24725141959647221 0.065942028985507231 0.56385869565217395 0.71518551646458628 0.82408041603247095 1.0000000180025095e-35 7.5000000000000009 0.41202270381836947 0.38750000000000007 0.99772727272727291 22.500000000000004 0.17752100840336138 1.0000000180025095e-35 1.5000000000000002 0.42424242424242425
decision_type=2 2 2 2 2 2 2 2 2 2 2 2 2 2 2 2 2 2 2 2 2 2 2 2 2 2 2 2 2 2
left_child=1 2 5 11 -5 6 8 -7 12 10 26 -4 15 -14 -2 -1 -15 21 -8 -3 -20 -9 -23 -12 -25 -16 -10 28 29 -28
right_child=14 19 3 4 -6 7 18 17 9 -11 23 -13 13 16 25 -17 -18 -19 20 -21 -22 22 -24 24 -26 -27 27 -29 -30 -31
leaf_value=-0.0334342470550874 0.016499919182421292 0.0021413818495158534 0.0066540122077460061 -0.0027390499925383869 0.017999110824510476 0.11900704478392442 0.018272478408042591 -0.0066065365491485492 -0.022451459249995493 0.011695379549483111 -0.043014314310217627 0.02823141247785332 -0.000243264071089326 -0.0070058857855889028 0.0022560210065389521 -0.0017827192380374442 0.024935287860612165 0.0071603985327566679 0.015349492860926787 -0.0094513737829011318 -0.0076746573310419071 0.041700918602550097 -0.031207084823513066 0.040116913905473228 -0.025832209107308508 -0.43777052362579338 0.54630628339108933 -0.0040906899501699581 0.021488473248070676 3.3460985778753507
leaf_weight=10950.817442959989 36170.308334099595 62384.165885897353 28817.918966035242 64912.735306752846 23430.364137419499 510.87970869394485 39379.158931312151 23943.852598953876 17088.911193513894 14114.720726985484 12070.327325855265 32328.546062620357 217000.18374243274 8045.6591313863173 324217.63456700672 13994.863222525106 22908.67052983446 12087.863251620904 18024.198159022257 137297.14214956341 27054.677386191674 1416.6648523343029 25051.736297462019 2164.2511502436828 8255.1760036698543 27.450200408697128 62.916645966470242 42001.218567399541 1421.5748352631927 5.5619130264967671
leaf_count=2399215 211120 317135 360633 343616 153426 11284 216580 190190 1786603 145873 637819 192738 6055777 32214 2263534 1054872 179088 62244 96824 740558 188552 11284 188825 7280 50869 273 364 588497 15470 182
internal_value=0.000549297 -0.000740913 0.000782394 0.00901977 0.00276113 -0.00159688 -0.000204429 -0.0116416 -0.0023819 -0.00980094 -0.0134535 0.0180621 0.00026016 0.00186356 0.00365199 -0.0156773 0.0166331 -0.0127095 0.00933697 -0.00582958 0.00153125 -0.017474 -0.0273048 -0.0287074 -0.0121337 0.00221877 -0.00779058 -0.00202993 0.0560584 0.773709
internal_weight=1.22714e+06 866725 667043 149490 88343.1 517554 454543 63011 370085 97184.7 83069.9 61146.5 272900 247955 360415 24945.7 30954.3 62500.1 84458 199681 45078.9 50412.3 26468.4 22489.8 10419.4 324245 60580.2 43491.3 1490.05 68.4786
internal_count=18502939 16028012 14970319 1050413 497042 13919906 13456079 463827 12954123 3232957 3087084 553371 9721166 6267079 2474927 3454087 211302 452543 501956 1057693 285376 390299 200109 695968 58149 2263807 2391116 604513 16016 546
is_linear=0
shrinkage=0.05


Tree=129
num_leaves=31
num_cat=0
split_feature=8 11 6 5 12 4 6 6 2 7 5 4 7 5 7 6 12 1 6 5 4 6 5 2 4 12 11 12 4 4
split_gain=1947.28 1903.45 1680.71 2799.43 2638.14 2407.86 2605.59 2409.06 4038.06 2322.01 2155.2 6968.21 3721.03 2749.46 3168.3 2744.81 3416.59 2611.81 2459.39 2569.7 2466.2 5394.89 3285.64 3232.27 2401.38 5697.65 5601.96 2898.55 4452.26 2837.14
threshold=1.0000000180025095e-35 30.500000000000004 0.65301003344481623 0.87108993157380266 9.5000000000000018 0.99222761596548015 0.77525252525252542 0.93933823529411775 0.23611111111111113 1.0000000180025095e-35 0.6564078282828284 0.81711599808393987 1.0000000180025095e-35 0.45665593129361254 1.0000000180025095e-35 0.62731481481481499 2.5000000000000004 0.077935222672064777 0.64495798319327746 0.61170759565962318 0.69804274383078746 0.30151515151515157 0.58740079365079378 0.38750000000000007 0.94389916592433776 3.5000000000000004 28.500000000000004 3.5000000000000004 0.78710929072559799 0.97210656064751488
decision_type=2 2 2 2 2 2 2 2 2 2 2 2 2 2 2 2 2 2 2 2 2 2 2 2 2 2 2 2 2 2
left_child=-1 2 10 4 -4 9 -7 -8 -9 -5 11 18 15 14 -13 24 -17 -14 20 -20 21 -2 23 -22 27 29 -27 28 -12 -26
right_child=1 -3 3 5 -6 6 7 8 -10 -11 12 13 17 -15 -16 16 -18 -19 19 -21 22 -23 -24 -25 25 26 -28 -29 -30 -31
leaf_value=-0.055903423342276985 -0.0016059477633827833 -0.037971862606309296 0.013235197767868407 -0.0047579693926938331 -0.00044284826485721735 0.041920153156142878 -0.023926732493687708 0.0025672172813489599 0.042082973899051065 0.030559283885498709 0.02789129742805993 0.042462102591340478 0.12450539982915652 0.010246714867571364 -0.026741108483018691 0.0096393298499842933 -0.042559398652967727 0.021416553736203364 0.62568570724596828 0.10294875553119981 -0.02684674874803384 0.016577161835156156 0.0033840750237401872 -0.0041620092758680371 -0.019348502465030792 0.030429054071760438 0.84856863339509381 -0.0090256143502753846 -0.0033260867764912162 0.020834516724920069
leaf_weight=1527.2891223803163 313817.73546799022 3191.8363678096794 103418.52025814075 145801.00332718343 53483.588902251329 5226.2686546035111 6374.5577384531498 41323.087496576831 7664.1193123694975 4807.4938545739278 14321.960638959426 13139.246763210976 673.63156698644161 72227.097751100082 1892.0849604069954 4586.9662419827655 9902.1632435014471 6988.8941345745698 27.781507849693298 152.91316719353199 30372.262703271641 46888.020800773054 38797.099747327622 32512.200932044303 15858.642206922174 15259.734554491006 20.951790034770966 172324.4412187431 56399.964852338657 6075.6465829517692
leaf_count=651105 11308115 84539 715351 875147 349713 40495 28028 131404 503139 42224 66521 105742 1456 440804 166166 21385 55601 63154 91 273 914914 273091 252343 143598 62153 66430 91 853762 262626 23478
internal_value=0.000519172 0.000589602 0.000690461 0.00351388 0.00857273 -0.000244442 0.00817287 0.00498705 0.00874951 -0.00363063 -0.000529028 0.00133572 -0.00391938 0.0142956 0.0337511 -0.00481364 -0.0260343 0.0304793 -0.00110903 0.183319 -0.0011811 0.000757669 -0.00805869 -0.0151184 -0.00371655 0.00811126 0.0315508 -0.00552762 0.00299577 -0.00821808
internal_weight=1.22506e+06 1.22353e+06 1.22034e+06 368099 156902 211197 60588 55361.8 48987.2 150608 852239 549826 302413 87258.4 15031.3 294750 14489.1 7662.53 462568 180.695 462387 360706 101682 62884.5 280261 37215 15280.7 243046 70721.9 21934.3
internal_count=18502939 17851834 17767295 2685501 1065064 1620437 703066 662571 634543 917371 15081794 13605137 1476657 712712 271908 1412047 76986 64610 12892425 364 12892061 11581206 1310855 1058512 1335061 152152 66521 1182909 329147 85631
is_linear=0
shrinkage=0.05


Tree=130
num_leaves=31
num_cat=0
split_feature=2 6 7 10 2 0 11 6 1 9 1 2 11 0 11 1 2 6 0 4 0 0 2 11 2 0 11 9 5 6
split_gain=1872.14 4801.39 3913.95 2092.89 4253.55 3024.53 2716.96 2663.59 2521.93 4363.6 3394.39 2720.8 2738.45 2617.79 2334.17 2259.11 2232.51 2232.33 2216.13 2193.02 2641.33 2176.8 2129.31 2104.79 2873.58 4429.33 2310.44 2165.96 2481.46 2172.55
threshold=0.43650793650793657 0.94590643274853814 1.0000000180025095e-35 1.0000000180025095e-35 0.07417582417582419 0.41921134421134426 3.5000000000000004 0.24621212121212124 0.15849282296650721 1.0000000180025095e-35 0.32200460829493094 0.080128205128205135 9.5000000000000018 1.0000000180025095e-35 32.500000000000007 0.55086206896551737 0.19090909090909094 0.67333333333333345 0.32877846790890269 0.98400956937799056 0.30349511599511608 0.78091908091908102 0.16025641025641027 2.5000000000000004 0.095454545454545472 0.53705684293919609 1.0000000180025095e-35 1.0000000180025095e-35 0.25076687116564422 0.28801843317972359
decision_type=2 2 2 2 2 2 2 2 2 2 2 2 2 2 2 2 2 2 2 2 2 2 2 2 2 2 2 2 2 2
left_child=3 2 -2 6 5 14 23 15 9 13 18 12 -12 17 -5 -8 -11 -9 -10 20 -15 -17 -13 26 25 -25 -1 -27 29 -29
right_child=1 -3 -4 4 -6 -7 7 8 10 16 11 22 -14 19 -16 21 -18 -19 -20 -21 -22 -23 -24 24 -26 27 -28 28 -30 -31
leaf_value=0.0072793219421562376 0.0013948974327707892 0.047790911964620597 0.040424960256998939 0.0025408348366178076 0.049991702360271298 -0.06109473947415435 -0.029796004283036304 -0.0037377460641162849 0.07474068913536161 -0.057662865251876555 0.0010837328878169352 -0.12170697518344349 0.051579829722711329 0.083331748601694899 -0.074280657003234177 0.080026718003215647 0.014028835467232284 -0.11340723863877106 -0.018641698844102939 0.029154603039511763 0.00099147819219106109 -0.021617715031199129 -0.0055487710399413732 -0.0097966755080097015 -0.012320724329803003 0.036827740462747359 -0.0078352399442094961 -0.050321994225787758 -0.045752383849215851 0.59325533891265381
leaf_weight=38115.608209220052 717103.54419981816 5705.9323646398261 6481.3288856516592 159925.21496521833 4616.5108292185469 1918.0139858225011 20125.86379158881 1140.8341347882524 641.81774940434843 4056.1498638759367 6499.6737385587767 399.95359364524484 4574.6052958546206 1009.1068907803856 994.94873433862813 962.48484540369827 1482.9264371171594 782.11721736937761 62950.361122253118 12168.85932912305 27956.884014388546 1163.4515662394697 29085.694883377291 9150.5003829960478 9966.5703910302254 18100.558357619564 75103.752536792541 23.82839654473355 1204.8790890448727 29.161075472831726
leaf_count=571753 6664658 483210 137774 1150786 12740 35217 5316220 11466 2366 69433 28574 2912 11830 5369 20293 29211 3549 3640 731094 25116 363818 48139 110110 346255 210028 254254 1813539 8827 30667 91
internal_value=0.000494763 0.00210476 0.0017445 -0.00188135 0.00266367 0.00132191 -0.004211 -0.00845627 -0.00610189 0.00330351 -0.0104904 0.00081199 0.0219429 0.0086773 0.00206586 -0.0246181 -0.0384695 -0.0483433 -0.0176992 0.0113429 0.00386002 0.0244002 -0.00712438 0.000686493 0.0107897 0.0188689 -0.00274688 0.0324188 -0.0310249 0.30385
internal_weight=1.22344e+06 729291 723585 494150 167455 162838 326696 175001 152749 48596.9 104152 40559.9 11074.3 43057.8 160920 22251.8 5539.08 1922.95 63592.2 41134.9 28966 2125.94 29485.6 151695 38475.5 28508.9 113219 19358.4 1257.87 52.9895
internal_count=18502939 7285642 6802432 11217297 1219036 1206296 9998261 6762847 1369277 482391 886886 153426 40404 409409 1171079 5393570 72982 15106 733460 394303 369187 77350 113022 3235414 850122 640094 2385292 293839 39585 8918
is_linear=0
shrinkage=0.05


Tree=131
num_leaves=31
num_cat=0
split_feature=8 11 11 1 1 11 1 0 11 0 0 11 11 4 11 7 1 6 4 0 2 1 1 11 6 1 12 6 2 1
split_gain=1831.64 1748.3 3671 2212.58 2340.93 2185.28 3242.58 5379.85 2764.6 2710.82 2569.15 2253.32 2375.28 2132.01 2874.27 2116 2005.71 1973.01 1966.51 1850.25 1767.04 1881.89 3534.39 2658.67 2214.01 1895.65 2723.89 1716.43 3358.87 4790.01
threshold=1.0000000180025095e-35 8.5000000000000018 11.500000000000002 0.68042553191489363 0.075961538461538428 18.500000000000004 0.059714795008912643 0.61761982570806107 13.500000000000002 0.44787770708823343 0.30349511599511608 20.500000000000004 30.500000000000004 0.89951013682213132 21.500000000000004 1.0000000180025095e-35 0.061553030303030283 0.77097902097902116 0.8913727434087354 0.76723623598623614 1.0000000180025095e-35 0.26975051975051983 0.27361853832442073 12.500000000000002 0.47722567287784684 0.16172624237140368 9.5000000000000018 0.19677419354838713 0.30952380952380959 0.97100840336134464
decision_type=2 2 2 2 2 2 2 2 2 2 2 2 2 2 2 2 2 2 2 2 2 2 2 2 2 2 2 2 2 2
left_child=-1 27 3 4 16 6 8 20 9 -4 11 17 -13 14 -12 -15 -3 -7 -18 -5 21 25 23 24 -23 26 -8 28 -2 -30
right_child=1 2 5 19 -6 10 7 -9 -10 -11 13 12 -14 15 -16 -17 18 -19 -20 -21 -22 22 -24 -25 -26 -27 -28 -29 29 -31
leaf_value=-0.055714249951346662 -0.02284737911341618 -0.019667094376753499 -0.015670943874766356 0.030351561314695796 -0.0047622966517844052 -0.025897539214144467 0.0024340521652632041 0.01474229263959001 0.016939492357466317 0.20257588792257364 -0.0066974877202303053 0.035138546495041091 -0.053022201544771802 -0.0036228516107180012 -0.038957833688191751 0.056613098560570778 -0.054347124764868582 -0.2298192097624624 -0.19975661386122578 -0.040811615384015426 0.0052426367537820838 -0.050383302444269785 0.012625622549152664 0.18541259116335407 1.101164807372474 -0.041175461067117704 -0.04249315234422868 0.0027680634429308472 0.021246476324740825 -0.0029778917500065151
leaf_weight=1448.8451040592045 18106.21015073813 11530.604642598308 9303.3248757773545 1019.5690661773551 72480.041288168461 746.01030825683847 9462.4988257567165 23561.291234761593 55140.549956233473 144.4902074142592 16291.28630483069 7123.1503514649812 855.81324477423914 13537.360518046655 11983.040447351988 1633.927740899846 1619.7372352054808 141.04146774113178 271.48686242848635 8771.3127987907501 7446.510342389869 5.6016914263018434 1181.4955156462383 78.374380533525255 16.377553060650826 10794.950562208192 5243.0976385782124 714042.56401484646 22804.012912639999 194110.61078949599
leaf_count=651105 3958227 112567 79716 2730 1353261 8281 223587 283374 322049 3549 355446 43043 12194 64610 433615 7007 39949 1001 2002 38311 186823 1183 34580 2366 91 598325 248339 5167890 636363 3631355
internal_value=0.000470898 0.000537652 -0.00300929 -0.010881 -0.00831419 0.0013027 0.00495894 -0.00364531 0.0126576 -0.0123332 -0.00725078 0.0172779 0.0256825 -0.0122564 -0.0203699 0.00286448 -0.027495 -0.0583211 -0.0752208 -0.0334011 -0.0163023 -0.0222926 0.0368225 0.3217 0.807678 -0.0252642 -0.0135842 0.00154816 -0.00215817 -0.000431209
internal_weight=1.2209e+06 1.21945e+06 270383 95692.8 85901.9 174690 122379 57790.2 64588.4 9447.82 52311.6 8866.02 7978.96 43445.6 28274.3 15171.3 13421.8 887.052 1891.22 9790.88 34228.9 26782.4 1281.85 100.354 21.9792 25500.5 14705.6 949063 235021 216915
internal_count=18502939 17851834 4457999 1548820 1507779 2909179 1983982 1578668 405314 83265 925197 64519 55237 860678 789061 71617 154518 9282 41951 41041 1295294 1108471 38220 3640 1274 1070251 471926 13393835 8225945 4267718
is_linear=0
shrinkage=0.05


Tree=132
num_leaves=31
num_cat=0
split_feature=8 2 6 7 10 2 0 0 2 1 9 9 5 0 6 2 0 11 1 4 6 5 0 1 4 1 0 11 11 12
split_gain=1733.47 1687.79 4546.81 3665.07 1859.6 3966.85 2400.4 2341.06 4350.29 4125.3 3547.5 3140.53 3282.99 3161.55 3085.56 5014.52 2906.43 2721.15 2823.21 2695.97 2476.05 3372.14 3167.2 2459.86 2245.52 2214.63 2180.07 2122.04 2102.15 2025.37
threshold=1.0000000180025095e-35 0.43650793650793657 0.94590643274853814 1.0000000180025095e-35 1.0000000180025095e-35 0.080128205128205135 0.41921134421134426 0.59045214045214056 0.066964285714285726 0.36939571150097472 1.0000000180025095e-35 1.0000000180025095e-35 0.70283649986620289 0.60530044298160257 0.267948717948718 0.30952380952380959 0.73320234348314062 1.0000000180025095e-35 0.95346320346320357 0.873084964458955 0.19677419354838713 0.32701294033069739 0.62333546462063105 0.25962962962962971 0.62047298524455419 0.52704678362573121 0.98480769230769238 3.5000000000000004 32.500000000000007 75.500000000000014
decision_type=2 2 2 2 2 2 2 2 2 2 2 2 2 2 2 2 2 2 2 2 2 2 2 2 2 2 2 2 2 2
left_child=-1 4 3 -3 7 6 28 14 9 16 24 17 13 -13 15 -2 20 -10 25 -14 -9 22 -22 -17 -11 -19 -20 -23 -6 -12
right_child=1 2 -4 -5 5 -7 -8 8 11 10 29 12 19 -15 -16 23 -18 18 26 -21 21 27 -24 -25 -26 -27 -28 -29 -30 -31
leaf_value=-0.055483024506808531 -0.033875754157585987 0.0013653300294740925 0.04765653151366861 0.03988297627121741 0.0024218879257585329 0.050312294336100551 -0.052530172892145323 -0.05114849361577465 0.006914770271520175 0.11626004533391184 -0.016561271623181988 0.12680937883027968 -0.035812200076266447 0.016381239203155391 -0.0053676658048532099 0.059911719131589596 0.041953092348731291 -0.034466095826384317 -2.4175432791560887 0.0022566392907952416 -0.054645603624901867 0.009707196582590092 0.12581215010890176 -0.064912255812333439 0.034384341775214412 -0.010318666629771954 -0.51088537286907687 -0.013644854301691479 -0.072458353073968057 -1.1734778227737384
leaf_weight=1383.7830465389416 19980.765274607285 714897.02507735835 5422.1275777148549 6229.7558863051236 159271.61183898326 4235.0820969722699 2045.3073835925898 2403.1547933580005 10833.871543378104 885.01707573613385 3314.767221780261 676.35717510909308 6447.358433643356 15546.375705925806 146423.39254302019 2267.8705552686006 4156.703051498509 17344.387681233289 1.8431505355983944 16688.813073362689 324.61264218576252 20199.858788400888 968.81681829644367 477.85229784098919 15572.91883899254 20981.153233016375 8.0344725772738457 18766.697666669497 942.82871297991369 3.7873624786734572
leaf_count=651105 5242692 6588582 483210 137774 1130402 12103 33852 658840 111566 8099 23114 14287 28756 227318 1291563 92456 19838 881426 91 125125 19201 110019 10101 38220 86177 267904 91 188643 20202 182
internal_value=0.000447335 0.000510913 0.00204106 0.00169808 -0.00175436 0.00254097 0.00129411 -0.00395975 0.000476494 0.0101304 0.029278 -0.00678579 0.00374004 0.0209852 -0.00802816 -0.0251693 0.0020426 -0.0152115 -0.0214645 -0.00835201 -0.00184591 0.00109701 0.0805226 0.038188 0.0387872 -0.0212467 -0.866665 -0.00153939 0.00198123 -0.0178816
internal_weight=1.2187e+06 1.21732e+06 726549 721127 490769 166495 162260 324274 155125 66596.3 19776.5 88528.2 39358.9 16222.7 169150 22726.5 46819.8 49169.3 38335.4 23136.2 42663.1 40260 1293.43 2745.72 16457.9 38325.5 9.87762 38966.6 160214 3318.55
internal_count=18502939 17851834 7209566 6726356 10642268 1196559 1184456 9445709 2780778 1124214 117572 1656564 395486 241605 6664931 5373368 1006642 1261078 1149512 153881 986804 327964 29302 130676 94276 1149330 182 298662 1150604 23296
is_linear=0
shrinkage=0.05


Tree=133
num_leaves=31
num_cat=0
split_feature=4 5 5 4 12 4 6 4 6 2 1 5 5 4 5 0 1 12 6 12 12 6 4 6 4 12 6 6 4 5
split_gain=1650.69 3293.77 2133.74 5223.31 3389.44 6485.55 3208.68 4305.51 3341.45 2574.75 2453.37 2415.2 2389.41 2424.61 2177.99 2151.36 2264.16 2146.61 2870.73 2807.99 2744.96 2132.56 2054.77 2021.88 2012.68 3923.69 3381.49 2526.05 10362.6 2306.78
threshold=0.86957066531369953 0.73363914373088701 0.64204028589993511 0.81711599808393987 7.5000000000000009 0.8360457913643361 0.47722567287784684 0.69804274383078746 0.30151515151515157 0.38750000000000007 0.46247654784240155 0.39489928525016249 0.57962779973649547 0.82142483952828793 0.54915769124551239 0.41475260532754815 0.29217479674796754 13.500000000000002 0.27429467084639503 1.5000000000000002 26.500000000000004 0.09232954545454547 0.80468074283614099 0.79057017543859665 0.62222401070961475 55.500000000000007 0.087595907928388769 0.048809523809523817 0.48499228395061728 0.34839972761321081
decision_type=2 2 2 2 2 2 2 2 2 2 2 2 2 2 2 2 2 2 2 2 2 2 2 2 2 2 2 2 2 2
left_child=2 -2 3 6 5 -4 7 8 24 14 -11 -10 -5 -14 -9 16 17 18 19 -16 -19 -12 -21 -7 27 26 -26 28 -1 -27
right_child=1 -3 4 12 -6 23 -8 9 11 10 21 -13 13 -15 15 -17 -18 20 -20 22 -22 -23 -24 -25 25 29 -28 -29 -30 -31
leaf_value=0.0015565478663762903 0.012424281439401089 0.00094974331232870735 0.0081963509360211666 0.02130729385734912 -0.012966238542555207 -0.022472058519640653 0.016337305699437622 -0.033639750049701329 0.03229130335608639 0.046668626912603109 0.074680932632890759 0.005651255582720143 -0.082369193742324154 0.0039900540923313308 0.34995247661199086 -0.029989078458677598 0.36527563914311184 0.056983959897204187 -0.038452005451448223 -0.054804695391667595 -0.033606357356416892 -0.0093333429903707729 0.29895251872400003 0.013478641011710547 -0.043110043564580154 0.041996447078389967 -0.0080835196352758761 0.0083120038187064395 -0.041406849544206085 -0.017173190465397552
leaf_weight=133730.19501866479 73241.278467679629 428070.28282106668 77982.338892726228 40678.408073680243 86366.086601308547 30134.53879765328 24480.992591089569 20468.109008928994 11995.370059579145 2197.7962260916829 770.78819875884801 29263.788291261066 847.29281389852986 19943.058139518835 93.165377103257924 6003.1314949723892 44.640785992145538 3008.4305993868038 2890.7632141010836 181.0454201051034 1158.1063094530255 37658.680215941742 53.083667814731598 4494.1959074260667 7593.6695330316434 5790.8406195157731 74417.574985808751 74627.925064316631 15680.732797468343 2302.0141061359318
leaf_count=703430 449267 2862223 408408 445809 473200 150696 127946 798980 67431 5005 19474 182455 7189 111566 1092 165074 91 15470 21203 4186 5005 138411 273 28938 2075164 66612 2467829 2519153 4163341 18018
internal_value=0.000426473 0.00262617 -0.00111612 0.000580402 -0.00551461 0.000200346 -0.00127002 -0.00227262 1.8686e-05 -0.0131992 -0.00470989 0.0133964 0.0142598 0.000470557 -0.023373 -0.00772868 0.0102586 0.00811253 -0.0225617 0.117786 0.031804 -0.00764825 0.025402 -0.0178063 -0.00173832 -0.00804911 -0.0113267 0.000799751 -0.00295248 0.0251656
internal_weight=1.21617e+06 501312 714857 515880 198977 112611 454411 429930 355402 74527.7 40627.3 41259.2 61468.8 20790.4 33900.5 13432.4 7429.24 7384.59 3218.06 327.294 4166.54 38429.5 234.129 34628.7 314143 90104.1 82011.2 224039 149411 8092.85
internal_count=18502939 3311490 15191449 14130207 1061242 588042 13565643 13437697 12263433 1174264 162890 249886 564564 118755 1011374 212394 47320 47229 26754 5551 20475 157885 4459 179634 12013547 4627623 4542993 7385924 4866771 84630
is_linear=0
shrinkage=0.05


Tree=134
num_leaves=31
num_cat=0
split_feature=8 0 2 9 11 5 2 5 5 2 12 4 5 2 11 11 0 12 1 5 6 6 2 1 0 1 11 1 4 6
split_gain=1628.8 1578.88 3752.7 3306.78 3604.66 2669.8 2601.79 6070.24 2055.76 5867.05 2038.13 12545.9 6154.35 2004.06 2187.65 3304.32 2008.64 2873.05 3032.31 1994.88 1947.72 1938.69 1812.8 1761.78 1879.38 1683.95 3352 3176.11 2376.47 2002.54
threshold=1.0000000180025095e-35 0.93135579017931969 0.88194444444444453 1.0000000180025095e-35 5.5000000000000009 0.42912946428571436 0.78888888888888908 0.43427698032961198 0.40930735930735934 0.47222222222222227 1.5000000000000002 0.58206723689603412 0.27798663324979123 0.73214285714285732 10.500000000000002 7.5000000000000009 0.90639936576637359 7.5000000000000009 0.65751879699248128 0.90336728919071885 0.098387096774193564 0.93541666666666679 0.73214285714285732 0.76095238095238105 0.87914377289377299 1.0000000180025095e-35 21.500000000000004 0.032795698924731172 0.91105120100449632 0.10435571687840291
decision_type=2 2 2 2 2 2 2 2 2 2 2 2 2 2 2 2 2 2 2 2 2 2 2 2 2 2 2 2 2 2
left_child=-1 2 13 6 5 8 7 10 22 -10 11 12 -3 23 15 16 -15 18 -18 -19 -7 -8 -5 25 -25 -2 27 -27 -28 -29
right_child=1 3 -4 4 -6 20 21 -9 9 -11 -12 -13 -14 14 -16 -17 17 19 -20 -21 -22 -23 -24 24 -26 26 28 29 -30 -31
leaf_value=-0.05531699594559443 0.012168788129954686 -0.050238531018059002 0.045901380400732106 0.045642079325667273 -0.0467818678564631 0.10979484377792198 -0.0010541083120138245 0.0037677567382088518 -1.7585368564905712 -0.047737675602511298 0.051710836894970025 0.060125964179612183 1.5232626452929181 0.025156806037214308 0.020474068939405482 -0.042697846627441631 -0.88487402439440699 -0.15241443682563124 0.0021824779240078173 -1.4337284607871079 0.016278005193684077 0.050120137527618361 0.0027068382832661341 0.034130332377215404 -0.0010349769612410908 0.012575185016413373 -0.035403699050288832 -0.018320058123778137 0.00090189029953298904 -0.0018246846366931182
leaf_weight=1310.0394186286721 21342.230245349696 8.3866358515806478 4173.8595076163765 2559.4925535509828 2833.3388280018698 561.30236531794071 430412.33907336253 30804.111485798378 5.0273311827331773 1584.8164894878864 6115.5343109363457 215.64017661474645 23.990302450954914 3872.5969159696251 3101.7233397038653 9966.0002633358818 9.7097605438902956 369.74815084948204 1236.2848962591961 3.0628693290054789 69188.263786965748 1858.7322446098551 62276.193912539165 7217.4825902606826 8023.1162846644875 37783.732429847936 12617.640522774542 19151.308488030103 7012.4221108760685 468435.89066385443
leaf_count=651105 245336 1911 16289 16380 13650 819 4325776 177541 182 10647 44135 2002 182 25662 10556 45591 273 3367 6097 91 1087086 217854 755755 51233 70798 221585 442442 5134493 34307 4889794
internal_value=0.000405115 0.000465306 -0.00134493 0.00226325 0.00903702 0.0101984 0.000257431 0.0129518 0.00302438 -0.0531475 0.0574093 0.197921 1.11568 -0.00167352 -0.0178478 -0.0255376 0.00560552 -0.0411662 -0.00473016 -0.162941 0.0170306 -0.000834063 0.00440178 -0.00115737 0.0156182 -0.00160881 -0.00214834 -0.00139038 -0.0224343 -0.00247259
internal_weight=1.21407e+06 1.21276e+06 604317 608447 139008 136175 469439 37167.7 66425.5 1589.84 6363.55 248.017 32.3769 600143 18559.1 15457.4 5491.4 1618.81 1245.99 372.811 69749.6 432271 64835.7 581584 15240.6 566343 545001 525371 19630.1 487587
internal_count=18502939 17851834 11197914 6653920 1884519 1870869 4769401 225771 782964 10829 48230 4095 2093 11181625 91637 81081 35490 9828 6370 3458 1087905 4543630 772135 11089988 122031 10967957 10722621 10245872 476749 10024287
is_linear=0
shrinkage=0.05


Tree=135
num_leaves=31
num_cat=0
split_feature=8 6 1 12 0 5 4 4 12 5 6 5 4 12 4 5 6 7 12 4 5 6 4 12 5 4 4 6 4 6
split_gain=1541.99 1470.98 2378.67 5555.85 2162.13 2094.63 4545.33 4500.63 3905.17 2879.82 2723.77 2439.91 4542.42 4302.61 3370.61 3308.42 2687.33 2671.12 2660.13 2631.02 2641.13 2506.3 2857.38 2475.02 2559.31 2303.24 2283.63 4135.23 2275.81 2261.07
threshold=1.0000000180025095e-35 0.82480818414322254 0.65751879699248128 27.500000000000004 0.3760162314083883 0.8287593984962407 0.96843892137751797 0.93123244500198898 1.5000000000000002 0.94771018455228995 0.61721611721611735 0.69592735277930662 0.82142483952828793 3.5000000000000004 0.76080849281877538 0.41202270381836947 0.3585714285714286 1.0000000180025095e-35 8.5000000000000018 0.65350836971321902 0.54915769124551239 0.57518796992481214 0.78710929072559799 9.5000000000000018 0.24725141959647221 0.69804274383078746 0.987266214824983 0.68990384615384626 0.78710929072559799 0.048809523809523817
decision_type=2 2 2 2 2 2 2 2 2 2 2 2 2 2 2 2 2 2 2 2 2 2 2 2 2 2 2 2 2 2
left_child=-1 5 4 -4 -3 7 9 10 26 28 11 12 14 21 16 -16 19 -15 -17 23 25 22 -13 24 -2 -21 -8 -28 -7 -25
right_child=1 2 3 -5 -6 6 8 -9 -10 -11 -12 13 -14 17 15 18 -18 -19 -20 20 -22 -23 -24 29 -26 -27 27 -29 -30 -31
leaf_value=-0.055097484827428746 -0.032332000755157055 0.017204158810108724 0.020159103413399486 -3.0630648321398706 -0.0015915893184432696 -0.095459447209459786 -0.010186705847369757 0.018609732157810165 0.023241732229854251 0.022404515949568424 0.0077045548188791058 0.038640052478492046 0.010031559579516999 -0.013098368344002635 0.039133940193727901 -0.0062728709878523406 0.0086632709631250474 0.038328954321833808 -0.031337366997258212 -0.0073739501765860485 0.011474909142840354 -0.026655999682063017 0.0043076147695619493 -0.0018140788349558547 -0.0006038379497673742 -0.026428071899629479 0.042337791275082408 -0.0086193457351671238 -0.010262788564603782 0.0079994104590765652
leaf_weight=1250.987701848615 10996.883813660359 19176.223011877388 23526.444547579624 1.4611927233636368 75700.552837425144 788.0704258326441 30351.205487509258 34747.360132693313 22603.630324605852 6868.3377596344799 106707.55754620815 8082.5917640905827 104435.53057654912 103187.18193251966 2707.9644845036091 22893.945756889647 72534.611287277192 2588.2361861746758 19690.321017378243 59574.534232364211 13450.228865251876 4571.8049124414101 24222.5643833098 142688.45776082267 15060.120970884571 21613.967519252561 6919.3856027461588 9376.4382891599089 146193.09355438594 99713.961785459076
leaf_count=651105 2526706 69979 730912 91 337246 4641 125398 203203 172718 30849 676585 36127 796887 497406 39858 173264 441623 20657 157248 2373189 141960 22477 113295 2934841 1170988 695695 45318 52871 801801 2458001
internal_value=0.000385594 0.00044291 0.00573645 0.0199676 0.00220735 -0.000130766 -0.00445268 0.000978212 0.0061848 -0.00924082 0.000244255 -0.000849229 0.000579716 -0.00671277 -0.0014728 -0.0144546 -0.000123104 -0.01184 -0.0178623 -0.00187832 -0.00904677 0.0079938 0.0128974 0.000648737 -0.0139941 -0.0124465 -0.00208043 0.0130176 -0.0107196 0.00222277
internal_weight=1.21222e+06 1.21097e+06 118405 23527.9 94876.8 1.09257e+06 223100 869468 69250.7 153850 834720 728013 585361 142652 480925 45292.2 435633 105775 42584.3 363098 94638.7 36877 32305.2 268459 26057 81188.5 46647 16295.8 146981 242402
internal_count=18502939 17851834 1138228 731003 407225 16713606 1233596 15480010 396305 837291 15276807 14600222 13910260 689962 13113373 370370 12743003 518063 330512 12301380 3210844 171899 149422 9090536 3697694 3068884 223587 98189 806442 5392842
is_linear=0
shrinkage=0.05


Tree=136
num_leaves=31
num_cat=0
split_feature=2 6 7 1 11 5 2 2 4 11 9 6 1 6 0 11 6 5 6 5 4 5 12 6 6 4 6 6 11 6
split_gain=1531.08 4175.04 3376.58 1716.12 2176.33 3301.4 1897.06 1869.83 2836.76 2168.29 2872.82 2304.82 2121.09 2446.15 2406.07 1841.07 1818.7 4535.02 2383.26 2065.71 1791.56 2832.62 2321.9 1772.16 1686.48 1655.57 3535.04 2155.29 3307.24 1614.71
threshold=0.43650793650793657 0.94590643274853814 1.0000000180025095e-35 0.29217479674796754 8.5000000000000018 0.42912946428571436 0.88194444444444453 0.61250000000000016 0.69650265317874049 10.500000000000002 1.0000000180025095e-35 0.8973684210526317 0.58898944193061853 0.86038961038961048 0.91663398692810472 13.500000000000002 0.65301003344481623 0.85770528683914526 0.62731481481481499 0.7835585585585586 0.87973419829524491 0.88017094017094022 4.5000000000000009 0.57518796992481214 0.61721611721611735 0.75600130307653191 0.63245614035087727 0.63818181818181829 1.5000000000000002 0.098387096774193564
decision_type=2 2 2 2 2 2 2 2 2 2 2 2 2 2 2 2 2 2 2 2 2 2 2 2 2 2 2 2 2 2
left_child=29 2 3 -2 16 -6 7 15 -9 10 12 -12 -10 -14 -15 -7 18 -18 24 25 21 -21 -23 -11 -5 26 -20 -28 -29 -1
right_child=1 -3 -4 4 5 6 -8 8 9 23 11 -13 13 14 -16 -17 17 -19 19 20 -22 22 -24 -25 -26 -27 27 28 -30 -31
leaf_value=-0.017433270906045264 0.024705494698129934 0.047426320432566622 0.039162900111665892 0.0003995268410966514 0.026035150931120604 0.0080291932317409654 0.038547664721400809 -0.13358201088918006 0.011531391873287916 0.026648579916968385 -0.05309520187576592 -0.45803463527655919 -0.024987215277870529 -0.41995542011164261 0.055218369392413584 -0.030779421266825219 0.019810780241949721 0.00017925320815101876 -2.3194505849298008 -0.10127638859673133 -0.034858217565718379 -2.1866479928572682 -0.44976722729065371 -0.017802934782374987 0.019898609391598664 0.0037601086239321905 -0.0080018978975762486 -1.2077959681113575 -0.14601518897826268 -0.0012672422374413331
leaf_weight=15969.574743108009 7681.4455855372362 4985.567962662084 5905.9166365284473 498703.08867688687 6294.6365990933264 13540.18311817199 1776.0673750862479 549.07047957181931 4913.0415080711246 4015.231059320271 6445.4997673518956 35.33217116445303 12786.348081201315 76.43330030143261 40.89395859092474 3946.8015133216977 45439.545557006262 83432.622510467656 1.9193839877843846 859.11153908260167 1994.3191177658737 2.0332304947078219 35.873555071651936 5077.6155053265393 11341.209010129794 3108.9715664638206 76.213346011936665 10.833496425300835 22.703240178525448 471478.88201688114
leaf_count=5364086 36036 483210 137774 5100459 73255 36127 5005 2548 12376 8645 26208 364 39767 910 182 12012 549367 611247 91 5824 11375 91 364 15652 87360 28210 728 273 182 5853211
internal_value=0.000368902 0.00182887 0.00151231 0.00120009 0.000943811 -0.00820629 -0.0122575 -0.0140122 -0.0208557 -0.0190021 -0.0267965 -0.0553028 -0.0164274 -0.0270726 -0.254335 -0.000729887 0.00178781 0.00710121 0.000461181 -0.0305757 -0.0612543 -0.11994 -0.542929 0.00182602 0.000833103 -0.00303398 -0.192187 -0.154984 -0.489006 -0.00179687
internal_weight=1.21055e+06 723099 718113 712207 704526 59497.2 53202.5 51426.5 33939.5 33390.4 24297.5 6480.83 17816.7 12903.7 117.327 17487 645028 128872 516156 6111.98 2891.34 897.018 37.9068 9092.85 510044 3220.64 111.669 109.75 33.5367 487448
internal_count=18502939 7285642 6802432 6664658 6628622 233051 159796 154791 106652 104104 79807 26572 53235 40859 1092 48139 6395571 1160614 5234957 47138 17654 6279 455 24297 5187819 29484 1274 1183 455 11217297
is_linear=0
shrinkage=0.05


Tree=137
num_leaves=31
num_cat=0
split_feature=8 11 1 11 11 0 1 0 2 2 9 11 11 12 7 6 0 1 6 12 9 10 1 0 0 2 9 11 5 4
split_gain=1454.01 1425.4 1379.04 3038.51 2326 3396.46 1996.37 2379.28 4386.73 4308.91 4530.45 4341.74 4257.7 3883.61 3732.2 3399.46 3065.68 2928.85 2632.94 2566.17 2438.86 2242.75 2194.56 2125.56 2114.91 3849.2 2860.69 3230.74 2065.45 2056.11
threshold=1.0000000180025095e-35 31.500000000000004 1.0000000180025095e-35 21.500000000000004 25.500000000000004 0.37121212121212127 0.032795698924731172 0.63196015585721488 0.10555555555555557 1.0000000180025095e-35 1.0000000180025095e-35 2.5000000000000004 1.5000000000000002 71.500000000000014 1.0000000180025095e-35 0.13100686498855837 0.56273219814241504 0.36939571150097472 0.93541666666666679 25.500000000000004 1.0000000180025095e-35 1.0000000180025095e-35 0.42146381578947373 0.30349511599511608 0.93135579017931969 0.88194444444444453 1.0000000180025095e-35 5.5000000000000009 0.42912946428571436 0.53878263460440257
decision_type=2 2 2 2 2 2 2 2 2 2 2 2 2 2 2 2 2 2 2 2 2 2 2 2 2 2 2 2 2 2
left_child=-1 2 4 6 5 -2 -4 9 20 10 11 23 13 -12 18 -13 19 29 24 -11 22 -14 -9 -8 25 -10 -26 28 -28 -17
right_child=1 -3 3 -5 -6 -7 7 8 14 16 12 15 21 -15 -16 17 -18 -19 -20 -21 -22 -23 -24 -25 26 -27 27 -29 -30 -31
leaf_value=-0.054911067434252538 -0.014996779560403281 -0.040032126656205612 0.011918845992751746 -0.02024743927649747 0.049063231751720844 0.029933610560595843 0.10497059367412372 0.013897122055960651 -0.0058774289585103966 0.013228480257288283 0.0043036905925044194 -0.04069723074417473 -0.04766966598794533 0.31793924154849035 0.033742402314680328 0.062017353711974921 -0.0074206061490708249 0.056599462654732258 0.035178396864473604 0.053380840663586338 -0.012351876900158043 0.016297576426346227 0.040407692961478815 -0.020491473162352686 -0.00032163155310867882 0.044452166100156232 0.0029014224391155957 -0.045248867624446805 0.01546781739436192 -0.0011648730407413151
leaf_weight=1189.0007102342788 9254.4079041816876 2175.0393367724027 37507.244117597584 17795.297549400944 3723.7582888472825 7710.7205734368763 340.55599875515327 25528.877560329624 168713.7909989577 27564.741959568812 5226.3165937950253 5286.8257404410397 14201.199775239336 100.6016225242056 8471.4781158289406 1296.5797518356703 16608.606983072299 2254.5689049973153 5395.9604328360874 4650.6388061806792 6009.9928522768896 1516.6059151090449 11244.914621321717 38761.525681135186 462088.39839581365 3886.4573094784282 66065.362793697976 2790.5517637748271 64743.598088289611 186830.95025062026
leaf_count=651105 101010 68159 221585 417508 20475 114933 2548 291382 1619527 370279 135499 2743013 850304 2093 222495 10556 519974 6461 463190 107107 67704 9555 64974 1164618 4444895 13468 781417 12103 863226 2141776
internal_value=0.000353742 0.000408149 0.00048111 0.000257653 0.0132788 0.00542427 0.000570307 0.000193483 0.00158798 -0.00358269 -0.00618054 -0.00418837 -0.0284048 0.0102269 0.000735227 -0.00114876 0.0100289 -5.05116e-05 0.000373813 0.0190249 0.0171776 -0.0414975 0.0220037 -0.0193988 0.000129369 -0.00474415 0.00154147 0.00798548 0.00912113 -0.00072942
internal_weight=1.20893e+06 1.20775e+06 1.20557e+06 1.18488e+06 20688.9 16965.1 1.16709e+06 1.12958e+06 824939 304640 255816 234771 21044.7 5326.92 782156 195669 48824 190382 773684 32215.4 42783.8 15717.8 36773.8 39102.1 768288 172600 595688 133600 130809 188128
internal_count=18502939 17851834 17783675 17547257 236418 215943 17129749 16908164 8844381 8063783 7066423 6068972 997451 137592 8420321 4901806 997360 2158793 8197826 477386 424060 859859 356356 1167166 7734636 1632995 6101641 1656746 1644643 2152332
is_linear=0
shrinkage=0.05


Tree=138
num_leaves=31
num_cat=0
split_feature=4 5 5 4 12 1 6 12 5 12 12 0 6 4 6 12 1 6 6 4 1 1 4 12 6 12 5 0 6 12
split_gain=1403.23 2935.78 2180.52 2177.59 2803.26 2107.06 3876.66 2170.71 3138.97 2486.23 2180.49 3619.47 2071.46 2156.84 1956.46 1812.8 1953.24 2993.81 2525.35 1799.24 1736.96 4501.57 1728.37 1728.37 1668.23 1666.39 1969.48 1657.41 3010.71 2940.11
threshold=0.8913727434087354 0.69592735277930662 0.7835585585585586 0.84651154486867386 9.5000000000000018 0.23606811145510839 0.55777777777777793 6.5000000000000009 0.79768592830390594 3.5000000000000004 11.500000000000002 0.95901098901098913 0.70185185185185195 0.76080849281877538 0.56385869565217395 12.500000000000002 0.59175084175084181 0.57518796992481214 0.61721611721611735 0.85027719744603758 0.077935222672064777 0.075961538461538428 0.8888932345988042 11.500000000000002 0.92450142450142458 3.5000000000000004 0.84753833736884598 0.62609461688409074 0.8973684210526317 3.5000000000000004
decision_type=2 2 2 2 2 2 2 2 2 2 2 2 2 2 2 2 2 2 2 2 2 2 2 2 2 2 2 2 2 2
left_child=2 -2 14 4 12 -5 7 8 9 -7 -9 -12 20 -14 -1 16 -6 -18 -19 -10 21 -4 -21 -20 -8 26 -15 -3 29 -29
right_child=1 27 3 5 15 6 24 10 19 -11 11 -13 13 25 -16 -17 17 18 23 22 -22 -23 -24 -25 -26 -27 -28 28 -30 -31
leaf_value=-0.00087737562635492735 0.022758414745123148 -0.0024849458833853763 0.014960224017433769 0.0014235013050341505 -0.021411835049386322 0.0011559211510177153 -0.035416667632094528 0.03326992584817013 -0.17252557605663243 -0.13710389914147722 -0.054339953543590946 -1.5701969544356815 -1.2038101041686748 -0.068838836927582345 0.0073748359448163273 0.0062556900423434356 0.04415923837641416 -0.36258687224059027 -0.067294232335548251 0.0062067979956251717 -0.011544534696703676 0.2854357837491433 -0.090629411186564188 -0.19277152334171663 -0.21373039027743654 0.023757429770398898 0.0085643815875635979 -0.0023055715297083442 0.026751316244228308 0.0088467424362372992
leaf_weight=616917.29483676492 17478.903905351181 142762.14456426911 2485.407267684117 12796.906695022248 3897.4971650075167 526.62022292986512 19546.123910557479 3723.4207468312234 153.17061707377434 849.93797919899225 13.207628779113294 5.6108419485390177 3.6226783022284499 1104.9953923653811 81288.201332002413 2865.4192473795265 383.31113301217556 94.004176657646894 1209.6559877190739 7725.8104067053646 18784.953795935027 163.98194043338299 490.01395053416491 354.9724565865472 132.05347621627152 15969.209857136942 3206.7839599503204 125894.74378543766 14048.946482535684 111385.09654966276
leaf_count=14697137 112385 607698 7735 56420 13741 1547 126399 10192 1001 4550 182 182 91 6097 489489 14105 1183 819 8827 23205 93366 364 2184 3185 2457 94913 15925 661206 624806 821548
internal_value=0.000337017 0.00270671 -0.000890243 -0.00793568 -0.000771278 -0.015811 -0.0224609 -0.00181304 -0.0142428 -0.0842108 0.0305566 -0.506302 0.00463935 0.0160922 8.33837e-05 -0.0264078 -0.0421659 -0.0817796 -0.110884 -0.00273426 -0.00619916 0.0317011 0.000431225 -0.0957617 -0.0366133 0.0163101 -0.011272 0.00181737 0.00426121 0.0029296
internal_weight=1.20626e+06 411570 794692 96486.7 50523.8 45962.9 33166 13487.8 9745.55 1376.56 3742.24 18.8185 41719 20284.6 698205 8804.86 5939.44 2041.94 1658.63 8368.99 21434.3 2649.39 8215.82 1564.63 19678.2 20281 4311.78 394091 251329 237280
internal_count=18502939 2827643 15675296 488670 260351 228319 171899 43043 32487 6097 10556 364 218491 117026 15186626 41860 27755 14014 12831 26390 101465 8099 25389 12012 128856 116935 22022 2715258 2107560 1482754
is_linear=0
shrinkage=0.05


Tree=139
num_leaves=31
num_cat=0
split_feature=8 11 11 12 1 2 2 9 1 0 2 9 6 6 12 0 0 11 1 0 11 0 11 11 4 11 7 12 12 4
split_gain=1375.04 1353.31 3005.32 2170.26 2031.68 2202.29 2287.69 3233.55 2311.37 2916.46 2013.93 2260.94 1805.64 6884.55 9104.25 3828.69 2649.55 1797.69 2693.48 4696.56 2493.03 2073.73 1952.89 2001.66 1915.24 2243.5 1964.74 1758.32 4398.05 2281.57
threshold=1.0000000180025095e-35 8.5000000000000018 11.500000000000002 74.500000000000014 0.075961538461538428 0.61250000000000016 0.26136363636363641 1.0000000180025095e-35 0.15849282296650721 0.43415286404416847 0.88194444444444453 1.0000000180025095e-35 0.3585714285714286 0.37715517241379315 1.0000000180025095e-35 0.58169288795887275 0.44604324821716129 18.500000000000004 0.059714795008912643 0.61761982570806107 14.500000000000002 0.30349511599511608 20.500000000000004 30.500000000000004 0.89951013682213132 22.500000000000004 1.0000000180025095e-35 64.500000000000014 66.500000000000014 0.57694605929250209
decision_type=2 2 2 2 2 2 2 2 2 2 2 2 2 2 2 2 2 2 2 2 2 2 2 2 2 2 2 2 2 2
left_child=-1 -2 3 4 -3 6 7 8 9 -6 11 -7 -11 14 -14 16 -16 18 20 -20 -4 22 -19 -24 25 -23 -26 -10 29 -29
right_child=1 2 17 -5 5 10 -8 -9 27 12 -12 -13 13 -15 15 -17 -18 21 19 -21 -22 24 23 -25 26 -27 -28 28 -30 -31
leaf_value=-0.054701683024740724 0.0012677022729697062 -0.029086830140961924 -0.0045900111679425823 0.061626047971170599 -0.021334918540024776 -0.011770821966292495 0.012577986462947513 -0.057430236556974094 -0.015666455424166111 -0.027707002880630702 0.03713066897186329 -0.040923108640999233 1.9079061170876443 0.045388391607884104 0.51568512025885982 0.94911981861992101 -0.052506862391721157 -0.05400651358352198 -0.015379523342562824 0.013902974248722458 0.017631144105725513 -0.0087836644141690897 0.032435988369966841 -0.049960364384281114 -0.0031128658119962196 -0.038916832009104736 0.055431214775427777 0.87743979538354366 -0.073679569150769605 0.26310128802715183
leaf_weight=1134.3242898304015 937945.10234551295 12961.580135345284 17350.300794600567 1048.5255344845355 2767.9285428044386 23253.37296603201 19132.775364266126 3170.1170592858107 16743.713517196185 751.68777496431721 1612.8042008820921 9315.3514101649635 9.6425651237368566 3842.8058419581503 33.083085924386978 18.856380239129066 54.018165562301874 902.52074843551964 33502.406092776917 23158.525690535142 46318.206353675807 18108.610301588313 6948.6185416992521 824.54163799795788 13451.348925001919 9374.8083788106451 1603.9984137201682 20.328131659538485 104.06470234924927 58.913326289854012
leaf_count=651105 13393835 151606 139230 17199 85813 91273 109291 158522 703794 155155 6370 38402 91 20930 91 91 1820 9282 1295294 283374 266084 437710 43043 12194 64610 351351 7007 1092 6188 1092
internal_value=0.000322574 0.000374397 -0.00277025 -0.00990976 -0.010709 -0.00776414 -0.000706466 -0.00992376 -0.00375286 0.0193977 -0.0174082 -0.020109 0.0433346 0.0568251 0.437008 0.30315 0.163306 0.00117939 0.00451865 -0.00341114 0.0115757 -0.00666627 0.0156125 0.0236958 -0.01121 -0.0190623 0.00312443 -0.0139803 0.140036 0.4207
internal_weight=1.20552e+06 1.20439e+06 266443 94899.6 93851 80889.5 46707.9 27575.2 24405 7478.02 34181.5 32568.7 4710.09 3958.41 115.6 105.958 87.1013 171544 120329 56660.9 63668.5 51214.4 8675.68 7773.16 42538.8 27483.4 15055.3 16927 183.306 79.2415
internal_count=18502939 17851834 4457999 1548820 1531621 1380015 1243970 1134679 976157 263991 136045 129675 178178 23023 2093 2002 1911 2909179 1983982 1578668 405314 925197 64519 55237 860678 789061 71617 712166 8372 2184
is_linear=0
shrinkage=0.05


Tree=140
num_leaves=31
num_cat=0
split_feature=6 4 5 4 12 4 12 5 5 0 10 5 1 6 4 1 12 12 5 6 12 4 4 5 4 5 4 5 4 4
split_gain=1312 2808.5 2764.39 4253.33 5030.17 3706.57 2902.96 3192.27 2452.6 2428.42 3433.72 2441.83 2418 2378.29 3776.7 2691.25 2641.62 2364.58 2636.65 2986.06 4236.48 7403.47 6478.35 6323.51 6094.01 2672.32 2577.88 4730.33 3328.62 3248.69
threshold=0.78759398496240618 0.99222761596548015 0.8287593984962407 0.96843892137751797 1.5000000000000002 0.94389916592433776 2.5000000000000004 0.2211032388663968 0.94771018455228995 0.58890923890923907 1.0000000180025095e-35 0.89893315174214061 0.12933094384707292 0.94868421052631591 0.96843892137751797 0.34833164812942369 9.5000000000000018 7.5000000000000009 0.34161778326644032 0.072751322751322761 5.5000000000000009 0.69046814399668377 0.69344351165661655 0.38829240434037698 0.62936800744129362 0.76279923117246207 0.86217891839009864 0.6564078282828284 0.81711599808393987 0.69973025969582159
decision_type=2 2 2 2 2 2 2 2 2 2 2 2 2 2 2 2 2 2 2 2 2 2 2 2 2 2 2 2 2 2
left_child=1 2 5 8 -5 6 7 -1 -4 10 -2 -11 -6 14 16 -16 -13 18 -8 20 -20 23 -23 -22 -25 -21 27 28 29 -19
right_child=9 -3 3 4 12 -7 17 -9 -10 11 -12 13 -14 -15 15 -17 -18 26 19 25 21 22 -24 24 -26 -27 -28 -29 -30 -31
leaf_value=-0.040501755833191017 -0.0089605920516952313 0.033027446945923876 -0.012166893346008751 -0.0053808996069940381 -0.03548785084098862 0.024396157924657616 -0.026578463868554572 0.0094863171704074999 0.021523135788207019 0.021597967378342756 0.011921720128502258 0.014829949695306996 0.030800554781777192 0.019646409793006102 0.03765403323350984 -0.046374194883315983 -0.082308867137432393 0.0017298821326204477 0.042040736345778464 0.00036201385599755778 -0.050934788455488073 2.5697123371776662 -0.050327308227253877 1.9234059489468234 -0.051425540554213993 -0.013174348584301785 0.0086789997425632103 -0.013789267168726825 0.015436453923479719 -0.011215735306739324
leaf_weight=3295.4559213013854 51411.493420530111 6277.9500754904002 129525.87111638952 36837.396561455913 1487.0362177416682 16190.206646969076 14239.857309048413 103531.39270878572 5637.2303656600416 32610.004876068793 31900.157644204795 11777.913809785619 18373.250221296214 12340.288397558499 1104.4674429148436 6943.4007034050301 744.09891838859767 318944.04952747549 178.51369721657829 103741.88519786129 40.909851364034694 7.2088298797607404 3.5071690198383294 9.5669345855712908 6.6024139641085631 56219.257979685441 85848.258742885431 60550.901539469138 37227.010415198689 57145.065176477365
leaf_count=819637 167349 45591 704249 163436 6370 110383 2271906 1306578 24388 338520 117663 110201 153153 536354 2912 50141 8645 8268169 11739 1137045 7462 91 1456 91 910 285376 515060 334425 287833 715806
internal_value=0.000304402 -0.000315399 -0.000514938 -0.00594014 0.00555431 0.000699374 0.000243178 0.00794426 -0.0107618 0.00469921 -0.000964723 0.0119011 0.0258372 0.00229277 -0.00811804 -0.0348424 0.00905764 -0.000877394 -0.00596019 -0.00412756 0.169831 0.506318 1.71222 0.279924 1.11702 -0.00439542 0.000706769 -0.000737523 0.00117456 -0.000237147
internal_weight=1.20415e+06 1.05532e+06 1.04904e+06 191861 56697.7 857180 840989 106827 135163 148832 83311.7 65520.2 19860.3 32910.2 20569.9 8047.87 12522 734163 174447 160207 246.309 67.7952 10.716 57.0792 16.1693 159961 559715 473867 413316 376089
internal_count=18502939 17171154 17125563 1051596 322959 16073967 15963584 2126215 728637 1331785 285012 1046773 159523 708253 171899 53053 118846 13837369 3716076 1444170 21749 10010 1547 8463 1001 1422421 10121293 9606233 9271808 8983975
is_linear=0
shrinkage=0.05


Tree=141
num_leaves=31
num_cat=0
split_feature=2 6 7 1 11 5 2 9 2 5 1 1 11 9 0 11 2 12 0 4 0 5 1 1 4 5 12 12 5 1
split_gain=1320.51 3670.34 2973.88 1511.65 1765.88 2876.81 1743.4 2159.91 2085.2 2273.43 2013.13 1838.04 1728.12 4275.74 3151.6 3986.78 4248.68 4052.04 3705.88 2880.88 5278 2008.76 1797.92 1917.16 1704.62 2439.96 2182.61 1698.25 2468.14 2324.55
threshold=0.43650793650793657 0.94590643274853814 1.0000000180025095e-35 0.29217479674796754 8.5000000000000018 0.42912946428571436 0.73214285714285732 1.0000000180025095e-35 0.88194444444444453 0.42912946428571436 0.76095238095238105 0.69337606837606847 7.5000000000000009 1.0000000180025095e-35 0.85748893760402711 6.5000000000000009 0.58571428571428574 30.500000000000004 0.92128008192524324 0.8360457913643361 0.941701680672269 0.37886762360446574 0.60263157894736852 0.68042553191489363 0.7813336760705184 0.40930735930735934 1.0000000180025095e-35 6.5000000000000009 0.83398950131233607 0.75255102040816335
decision_type=2 2 2 2 2 2 2 2 2 2 2 2 2 2 2 2 2 2 2 2 2 2 2 2 2 2 2 2 2 2
left_child=-1 2 3 -2 6 -6 10 11 -9 24 12 -8 14 -14 -5 16 17 22 -17 -19 -21 -20 -16 -24 25 -10 -27 28 -23 -29
right_child=1 -3 -4 4 5 -7 7 8 9 -11 -12 -13 13 -15 15 18 -18 19 21 20 -22 27 23 -25 -26 26 -28 29 -30 -31
leaf_value=-0.0017313257760530694 0.023354313620415748 0.047063629944415687 0.038066794100215219 0.01212163805414768 0.024599970468384191 -0.011209239803703039 0.037740289678336647 -0.027997145465153785 0.0016297107643352998 0.015334963619129989 0.019962971853948071 -0.0012874284775913464 0.031684499439716546 -0.03078333249344032 0.010766508710123359 -0.016338681160974113 0.021962286484502835 -0.16251832516349185 0.04044756646214346 -1.4687264024172624 0.051534522954381913 -0.25568881984615321 -0.099881550545929718 -0.019292077291964541 0.05896669620033982 -1.3743525942084229 -0.064895193226715525 -0.066114578253819348 -0.095826461495409562 -0.81262093588810247
leaf_weight=483951.89897900238 7537.7059959189501 4421.2073341757059 5477.3720077006146 19252.57011155528 6272.9918483163929 52963.276409322396 3037.8196587578859 4224.5951782856137 61053.045553877018 53679.860582534224 25879.949569995049 436370.61044062884 11874.494895122014 3560.6969090292696 2269.8915020681452 3770.3475919521879 8275.6862477487884 314.15577650442719 255.92076968681067 11.969250839203596 10.915903262794018 385.98257842287421 1128.6501398888649 2131.9903840613551 1258.8152420707047 3.1902057193219653 1275.3350530080497 1425.6266463063657 644.7665997594595 10.505084395408629
leaf_count=11217297 36036 483210 137774 105833 73255 159796 9646 21021 748839 756483 172627 4389294 45682 12649 13650 17017 41405 3640 3185 364 91 2730 11011 14105 8645 91 8099 6097 3185 182
internal_value=0.000287755 0.0016472 0.00136611 0.00108253 0.000843166 -0.00741712 0.0016052 0.000613891 0.00651453 0.00775779 0.0084525 -0.00101761 0.00306805 0.017274 -0.00242899 -0.0160039 -0.00111312 -0.0336589 -0.0484387 -0.201973 -0.743583 -0.0928886 -0.0234016 -0.0471876 0.00136152 0.000198154 -0.0681626 -0.106721 -0.15569 -0.0715752
internal_weight=1.20273e+06 718780 714359 708881 701344 59236.3 642107 560903 121495 117270 81204.1 439408 55324.2 15435.2 39889 20636.4 14143.3 5867.57 6493.15 337.041 22.8852 2722.8 5530.53 3260.64 63590.4 62331.6 1278.53 2466.88 1030.75 1436.13
internal_count=18502939 7285642 6802432 6664658 6628622 233051 6395571 5942118 1543178 1522157 453453 4398940 280826 58331 222495 116662 84266 42861 32396 4095 455 15379 38766 25116 765674 757029 8190 12194 5915 6279
is_linear=0
shrinkage=0.05


Tree=142
num_leaves=31
num_cat=0
split_feature=8 11 6 5 12 12 5 4 7 5 7 1 6 12 6 4 6 4 5 12 5 6 4 5 12 5 0 6 12 6
split_gain=1300.99 1221.9 1199.15 2440.44 2279.35 2037.78 1797.33 4855.09 2831.83 2625.07 4022.08 2323.69 2296.6 2860.56 2088.56 2094.79 3166.98 2466.44 2057.39 2030.99 2294.01 2073.62 2002.27 6006.51 7274.86 13122.4 2195.63 3253.64 9117.49 7559.01
threshold=1.0000000180025095e-35 31.500000000000004 0.65301003344481623 0.87108993157380266 9.5000000000000018 10.500000000000002 0.6564078282828284 0.81711599808393987 1.0000000180025095e-35 0.42912946428571436 1.0000000180025095e-35 0.077935222672064777 0.62731481481481499 2.5000000000000004 0.64495798319327746 0.75097503627564477 0.35388994307400384 0.65350836971321902 0.54915769124551239 9.5000000000000018 0.24725141959647221 0.21132376395534294 0.64763756197042166 0.32363520947947527 8.5000000000000018 0.31962988000676024 0.92128008192524324 0.13100686498855837 2.5000000000000004 0.12060606060606062
decision_type=2 2 2 2 2 2 2 2 2 2 2 2 2 2 2 2 2 2 2 2 2 2 2 2 2 2 2 2 2 2
left_child=-1 2 6 4 -4 -6 7 14 12 10 -9 -10 -8 -14 15 16 17 19 -19 20 -2 -21 -22 24 26 -26 -24 28 -28 -30
right_child=1 -3 3 -5 5 -7 8 9 11 -11 -12 -13 13 -15 -16 -17 -18 18 -20 21 22 -23 23 -25 25 -27 27 -29 29 -31
leaf_value=-0.054512063081094353 -0.030767827971060077 -0.037686674728275575 0.012029901967175861 -0.00073167732746775031 -0.023057071048455849 0.0035356877683151698 -0.0034862441317886454 0.047160609809336076 0.11441908151649374 0.0087770457408370191 -0.04621388723057239 0.018013267821936678 0.0091303860465544607 -0.038553485486053828 0.16434097699256822 -0.012010831557934231 0.010459045957066308 -0.011836339414752569 0.012475271684792453 0.00028403607024263922 -0.0068295900738511916 0.014511795064956631 -0.0018101999475668964 -0.034395671357931777 -0.050804864058957261 1.6286595480443389 1.123183153131359 0.099148219529903991 -0.05151248253391924 1.1491381216839982
leaf_weight=1082.5262900546659 10495.020305991115 2110.3457727781497 100122.24032831937 206436.77184679499 8624.0603217654862 43747.617939781863 277932.96289825579 9210.3254929744871 692.03064651787281 73633.022287343396 1318.356725846068 6457.5558994235471 4559.1703453026712 10141.280138894916 191.01893201470375 39616.130291678419 61865.524352607317 77391.964080926788 9804.6918174920138 211938.2450272541 13254.549693489214 29128.98226706218 257.55868647090392 934.08609232283197 24.092187250498682 22.486429788172245 32.182371617294848 337.40862713754177 78.646807236829773 15.731168719008563
leaf_count=651105 2522429 68159 715715 1622348 59605 290199 1335607 84448 1456 475111 153881 63154 21476 55601 364 367185 379015 2995447 108927 5167526 1045863 199836 49049 53053 6006 182 2002 819 7189 182
internal_value=0.0002767 0.00032611 0.000393057 0.00281182 0.00760878 -0.00084335 -0.000641298 0.00108337 -0.00374535 0.0121162 0.0354687 0.0273447 -0.00450494 -0.0237649 -0.00095564 -0.00102501 2.2241e-05 -0.00180318 -0.00910266 0.000584986 -0.0128479 0.00200323 -0.000273656 0.0507758 0.154352 0.759978 0.115255 0.180241 0.396433 0.148615
internal_weight=1.20146e+06 1.20037e+06 1.19826e+06 358931 152494 52371.7 839333 539550 299783 84161.7 10528.7 7149.59 292633 14700.5 455388 455197 415581 353716 87196.7 266519 25451.8 241067 14956.7 1702.19 768.106 46.5786 721.528 463.969 126.56 94.378
internal_count=18502939 17851834 17783675 2687867 1065519 349804 15095808 13618514 1477294 713440 238329 64610 1412684 77077 12905074 12904710 12537525 12158510 3104374 9054136 3686774 5367362 1164345 118482 65429 6188 59241 10192 9373 7371
is_linear=0
shrinkage=0.05


Tree=143
num_leaves=31
num_cat=0
split_feature=2 6 7 10 2 0 11 1 6 9 2 1 4 6 11 1 2 0 0 6 0 12 0 0 11 2 0 11 2 0
split_gain=1265.42 3489.64 2753.58 1474.73 3729.62 2485.82 1862.02 2328.88 2912.72 2645.62 4250.01 3403.79 3541.08 2451 2401.21 3083.43 3041.11 2505.09 3331.65 2397.13 2360.04 2227.72 1966.45 1913.67 1896.19 2493.11 3708.71 1950.48 1964.91 1900.95
threshold=0.43650793650793657 0.94590643274853814 1.0000000180025095e-35 1.0000000180025095e-35 0.07417582417582419 0.41921134421134426 3.5000000000000004 0.52704678362573121 0.10435571687840291 1.0000000180025095e-35 0.16025641025641027 0.15849282296650721 0.55265880293930791 0.2834821428571429 6.5000000000000009 0.26975051975051983 0.066964285714285726 0.48962695800931105 0.48855140431227401 0.10620300751879701 1.0000000180025095e-35 44.500000000000007 0.78091908091908102 0.61457502658160568 2.5000000000000004 0.095454545454545472 0.53705684293919609 1.0000000180025095e-35 0.41428571428571431 0.40071984209915251
decision_type=2 2 2 2 2 2 2 2 2 2 2 2 2 2 2 2 2 2 2 2 2 2 2 2 2 2 2 2 2 2
left_child=3 2 -2 6 5 -5 24 8 -8 11 -11 13 -13 -10 17 23 -17 18 -14 -19 21 -15 -12 -16 27 26 -26 28 29 -1
right_child=1 -3 -4 4 -6 -7 7 -9 9 10 22 12 14 20 15 16 -18 19 -20 -21 -22 -23 -24 -25 25 -27 -28 -29 -30 -31
leaf_value=0.061440000748443302 0.0010568266299563992 0.046911779241997326 0.037411173938893365 0.0015712197625668606 0.04806146513095913 -0.057379329661796485 -0.044334264819786862 0.0098126539414726786 -0.029367967353954545 -0.043407711584281056 0.0066074937305364394 0.10397740205563484 0.0049572298423425833 -0.055313884867199382 -0.020639064970973758 0.025881722110760369 -0.014306472714583877 0.3042994934028575 0.28623160099933703 -0.034108665744299042 0.012168217286231835 0.25486791395319908 -0.046522136732692676 0.01348356586310491 -0.0086328204629434815 -0.011413804961919453 0.030410892858789004 -0.0075978130876096089 -0.25342137837936368 0.0045805619756644723
leaf_weight=1532.8436569165206 707497.69622947369 4222.7812628720421 5247.2859322964214 157595.42372790523 4305.74019592267 1808.7951808275247 5697.3107421721506 17885.420191910234 4467.3090059042443 12455.747553408728 10495.680566640687 659.47063588694436 3129.9097142764367 1805.668161415495 28828.441015751276 11377.458073728892 8029.4644371202448 52.475528850220144 108.9426347175613 18867.139102003479 39897.555593242403 59.80241995677352 2088.0961247854866 4791.8457981437678 8994.7377250253921 9937.0475836184924 18783.593113715353 73970.258225612342 72.621212584897876 35833.541900184151
leaf_count=20111 6664658 483210 137774 1171079 12740 35217 3758937 162617 571844 406315 41769 27846 72800 12467 787241 105742 58422 5005 1274 364182 315770 182 10556 59878 346255 210028 293839 1813539 910 550732
internal_value=0.00025985 0.00159297 0.00132447 -0.00171686 0.00214263 0.000902295 -0.00369245 -0.00725835 -0.00925637 -0.00789791 -0.0227028 -0.00486119 -0.0113795 0.00583274 -0.0123914 -0.00661521 0.00925417 -0.0262142 0.0144182 -0.0331701 0.00959809 -0.0453702 -0.0022086 -0.0157756 0.000389312 0.0100796 0.0177684 -0.00289114 0.00640807 0.00691305
internal_weight=1.2005e+06 716968 712745 483532 163710 159404 319822 170698 152812 147115 25039.5 122075 75845.1 46230.3 75185.7 53027.2 19406.9 22158.5 3238.85 18919.6 41763 1865.47 12583.8 33620.3 149125 37715.4 27778.3 111409 37439 37366.4
internal_count=18502939 7285642 6802432 11217297 1219036 1206296 9998261 6762847 6600230 2841293 458640 2382653 1482390 900263 1454544 1011283 164164 443261 74074 369187 328419 12649 52325 847119 3235414 850122 640094 2385292 571753 570843
is_linear=0
shrinkage=0.05


Tree=144
num_leaves=31
num_cat=0
split_feature=4 5 6 4 5 0 0 11 12 12 5 6 4 7 12 4 1 0 5 12 1 6 2 12 1 11 1 12 6 4
split_gain=1229.28 2141.9 2530.4 2378.08 2861.76 2114.8 2438.81 2833.69 2180.79 2015.04 2000.13 3093.48 1955.11 2521.61 2272.93 1850.67 1796.14 3518.52 1779.09 1706.36 3252.17 1653.36 3480.32 2233.31 1860.48 1897.23 1618.5 1576.87 1574.8 5080.16
threshold=0.90526678215525103 0.87108993157380266 0.70710784313725505 0.96515942558111245 0.8287593984962407 0.42961256187062641 0.72279980368215668 20.500000000000004 4.5000000000000009 29.500000000000004 0.73363914373088701 0.56385869565217395 0.94744415456745323 1.0000000180025095e-35 2.5000000000000004 0.82142483952828793 0.038838612368024113 0.35808694229746868 0.77158385093167714 8.5000000000000018 0.19098277608915912 0.91833333333333345 0.07417582417582419 2.5000000000000004 0.16807909604519775 3.5000000000000004 0.68042553191489363 40.500000000000007 0.7633053221288516 0.987266214824983
decision_type=2 2 2 2 2 2 2 2 2 2 2 2 2 2 2 2 2 2 2 2 2 2 2 2 2 2 2 2 2 2
left_child=10 2 3 4 12 -6 7 -7 -9 19 11 -1 14 -14 -2 -12 17 -5 -16 -4 -21 23 24 28 -23 -26 -25 -13 29 -3
right_child=1 21 9 16 5 6 -8 8 -10 -11 15 27 13 -15 18 -17 -18 -19 -20 20 -22 22 -24 26 25 -27 -28 -29 -30 -31
leaf_value=-0.00054867904029003221 0.020998901864341835 -0.010084210245650248 0.027374446255220404 0.057092015601874185 0.030279692673295708 -0.061311236183760033 -0.0091736335483874817 -0.071501067749817279 0.1799693576781041 -1.1218199303282443 0.0022567365110505379 0.011793240772577833 0.035087571226973084 -0.045104717319462813 0.0086271687401663268 -0.0083188244451471421 0.040728402139584126 -0.70504003610554711 -0.01108168959936021 -0.024871517870003898 0.021962641992924727 0.0084866804402018072 0.037151103280374867 -0.0019968153958297408 0.013125022217394323 -0.025736537052632177 0.015863273181518381 -0.1204670453007468 -0.020397383367414045 0.02312503175770406
leaf_weight=589598.30361628602 14152.922634176444 68130.829732444137 22516.494381154887 41.105676501989365 2657.3233083076775 4194.3637465182692 20082.65326652769 139.50811585411429 225.6844870634377 3.8751357086002818 58833.344342506956 60528.583187346347 9476.2966773919761 1093.3931218320504 21410.456917332485 139347.87145557906 4865.8215528540313 23.977707870304585 24613.571826298721 5577.0167444422841 11052.912436947692 31501.604801364243 8144.4635055863764 31444.411094521172 4633.2901484845206 9748.8070115409791 21262.012449403759 226.20246495679021 19145.776422182098 13858.381889479235
leaf_count=14585662 71344 353080 180726 91 8372 30030 105742 1456 455 91 303121 382928 58968 13104 123760 754572 31577 364 126854 21385 107471 97279 558558 116662 21931 29120 233142 1729 87633 95732
internal_value=0.00024664 0.00273993 0.00747029 0.00335668 0.00165271 -0.0120987 -0.0166686 -0.0496803 0.0839045 0.0182903 -0.000781773 0.000558278 0.00695907 0.026792 0.00347554 -0.0051793 0.0372383 -0.223689 -0.00191309 0.0184032 0.00625633 -0.000494378 0.00703025 -0.00313698 0.00168373 -0.013217 0.00520803 0.0113008 -0.00748597 -0.00447096
internal_weight=1.19853e+06 349997 142127 102977 98046.2 27299.5 24642.2 4559.56 365.193 39150.3 848534 650353 70746.6 10569.7 60177 198181 4930.9 65.0834 46024 39146.4 16629.9 207870 54028.2 153841 45883.7 14382.1 52706.4 60754.8 101135 81989.2
internal_count=18502939 2474927 881790 572117 540085 146055 137683 31941 1911 309673 16028012 14970319 394030 72072 321958 1057693 32032 455 250614 309582 128856 1593137 706888 886249 148330 51051 349804 384657 536445 448812
is_linear=0
shrinkage=0.05


Tree=145
num_leaves=31
num_cat=0
split_feature=8 11 11 12 1 1 11 1 0 11 0 0 11 11 4 11 7 1 4 0 6 5 1 6 9 2 2 5 2 5
split_gain=1222.75 1160.55 2615.45 1916.21 1894.19 2114.77 1644.87 2378.05 4078.11 2333.59 2197.1 1906.43 1773 1796.28 1689.6 2100.18 1773.26 1634.06 1628.07 1624.83 1560.48 1548.8 1534.76 1527.57 1457.48 2230.49 3071.59 1953.72 1526.44 1428.86
threshold=1.0000000180025095e-35 8.5000000000000018 11.500000000000002 74.500000000000014 0.075961538461538428 0.68042553191489363 18.500000000000004 0.059714795008912643 0.61761982570806107 13.500000000000002 0.44787770708823343 0.30349511599511608 20.500000000000004 32.500000000000007 0.89666399019002252 22.500000000000004 1.0000000180025095e-35 0.061553030303030283 0.8913727434087354 0.76723623598623614 0.26491228070175443 0.18926915080761234 0.0439613526570048 0.18634259259259262 1.0000000180025095e-35 0.30952380952380959 0.5634920634920636 0.70853559870550165 0.88194444444444453 0.94771018455228995
decision_type=2 2 2 2 2 2 2 2 2 2 2 2 2 2 2 2 2 2 2 2 2 2 2 2 2 2 2 2 2 2
left_child=-1 -2 3 4 17 24 7 9 -9 10 29 12 20 21 15 -13 -16 -3 -19 -7 -8 -14 -11 -5 -6 -26 27 -27 -28 -4
right_child=1 2 6 23 5 19 11 8 -10 22 -12 14 13 -15 16 -17 -18 18 -20 -21 -22 -23 -24 -25 25 26 28 -29 -30 -31
leaf_value=-0.05435662817505682 0.001111710085298179 -0.020643657987338165 -0.0096401402352652554 0.08309891509545253 4.1636485931545117e-05 0.030964160442622499 0.036831560278889598 -0.014440492401664293 0.013025684671652807 0.011314183496750424 0.16924047773979847 -0.0084810912748161348 0.15053951967048532 -0.078277817941591277 -0.0033852886286205317 -0.038166258336761127 0.052646834961389471 -0.05165899582330824 -0.18301671885902887 -0.036015788127874877 -0.10036887895948102 0.024265033920868258 0.03458352508591192 -0.084135670309421512 -0.05565376174958523 0.045619146208696781 -0.034056598412349891 -0.0081000111861813835 0.057337367666659991 -0.08374859170242939
leaf_weight=1024.7811789389234 932333.90868694987 11101.403737928951 8512.7734509006841 896.09374384756666 52279.967229725502 1010.2728956255596 322.74609131459147 33101.2031302838 22839.482138925756 45281.23103289475 164.15804712485988 17724.574685532949 251.57554909272585 415.26683316461276 13812.333924961276 8975.3694205100765 1572.7966053970158 1543.6402301523485 278.43374760821462 8725.6627988102846 579.12390813603997 6985.5381947384449 8400.8552032393054 161.09755874052644 3016.0087454352179 3104.6371339965845 7937.9334132764488 3721.3128652581945 484.76263708947226 704.22743239626288
leaf_count=651105 13393835 110292 76349 15925 1122485 2730 6370 1295294 283374 263991 3549 436891 1820 7189 65884 350896 7007 39312 2002 38311 2912 46228 58058 1274 159341 11375 31941 12012 1820 3367
internal_value=0.000236369 0.000283137 -0.00264409 -0.0093217 -0.0100809 -0.00722106 0.00106629 0.00427795 -0.00322659 0.0109349 -0.0120732 -0.00648122 0.0150371 0.0228517 -0.0108551 -0.01846 0.00234278 -0.0278466 -0.071732 -0.0290655 -0.0512699 0.0286546 0.0149557 0.0576153 -0.00420629 -0.0163654 -0.00859458 0.016333 -0.0287965 -0.0153024
internal_weight=1.19726e+06 1.19624e+06 263904 94261.2 93204 80280.6 169643 119004 55940.7 63063.2 9381.16 50639.3 8554.25 7652.38 42085.1 26699.9 15385.1 12923.5 1822.07 9735.94 901.87 7237.11 53682.1 1057.19 70544.6 18264.7 15248.6 6825.95 8422.7 9217
internal_count=18502939 17851834 4457999 1548820 1531621 1380015 2909179 1983982 1578668 405314 83265 925197 64519 55237 860678 787787 72891 151606 41314 41041 9282 48048 322049 17199 1338974 216489 57148 23387 33761 79716
is_linear=0
shrinkage=0.05


Tree=146
num_leaves=31
num_cat=0
split_feature=4 5 4 7 6 12 12 4 6 1 11 1 2 0 1 6 4 5 4 5 7 12 4 4 6 4 6 12 6 4
split_gain=1160.68 2325.49 2295.88 2190.93 2087.85 2143.95 4192.85 1828.76 2596.23 2897.04 2223.04 2052.27 1863.79 1826.97 1773.17 1774.49 4309.16 1610.92 2978.06 2516.88 3494.11 2415.32 4741.13 1808.08 3244.56 2135.31 1940.19 2654.67 1922.42 4365.84
threshold=0.873084964458955 0.82063376874697636 0.94744415456745323 1.0000000180025095e-35 0.52786377708978338 8.5000000000000018 5.5000000000000009 0.8913727434087354 0.58957219251336912 0.23606811145510839 3.5000000000000004 0.47673160173160178 0.19090909090909094 0.47566485658590923 0.15301003344481609 0.92450142450142458 0.88578179283369018 0.6564078282828284 0.81711599808393987 0.43427698032961198 1.0000000180025095e-35 7.5000000000000009 0.8360457913643361 0.75097503627564477 0.35388994307400384 0.65350836971321902 0.17752100840336138 53.500000000000007 0.10435571687840291 0.49538950897983552
decision_type=2 2 2 2 2 2 2 2 2 2 2 2 2 2 2 2 2 2 2 2 2 2 2 2 2 2 2 2 2 2
left_child=17 2 4 -4 5 6 -2 8 10 13 -3 12 -11 -10 15 -6 -17 18 23 20 -20 22 -19 24 25 28 27 -27 29 -1
right_child=1 7 3 -5 14 -7 -8 -9 9 11 -12 -13 -14 -15 -16 16 -18 21 19 -21 -22 -23 -24 -25 -26 26 -28 -29 -30 -31
leaf_value=0.0015812503508261428 0.0057035077623378561 -0.011306082109139814 0.036863260180468579 -0.035240355594539217 -0.00058110466672752447 0.012939877662045577 -0.02399399624112554 0.00038383150284408728 -0.028654892770267337 -0.051630481149692979 0.062858243452701051 -0.041038189359895512 -0.19733085800171124 0.038839010617186663 0.014171736522810447 -0.013913877979583714 -0.88738918310141934 0.0074934360903614987 0.043836628820584256 0.0061142137132919293 -0.045439544346274029 -0.011365911583664123 -0.014205525516199163 -0.011106308940444013 0.010459065159619993 -0.028024333153664434 -0.004667728478008548 0.038044197628347987 0.0061893547225868178 -0.01706178136537663
leaf_weight=135013.43210501719 27775.92710960866 2934.7258947957307 9681.8856256408617 1182.1881861872971 25222.099911637604 18652.038954746909 20774.754052862525 290218.97506688512 2230.90511104092 445.56117981299758 1540.9529530629516 5448.6372922761366 432.59057607874274 1821.0878752097487 69579.020072851796 52.285986632108688 19.343689352273941 71966.109736415558 9032.4852989575593 56702.651370028732 1247.3384596813703 83358.316338714212 38716.370149516966 40700.211552892521 62284.987515396904 18126.661948917405 67153.865097347065 1659.6174230702163 91223.598806987196 40921.241192632035
leaf_count=874783 134316 10465 68523 14833 92729 93821 100737 2123485 8918 2093 4823 35854 2457 5096 541541 182 364 381654 88452 368277 155610 453089 195923 375557 385203 2067793 1053234 19929 1508871 7334327
internal_value=0.000224728 0.00213376 0.0067657 0.0290172 0.00527416 -0.0014686 -0.007004 -0.000491982 -0.0176032 -0.03133 0.0142283 -0.0524706 -0.123405 0.0016789 0.0100504 -0.00128686 -0.249797 -0.00104603 0.000394973 0.010241 0.033004 -0.00493791 -9.67898e-05 -0.00104789 -6.47146e-05 -0.00191582 -0.00872215 -0.0224827 0.000299133 -0.002755
internal_weight=1.19612e+06 478013 172940 10864.1 162075 67202.7 48550.7 305073 14854.5 10378.8 4475.68 6326.79 878.152 4051.99 94872.7 25293.7 71.6297 718107 524066 66982.5 10279.8 194041 110682 457084 416383 354098 86940.1 19786.3 267158 175935
internal_count=18502939 3240237 1047046 83356 963690 328874 235053 2193191 69706 54418 15288 40404 4550 14014 634816 93275 546 15262702 14232036 612339 244062 1030666 577577 13619697 13244140 12858937 3140956 2087722 9717981 8209110
is_linear=0
shrinkage=0.05


Tree=147
num_leaves=31
num_cat=0
split_feature=6 4 5 4 12 4 12 5 5 1 12 6 4 4 5 12 5 5 11 1 0 10 5 12 4 5 6 5 1 6
split_gain=1168.08 2506.46 2313.98 3667.2 4458.8 2932.48 2467.36 2737.91 2278.55 2214.74 2158.86 2953.88 2110.76 2104.76 2044.12 2012.22 2875.67 3224.19 2588.49 2501.49 1977 3032.56 2302.84 2128.07 5281.25 2431.57 2166.51 2110.79 2026.18 1874.86
threshold=0.78759398496240618 0.99222761596548015 0.8287593984962407 0.96843892137751797 1.5000000000000002 0.94389916592433776 2.5000000000000004 0.2211032388663968 0.94771018455228995 0.12933094384707292 4.5000000000000009 0.43875000000000003 0.92499961861174695 0.7813336760705184 0.97969490826633698 6.5000000000000009 0.27241805813234388 0.76279923117246207 7.5000000000000009 0.056349206349206378 0.58890923890923907 1.0000000180025095e-35 0.89893315174214061 6.5000000000000009 0.8913727434087354 0.86219390304847587 0.85357142857142865 0.85516781083142657 0.12403846153846156 0.94868421052631591
decision_type=2 2 2 2 2 2 2 2 2 2 2 2 2 2 2 2 2 2 2 2 2 2 2 2 2 2 2 2 2 2
left_child=1 2 5 8 -5 6 7 -1 10 -6 -4 -12 -9 -13 -3 16 -8 18 -18 -19 21 27 23 -22 25 -25 -27 28 -2 -24
right_child=20 14 3 4 9 -7 15 12 -10 -11 11 13 -14 -15 -16 -17 17 19 -20 -21 22 -23 29 24 -26 26 -28 -29 -30 -31
leaf_value=-0.039124592279419876 -0.07778153990908146 0.042650658098340996 -0.016671551672552101 -0.0049823621170391984 -0.033651873954619625 0.022212999928229761 -0.039682379652730214 0.0068282810018023103 0.021238105695801375 0.029647461260329133 0.044563071933178232 -0.17176682049916739 0.03601957719721767 -0.0058116770370887994 -0.045286637153839238 0.00038657591807748399 0.0056982705232513494 0.027515693330373465 -0.014491373009538075 -0.019251245782731522 0.03524173198083682 0.01149101069802301 -0.0074605102208773547 -0.0088037984040708461 0.026737380858480791 -0.11706119094055459 0.0040964476801725828 -0.004201798792543409 -0.017218993250954457 0.017668890253570723
leaf_weight=3080.2769663219224 1905.4392546638846 5304.3769168369472 76885.079196581617 36702.428880829364 1498.4261944852769 15355.945859496947 6179.4958861153864 95550.075024451304 5604.9769138358533 17763.373299872037 3008.914333306253 191.79386281222105 6621.7275082683191 49696.76728716027 754.89259663969278 594037.370026513 65493.924305944471 3078.5647157859057 20955.028248040908 40146.347258258611 13886.095285926946 31552.667001016438 20616.375515754335 3488.3473151219077 12554.217035768088 1235.290162621066 526.13075081817806 44344.978934308514 5018.2697650268674 11597.929394271341
leaf_count=819637 7644 42224 402129 163436 6370 110383 1419782 1276275 24388 153153 8372 1274 30303 292474 3367 10816351 874601 9282 502138 215215 134225 117663 171899 30576 161889 7917 3913 140595 19110 536354
internal_value=0.000215064 -0.000369969 -0.000556455 -0.0055243 0.00524173 0.000561249 0.000163134 0.00731995 -0.00997458 0.0247232 -0.0113226 -0.00354797 0.00872016 -0.00644968 0.031695 -0.000868897 -0.00635862 -0.00477061 0.000804347 -0.0159204 0.00439334 -0.000704821 0.0110007 0.0205704 0.00912756 -0.0329843 -0.0808718 -0.00821059 -0.0338861 0.00158668
internal_weight=1.19464e+06 1.04791e+06 1.04185e+06 191352 55964.2 850499 835143 105252 135388 19261.8 129783 52897.5 102172 49888.6 6059.27 729891 135853 129674 86449 43224.9 146726 82821.4 63904.4 31690.1 17804 5249.77 1761.42 51268.7 6923.71 32214.3
internal_count=18502939 17171154 17125563 1051596 322959 16073967 15963584 2126215 728637 159523 704249 302120 1306578 293748 45591 13837369 3021018 1601236 1376739 224497 1331785 285012 1046773 338520 204295 42406 11830 167349 26754 708253
is_linear=0
shrinkage=0.05


Tree=148
num_leaves=31
num_cat=0
split_feature=2 6 7 0 0 4 0 0 2 1 5 1 6 12 5 12 11 5 2 9 1 4 10 0 11 1 12 4 12 2
split_gain=1178.81 3120.72 2573.92 1375.27 2667.31 1444.19 1314.1 2069.61 3212.61 2102.52 1584.82 1820.14 1412.49 3444.72 1866.48 2100.37 2466.27 1582.79 2162.39 1739.83 2599.91 1662.01 1476.38 1383.2 1588.47 2877.97 16693.7 2945.85 1708.1 1504.8
threshold=0.43650793650793657 0.94590643274853814 1.0000000180025095e-35 0.58305485937064894 0.59606410746116645 0.75600130307653191 0.89045548654244322 0.82210775335775355 0.11805555555555557 0.64051282051282066 0.56443628233791132 0.78647416413373872 0.15075757575757578 57.500000000000007 1.0000000180025095e-35 31.500000000000004 1.5000000000000002 0.17083593912862208 0.095454545454545472 1.0000000180025095e-35 0.26747967479674806 0.51586944086944098 1.0000000180025095e-35 0.8445851016799294 1.0000000180025095e-35 0.63245614035087727 3.5000000000000004 0.89951013682213132 49.500000000000007 0.41428571428571431
decision_type=2 2 2 2 2 2 2 2 2 2 2 2 2 2 2 2 2 2 2 2 2 2 2 2 2 2 2 2 2 2
left_child=6 2 3 5 -5 -2 7 12 -9 23 -8 -12 13 14 15 16 -1 19 21 -15 -21 -19 -16 -10 25 28 -27 -28 29 -25
right_child=1 -3 -4 4 -6 -7 10 8 9 -11 11 -13 -14 17 22 -17 -18 18 -20 20 -22 -23 -24 24 -26 26 27 -29 -30 -31
leaf_value=0.20722771834174003 0.041938069416918189 0.04656014788739686 0.036825070178443553 -0.13381336612899494 0.00074776029430060232 0.0066005314272767042 0.026189015499799757 0.02273319759048564 -0.063112376741845555 0.00041436668872842157 0.016564533054499769 -0.012949979749680728 -0.00094413157371445167 -0.038797634986072659 -0.042173248751141451 -0.019758482521349541 0.0032294946867430364 0.11245906211312005 0.12172357635202109 0.12072181331894352 -0.050747588453320905 0.0012238884157651012 -0.0079272871706189806 0.023767995583998728 -0.035034731490315989 -10.350420805088721 0.043160300067056651 -2.0089078145646351 0.31748853078726524 -0.83498112003438907
leaf_weight=282.52186974990764 3962.424275076366 3821.1787417879095 5049.1282084337436 368.47409955738112 689091.43824146618 10695.58269158937 8857.1947194658569 4108.9356480573479 3650.6962032534939 5275.379374694312 9882.2464057668112 11080.878138674889 406290.59518876777 1684.2605077359185 9937.296883088944 944.00928297330393 311.52959652809659 409.04964854591526 697.50409176410176 515.79982613376342 386.88317208783701 1875.4476127283706 4605.866458910954 1212.6914337615017 8048.4126893442008 0.43747209105640372 8.4035770024638605 2.2085405010730037 50.297125787008554 5.1229168698191634
leaf_count=3094 37037 483210 137774 2457 6596499 28665 87997 28756 110838 48594 59150 121485 3686046 150332 5892432 35035 19110 21840 36491 17563 8463 232141 497042 10374 149513 91 364 91 364 91
internal_value=0.000206247 0.00149594 0.00125313 0.000998045 0.000675846 0.0161531 -0.00170896 -0.00238211 -0.0172105 -0.0262019 0.00845594 0.000963485 -0.00160724 -0.0140512 -0.0257878 0.0265921 0.100248 0.0198402 0.0446678 -0.00877886 0.0472313 0.0211411 -0.0313274 -0.0370208 -0.0268089 0.0249479 -0.778497 -0.383906 0.0319487 0.0201555
internal_weight=1.19311e+06 712988 709167 704118 689460 14658 480124 450303 22362.6 18253.6 29820.3 20963.1 427941 21650.2 16081.2 1538.06 594.051 5568.94 2982 2586.94 902.683 2284.5 14543.2 12978.3 9327.57 1279.16 11.0496 10.6121 1268.11 1217.81
internal_count=18502939 7285642 6802432 6664658 6598956 65702 11217297 10948665 349076 320320 268632 180635 10599589 6913543 6446713 57239 22204 466830 290472 176358 26026 253981 6389474 271726 160888 11375 546 455 10829 10465
is_linear=0
shrinkage=0.05


Tree=149
num_leaves=31
num_cat=0
split_feature=8 11 1 11 11 0 6 4 6 0 1 5 10 1 0 2 2 9 11 11 6 7 1 12 9 0 4 12 10 2
split_gain=1145.38 1073.04 1186.67 2313.05 2279.81 3051.2 2359.93 7414.49 4512.35 3110.38 1975.21 1729.52 2031.55 1646.92 1790.73 3971.81 3831.26 3505.93 4220.23 4001.08 2862.25 2849.93 2711.32 2551.64 2541.7 2517.93 2185.34 2082.74 2042.98 1936.21
threshold=1.0000000180025095e-35 30.500000000000004 1.0000000180025095e-35 21.500000000000004 25.500000000000004 0.38224867724867734 0.21583850931677021 0.8360457913643361 0.19677419354838713 0.39635934833703595 0.042109929078014148 0.32960789210789221 1.0000000180025095e-35 0.032795698924731172 0.6344958951866847 0.10555555555555557 1.0000000180025095e-35 1.0000000180025095e-35 1.5000000000000002 2.5000000000000004 0.13100686498855837 1.0000000180025095e-35 0.40212765957446817 71.500000000000014 1.0000000180025095e-35 0.56273219814241504 0.64571741717050657 25.500000000000004 1.0000000180025095e-35 0.43650793650793657
decision_type=2 2 2 2 2 2 2 2 2 2 2 2 2 2 2 2 2 2 2 2 2 2 2 2 2 2 2 2 2 2
left_child=-1 2 4 13 5 11 7 8 -7 -10 -5 -2 -13 -4 16 24 17 19 23 -15 -21 29 -22 -19 26 27 -16 -18 -20 -17
right_child=1 -3 3 10 -6 6 -8 -9 9 -11 -12 12 -14 14 15 21 25 18 28 20 22 -23 -24 -25 -26 -27 -28 -29 -30 -31
leaf_value=-0.054243435811832413 -0.081615014773509589 -0.030423237685617079 0.010769080602997664 -0.032397757586148788 0.049594412131368185 -0.013876387582508341 0.019734341826570793 1.2173507999880453 0.37542260481552847 0.065279340217423348 0.002805541580261296 -0.043371068563005086 0.0086331862827133347 -0.018637465023138493 0.062127321456840669 -0.0074516160030662377 0.012596193680721691 0.0067713413556313648 -0.045818593546592401 -0.039602120224125209 -0.00061392480509394286 0.03123713532795654 0.070833776329278383 0.23167826631372557 -0.014165439771727914 -0.0059201809255920168 0.017711465957605223 0.048863226694344002 0.015798331867322365 0.0009846008651641315
leaf_weight=965.26514620077796 843.53809407836525 2845.5464680541772 36901.194414951839 10021.879026824958 3410.4710930128349 440.01183147146367 6219.2613412942737 14.881706595420836 174.51611742191017 150.60478628333658 6614.4630852177506 2666.5748874128913 6350.2098748824792 38890.359120297071 3032.938845793542 75463.705539718037 27139.654590234801 5247.2580928220414 13258.485089136288 4701.7934613768593 188013.91150593641 7445.1123739234172 1337.2774951774627 129.21676009311341 5802.739338077663 17076.011641944759 31869.410119105945 4634.7152075076592 1497.1603054468287 688942.14228860824
leaf_count=651105 53417 84539 221585 137046 18382 72527 32214 91 455 3367 266175 28574 25298 1172444 108563 1252433 370279 135863 853671 2751567 2162069 221949 2548 2093 63973 535808 227773 107107 9555 6930469
internal_value=0.00019989 0.00024401 0.000317447 0.000109298 0.0123116 0.00476981 0.0300163 0.111997 0.0904979 0.231756 -0.0184012 -0.0131512 -0.00674627 0.000376757 3.26603e-05 0.00125438 -0.00325529 -0.00572985 -0.0257481 -0.00399977 -0.00106622 0.000451603 -0.000109331 0.0121767 0.0164767 0.00956452 0.0215711 0.0178862 -0.0395667 0.00015176
internal_weight=1.1921e+06 1.19114e+06 1.18829e+06 1.16802e+06 20270.1 16859.6 6999.28 780.014 765.133 325.121 16636.3 9860.32 9016.78 1.15138e+06 1.11448e+06 812556 301926 253075 20132.1 232943 194053 771851 189351 5376.47 40705.1 48850.4 34902.3 31774.4 14755.6 764406
internal_count=18502939 17851834 17767295 17532970 234325 215943 108654 76440 76349 3822 403221 107289 53872 17129749 16908164 8805160 8103004 7089810 1001182 6088628 4916184 8404851 2164617 137956 400309 1013194 336336 477386 863226 8182902
is_linear=0
shrinkage=0.05


Tree=150
num_leaves=31
num_cat=0
split_feature=6 11 1 0 5 12 4 4 4 2 7 11 1 0 9 4 11 4 9 11 11 0 1 1 10 2 1 11 1 6
split_gain=1129.93 1507.89 1656.59 1589.89 1474.95 2978.7 2653.87 1474.5 4448.45 2721.58 1767.54 1874.54 1322.73 2688.68 1247.19 1155.38 1141.59 1631.08 1118.12 4431.26 2734.36 2857.34 5557.93 2102.15 1641.21 1756.75 2699.84 2590.62 3870.74 2151.05
threshold=0.82480818414322254 8.5000000000000018 0.68042553191489363 0.82210775335775355 0.90336728919071885 6.5000000000000009 0.94069986234841318 0.99912280701754397 0.97657880461357338 0.23611111111111113 1.0000000180025095e-35 18.500000000000004 0.12403846153846156 0.58169288795887275 1.0000000180025095e-35 0.81068356246927686 12.500000000000002 0.8913727434087354 1.0000000180025095e-35 4.5000000000000009 7.5000000000000009 0.87333880678708276 0.68857758620689669 0.81016731016731025 1.0000000180025095e-35 0.16025641025641027 0.3133928571428572 1.5000000000000002 0.8190909090909092 0.22902097902097904
decision_type=2 2 2 2 2 2 2 2 2 2 2 2 2 2 2 2 2 2 2 2 2 2 2 2 2 2 2 2 2 2
left_child=1 18 -3 -4 5 -2 -7 8 15 10 14 12 -12 -14 -9 -6 -5 -18 20 24 -1 22 -22 -21 25 27 29 -20 -29 -27
right_child=4 2 3 16 7 6 -8 9 -10 -11 11 -13 13 -15 -16 -17 17 -19 19 23 21 -23 -24 -25 -26 26 -28 28 -30 -31
leaf_value=-0.0010370857708888379 0.03163746778450572 -0.0030737909756148921 0.014708022588191198 -0.03288403725945141 -0.67498068618990892 -0.0049032872545812902 0.038023541777528751 0.0085857602190674964 -0.036858460142668741 0.039575985939759348 0.0067746945148802811 0.045630966955211828 -0.091984576677064625 -0.00022775196509517228 -0.028251162662671109 0.0053985826262131211 -0.10553873348238813 -0.85932083422987648 0.0079077891870322613 -0.013376120453284544 0.0068277117757946501 0.034479405056618062 -0.16774496835533848 -0.1114256683700087 0.052051082754225313 0.089760005435787868 0.0060063774501068583 -0.037093408250268439 -1.1849100348275772 0.023371843394960252
leaf_weight=634753.67421108461 13659.74968927505 207303.56706530775 2107.4929490080103 7880.9073833249277 6.2415910363197318 20608.224065695424 4362.7147891256027 32941.150351764634 9138.4724908759817 5458.0244714556029 1234.1079390794039 800.7430379986763 1924.9524806588888 1364.1394215114415 2470.0710859578103 20178.654308998026 25.616833242122084 9.9697794616222364 6994.7176843606867 24804.590398436936 17497.937655382499 11174.319638454996 468.13045171648264 558.97278942470439 1986.4030881574727 1412.6696231277892 145176.89195027913 5180.9727648460539 7.3553727343678466 8952.4903744561598
leaf_count=9619246 105378 4425421 6006 34125 91 162981 41223 104468 50141 504595 3003 1365 7189 6370 10010 141414 546 182 165984 437983 504504 45136 3185 3094 9191 43043 1763034 281463 182 22386
internal_value=0.000188604 -0.000313055 -0.00403372 -0.0238857 0.00491876 0.0128654 0.00259653 0.000853655 -0.00791542 0.00642025 0.00197778 -0.0248833 -0.0373664 -0.0539288 0.00601624 0.0051882 -0.0341599 -0.316715 0.000628308 0.00395624 -0.000349552 0.0146267 0.00227898 -0.015537 0.00686952 0.00633442 0.00776655 -0.0119496 -0.0387206 0.0324199
internal_weight=1.19044e+06 1.0763e+06 217328 10024 114147 38630.7 24970.9 75516.6 29323.4 46193.2 40735.2 5323.94 4523.2 3289.09 35411.2 20184.9 7916.49 35.5866 858969 195075 663894 29140.4 17966.1 25363.6 169712 167725 155542 12183 5188.33 10365.2
internal_count=18502939 17364711 4466280 40859 1138228 309582 204204 828646 191646 637000 132405 17927 16562 13559 114478 141505 34853 728 12898431 2726360 10172071 552825 507689 441077 2285283 2276092 1828463 447629 281645 65429
is_linear=0
shrinkage=0.05


Tree=151
num_leaves=31
num_cat=0
split_feature=8 4 5 6 4 0 5 12 4 4 6 4 6 2 5 5 1 7 6 0 4 6 1 6 6 5 0 1 12 12
split_gain=1084.23 1019.6 2674.3 1598.93 1615.63 1776.94 1474.04 3014.77 4247.04 3005.79 2654.56 3392.23 2649.82 2249.17 2185.67 2158.25 2086.1 2082.88 1993.19 2264.59 3626.53 2181.08 2061.28 1966.12 1957.41 1936.16 1930.12 1932.56 1936.76 2738.01
threshold=1.0000000180025095e-35 0.8659537305672772 0.73363914373088701 0.6132478632478634 0.92499961861174695 0.37344853766422409 0.64204028589993511 7.5000000000000009 0.8360457913643361 0.81711599808393987 0.47722567287784684 0.69804274383078746 0.30151515151515157 0.38750000000000007 0.39489928525016249 0.45665593129361254 0.46247654784240155 1.0000000180025095e-35 0.28801843317972359 0.68817201317201315 0.82142483952828793 0.37268518518518523 0.077935222672064777 0.43875000000000003 0.78019323671497598 0.54915769124551239 0.41475260532754815 0.29217479674796754 13.500000000000002 2.5000000000000004
decision_type=2 2 2 2 2 2 2 2 2 2 2 2 2 2 2 2 2 2 2 2 2 2 2 2 2 2 2 2 2 2
left_child=-1 6 3 4 -3 -6 9 8 18 10 11 12 -2 25 -14 17 -15 -11 19 20 -8 -20 -23 -19 -10 -13 27 28 29 -27
right_child=1 2 -4 -5 5 -7 7 -9 24 15 -12 13 14 16 -16 -17 -18 23 21 -21 -22 22 -24 -25 -26 26 -28 -29 -30 -31
leaf_value=-0.054064651767441588 -0.0014193786676378257 0.0037725516051659567 0.00037578892914014617 0.022124266024051421 -0.95234905184136887 0.038872101655225977 0.086226921709182572 -0.012019456625368987 -0.020189547806378855 0.037118906265951622 0.015275749872718784 -0.031537023603596198 0.030583374514083106 0.04410890709178663 0.0048248753853384462 0.0060177749402253395 -0.0065176948906447959 -0.038043343375307397 -0.045626173688724375 0.02904670834393714 0.47974667607435056 0.026576304708513389 0.0030463228890226825 0.21242985650776355 0.015865315189415276 0.042910049277613695 -0.028264803834845482 0.3211095327671023 0.030577042279274488 -0.055088299878052471
leaf_weight=920.44478362589143 307228.29787919961 52313.964822881157 422094.86513068911 21362.577431214042 4.526824574917554 3761.3376412503421 343.881868139375 81731.729680198245 26154.389538687188 11061.826960191363 23763.125218187459 19369.621635405696 11559.359953322913 2148.20578596415 28638.950598407071 43536.513631070964 38537.765554277226 1471.0597868472105 2046.3632939243689 3217.6683963388205 70.558842460624874 11039.951539374888 59311.640570617281 82.755585370585322 4397.2896498963237 1086.9504234595224 5800.7564052708913 49.673096597194672 4163.4914321904071 2070.3473543846048
leaf_count=651105 11364990 310037 2884700 166985 91 20111 7462 445991 128401 101920 127946 798707 67431 5005 182455 273819 157885 164801 18109 7280 546 32123 342888 1001 28756 6188 165074 91 20475 20566
internal_value=0.000180958 0.000222972 0.00194281 0.0104838 0.00604954 0.0376806 -0.00102416 -0.00479504 0.000744966 0.000394448 -0.000982779 -0.00190124 0.000160121 -0.0116814 0.0122319 0.0112945 -0.00384463 0.0295045 0.00707195 0.0432159 0.153224 0.00525865 0.00673877 -0.0247032 -0.0150002 -0.0214798 -0.00668961 0.0102907 0.00818169 -0.0213508
internal_weight=1.18934e+06 1.18842e+06 499537 77442.4 56079.8 3765.86 688882 188313 106582 500569 444417 420653 347427 73226.8 40198.3 56152.2 40686 12615.6 76030.1 3632.11 414.441 72398 70351.6 1553.82 30551.7 32540.8 13171.2 7370.46 7320.79 3157.3
internal_count=18502939 17851834 3381924 497224 330239 20202 14469910 1011556 565565 13458354 12916813 12788867 11614876 1173991 249886 541541 162890 267722 408408 15288 8008 393120 375011 165802 157157 1011101 212394 47320 47229 26754
is_linear=0
shrinkage=0.05


Tree=152
num_leaves=31
num_cat=0
split_feature=8 0 2 2 6 6 7 11 2 1 9 5 6 11 11 5 4 12 12 4 2 11 11 0 12 1 0 5 2 9
split_gain=1027.55 1032.06 3007.88 2685.31 4519.23 2333.77 1768.28 1674.54 2569.06 2217.56 2195.81 1835.15 1775.39 1557.27 1643.01 1515.41 1405.4 1436.23 1754.25 4025.64 1342.46 1874.02 2515.14 1721.12 2315.5 1438.76 1780.51 1375.61 2053.25 3114.02
threshold=1.0000000180025095e-35 0.93135579017931969 0.88194444444444453 0.73214285714285732 0.26491228070175443 0.8973684210526317 1.0000000180025095e-35 4.5000000000000009 0.88194444444444453 0.88303693570451447 1.0000000180025095e-35 0.42912946428571436 0.098387096774193564 7.5000000000000009 8.5000000000000018 0.40930735930735934 0.77034296658459778 11.500000000000002 12.500000000000002 0.44347452395479253 0.73214285714285732 10.500000000000002 7.5000000000000009 0.90639936576637359 13.500000000000002 0.76095238095238105 0.87914377289377299 0.53386644577545572 0.23611111111111113 1.0000000180025095e-35
decision_type=2 2 2 2 2 2 2 2 2 2 2 2 2 2 2 2 2 2 2 2 2 2 2 2 2 2 2 2 2 2
left_child=-1 2 20 4 -3 6 7 9 13 -5 -11 15 -13 -9 -15 16 17 -12 19 -19 25 22 23 -22 -25 -2 -27 -28 29 -29
right_child=1 3 -4 5 -6 -7 -8 8 -10 10 11 12 -14 14 -16 -17 -18 18 -20 -21 21 -23 -24 24 -26 26 27 28 -30 -31
leaf_value=-0.053887916567328442 -0.0015360426061848604 0.048002309817266373 0.043307437392544022 0.039131181164562066 0.0060908630112369517 0.039846036972931667 0.042235872421031308 -0.052672114773454737 0.049310265141434433 -0.0012933909508665257 -0.018689013345852264 0.10121047280971816 0.012586205432959525 0.03474451932707541 -0.030822515988833898 -0.048032797947659064 0.059242917843125659 0.43039513540078478 0.0032340546829729196 0.032649249896664859 0.024276659892156809 0.020919009655091352 -0.036853646571187532 -0.017128236127019286 -0.21343311938163045 0.032912870103119184 0.031568454591553212 -0.050614119189023477 -0.0074661118030005637 -0.41106185879330442
leaf_weight=878.35332651319914 553384.12485151633 7839.1058701516595 3759.9749987814575 3716.3979146978818 35829.882784751593 3788.2315954212099 2522.1751456996426 4007.4435387451667 1157.0330169401132 420355.5298310325 7996.8996740337461 571.5052068978548 50452.636401578318 1416.8150414987467 2934.1284761048155 1549.0210027135909 1055.3739211075008 77.728969141840935 51635.30043134233 350.36116069788113 3746.318364002509 3055.5820777371991 9960.3471299223602 1486.7209135193843 167.10192128876224 6861.3383751062211 2203.6702082181582 254.56287162750959 5324.1440561646596 78.367435766384006
leaf_count=651105 10967957 52052 16289 19656 305123 423514 95004 21658 4641 4223219 351351 819 726362 4641 12649 10192 7007 273 375648 20111 25662 10556 45591 8281 1547 51233 19383 2912 47320 1183
internal_value=0.000172157 0.000212142 -0.00127054 0.00167752 0.0136145 0.000735887 0.00046641 0.000273911 -0.020518 0.000641814 0.000373968 0.0065389 0.0135789 -0.0301842 -0.00947166 0.000806675 0.00204455 0.00103946 0.00406974 0.104869 -0.00155632 -0.0148423 -0.0219561 0.00552173 -0.0369628 -0.00112563 0.0143012 -0.00194416 -0.0149987 -0.135459
internal_weight=1.18842e+06 1.18754e+06 590282 597256 43669 553587 549798 547276 9515.42 537761 534044 113689 51024.1 8358.39 4350.94 62664.7 61115.7 60060.3 52063.4 428.09 586522 18416.1 15360.5 5400.14 1653.82 568106 14722.1 7860.74 5657.07 332.93
internal_count=18502939 17851834 11197914 6653920 357175 6296745 5873231 5778227 43589 5734638 5714982 1491763 727181 38948 17290 764582 754390 747383 396032 20384 11181625 91637 81081 35490 9828 11089988 122031 70798 51415 4095
is_linear=0
shrinkage=0.05


Tree=153
num_leaves=31
num_cat=0
split_feature=6 5 12 12 1 4 5 6 12 11 2 6 6 7 7 11 5 6 7 6 12 5 6 1 2 0 10 1 6 4
split_gain=1012.11 2095.25 1891.55 1768.54 1451.58 1401.29 2295.98 1840.38 2651.73 3442.17 2519.56 1857.02 1966.13 1606.33 1589.89 1690.78 1383.2 3842.07 2363.84 2115.71 2396.13 2101.24 2067.98 2001.54 1811.01 3236.46 3165.91 3153.29 2549.04 2494.91
threshold=0.65301003344481623 0.87108993157380266 9.5000000000000018 10.500000000000002 0.16530054644808742 0.99222761596548015 0.97315315315315332 0.93933823529411775 1.0000000180025095e-35 4.5000000000000009 0.23611111111111113 0.90238095238095251 0.93095238095238109 1.0000000180025095e-35 1.0000000180025095e-35 18.500000000000004 0.6564078282828284 0.41421568627450983 1.0000000180025095e-35 0.62731481481481499 2.5000000000000004 0.54915769124551239 0.63245614035087727 0.077935222672064777 0.23611111111111113 0.56273219814241504 1.0000000180025095e-35 0.57979626485568769 0.15504807692307696 0.64571741717050657
decision_type=2 2 2 2 2 2 2 2 2 2 2 2 2 2 2 2 2 2 2 2 2 2 2 2 2 2 2 2 2 2
left_child=16 2 -2 -4 -5 13 -7 8 9 11 14 -8 -13 -3 -9 -16 17 24 19 -18 -21 -19 -23 -20 26 -26 27 28 -1 -30
right_child=1 5 3 4 -6 6 7 10 -10 -11 -12 12 -14 -15 15 -17 18 21 23 20 -22 22 -24 -25 25 -27 -28 -29 29 -31
leaf_value=-0.041720853622921272 0.0109904611597278 -0.0043687782555084454 -0.021417112944949367 -0.0095610667383809224 0.0098245429308052874 0.038341658463985732 -0.12661730218960951 0.0057939191453367728 0.0048861184393773193 -0.015407549124195131 0.038977763644849873 -2.1858004277183438 -0.4609452163668295 0.026549027677976733 -0.035123283387302487 0.044379547881434667 -0.0032080394189975244 0.020324174358658575 0.1051278999347714 0.0078965777970595591 -0.035810439518083242 0.0030113277061466774 0.056647086466171441 0.016316411485405375 0.03412225953216589 -0.00010487447905721719 0.00048351051363105309 0.047962085729047567 0.009246335036658072 -0.020878293942792642
leaf_weight=9829.3868292062834 97838.332310258644 143118.30099525489 8676.0550832552835 14537.573108013719 28760.968020935543 4942.0957948770374 997.83314910531044 35288.470948571339 3582.8673452781513 1576.5310629755259 5178.1635239508469 2.0340005364268992 8.8002842366695404 4328.0875736116432 4561.5494980979711 783.63100039958954 277294.80941758491 31831.073420618661 706.75517985224724 4497.5658372044563 10356.72424497176 61513.804595125839 1851.2059733793139 6196.9818046642467 7058.6961583521334 320680.33494471194 64005.313395959005 1818.2395312531735 9331.5378025087994 26088.009804727859
leaf_count=5599685 716443 879151 59696 52416 238238 38675 5187 114478 19565 4914 504777 91 91 42406 16562 1365 1338519 194103 1456 21567 55965 369278 9737 63245 288743 5188183 887887 14287 367367 1408862
internal_value=0.000164943 0.00240387 0.00689554 -0.000812847 0.00331579 -0.000888761 0.00577477 0.0026784 -0.0229617 -0.0615565 0.00613057 -0.133687 -0.784765 -0.00346123 0.00194467 -0.0234678 -0.000786953 0.000737713 -0.00350949 -0.00419285 -0.0225769 0.0098433 0.00457829 0.0254083 -0.00123766 0.000632294 -0.00675529 -0.0165991 -0.0191934 -0.0129417
internal_weight=1.18724e+06 354181 149813 51974.6 43298.5 204368 56922 51979.9 6168.07 2585.2 45811.8 1008.67 10.8343 147446 40633.7 5345.18 833060 534008 299053 292149 14854.3 95196.1 63365 6903.74 438812 327739 111072 47067.2 45248.9 35419.5
internal_count=18502939 2694055 1066793 350350 290654 1627262 705705 667030 29848 10283 637182 5369 182 921557 132405 17927 15808884 14328132 1480752 1416051 77532 573118 379015 64701 13755014 5476926 8278088 7390201 7375914 1776229
is_linear=0
shrinkage=0.05


Tree=154
num_leaves=31
num_cat=0
split_feature=6 5 12 4 11 11 12 1 0 1 6 0 4 4 2 7 11 0 1 1 0 11 0 4 11 11 6 5 5 12
split_gain=992.37 1346.17 2689.12 2450.1 1331.78 1478.31 1733.56 1638.38 1663.23 1357.18 1351.75 1274.12 1226.01 3836.51 2383.17 1424.79 1519.26 1198.92 2805.64 2007.5 3050.16 2829.81 4240.76 1831.25 1785.41 1857.2 2240.46 7798.78 6490.19 4276.4
threshold=0.82480818414322254 0.90336728919071885 6.5000000000000009 0.94069986234841318 8.5000000000000018 11.500000000000002 74.500000000000014 0.087595907928388797 0.52540062276904387 0.68042553191489363 0.18634259259259262 0.76723623598623614 0.99912280701754397 0.97657880461357338 0.23611111111111113 1.0000000180025095e-35 18.500000000000004 0.61761982570806107 0.070598006644518277 0.037386443046820435 0.36883862071960577 17.500000000000004 0.37477211135747729 0.98065871509894298 23.500000000000004 13.500000000000002 0.15504807692307696 0.42127011744236631 0.42583425009167591 2.5000000000000004
decision_type=2 2 2 2 2 2 2 2 2 2 2 2 2 2 2 2 2 2 2 2 2 2 2 2 2 2 2 2 2 2
left_child=4 2 -2 -4 -1 6 7 8 -6 -9 -8 -11 13 -3 15 -14 -17 18 19 20 -7 22 -22 -20 25 -21 27 29 -29 -27
right_child=1 12 3 -5 5 17 10 9 -10 11 -12 -13 14 -15 -16 16 -18 -19 23 24 21 -23 -24 -25 -26 26 -28 28 -30 -31
leaf_value=0.00057425202883897442 0.030371488027876477 0.0050474912971703338 -0.0045710714066859092 0.037150543527865044 -0.030221949597708443 0.004197018185617042 0.077335761849164825 -0.0043153501147547308 0.11868907029609253 0.031467363113118769 -0.081471686668836529 -0.030737913464129091 0.0055215326247662309 -0.033751616320486157 0.038504960737296007 -0.032868917074113074 0.043133655870659794 0.0099476827331969921 -0.019904236807979703 -0.011190257869421259 -0.025346527473111891 -0.03496901116789846 0.051628643276478772 0.046903679686862737 -0.069297553092696793 0.71609794792945036 0.020846757913228181 1.8575498131110699 0.42557978607554797 0.047557215093114953
leaf_weight=856123.2122815128 13328.898217685521 20132.451117934659 20642.709265379701 4241.9551617754623 11040.523683888037 46667.431796272649 913.99542380656931 59650.83421576726 190.75633431054302 911.22771456558257 157.01610541343689 8519.5643120765453 35180.673181897029 9321.3201549360529 4979.1408753048163 4628.8880049865693 766.39521779119968 22429.934110457689 24850.04341426141 4410.8427431321034 4639.3008034764207 11625.567661582521 2912.6579506038688 1069.8895952450112 609.4991254581837 24.619764413917437 15129.861408137251 9.8969840240897593 39.468267801566981 841.66311087120266
leaf_count=12898431 105378 141505 162981 41223 169715 341159 20475 1345526 3640 2457 1274 35945 114478 50141 504595 16562 1365 296387 1821456 61152 35217 160524 14105 5005 20657 4459 63518 182 1456 61971
internal_value=0.00015791 0.00460989 0.0122483 0.00254099 -0.000311962 -0.00381405 -0.00913875 -0.00998145 -0.0276928 -0.00710195 0.0540537 -0.0247275 0.000718482 -0.00723137 0.00585848 0.00185238 -0.0220728 -0.000610274 -0.00270912 0.00159667 -0.00270156 -0.0194889 0.00434144 -0.0171466 0.0150315 0.0175441 0.0254431 0.101391 0.712668 0.0665571
internal_weight=1.18599e+06 113222 38213.6 24884.7 1.07277e+06 216645 81383.9 80312.9 11231.3 69081.6 1071.01 9430.79 75008.9 29453.8 45555.1 40576 5395.28 135261 112831 86910.8 65845 19177.5 7551.96 25919.9 21065.9 20456.4 16045.5 915.648 49.3653 866.283
internal_count=18502939 1138228 309582 204204 17364711 4466280 1579032 1557283 173355 1383928 21749 38402 828646 191646 637000 132405 17927 2887248 2590861 764400 551005 209846 49322 1826461 213395 192738 131586 68068 1638 66430
is_linear=0
shrinkage=0.05


Tree=155
num_leaves=31
num_cat=0
split_feature=11 1 11 0 11 1 1 0 2 2 9 11 11 6 1 7 9 0 12 1 0 0 2 0 11 1 1 6 10 1
split_gain=979.992 1031.03 2091.62 2679.73 2037.65 1731.57 1511.08 1524 3722.49 3227.92 3126.36 3832.83 3656.45 2664.22 2523.34 2431.43 2236.59 2213.04 1940.83 1891.52 1884.97 1866.67 1856.63 2243.86 2106.07 2036.58 3067.7 1956.77 1830.67 1791.78
threshold=30.500000000000004 1.0000000180025095e-35 25.500000000000004 0.37121212121212127 21.500000000000004 0.042109929078014148 0.032795698924731172 0.6344958951866847 0.10555555555555557 1.0000000180025095e-35 1.0000000180025095e-35 1.5000000000000002 2.5000000000000004 0.13100686498855837 0.40212765957446817 1.0000000180025095e-35 1.0000000180025095e-35 0.56273219814241504 71.500000000000014 0.42146381578947373 0.63196015585721488 0.30349511599511608 0.43650793650793657 0.89476748937561312 15.500000000000002 0.28062500000000007 0.52704678362573121 0.93541666666666679 1.0000000180025095e-35 0.05064102564102569
decision_type=2 2 2 2 2 2 2 2 2 2 2 2 2 2 2 2 2 2 2 2 2 2 2 2 2 2 2 2 2 2
left_child=1 2 3 -1 6 -6 -3 9 16 10 12 18 21 -14 -15 22 19 -11 20 -9 -12 -8 23 24 25 -10 -27 -24 -13 -23
right_child=-2 4 -4 -5 5 -7 7 8 15 17 11 28 13 14 -16 -17 -18 -19 -20 -21 -22 29 27 -25 -26 26 -28 -29 -30 -31
leaf_value=-0.014184241075086894 -0.029513177328158936 0.010270678054345186 0.047502104347170671 0.025915797039716706 -0.030768621245567698 0.0024884454178656359 0.09817825041004774 0.013019252782499499 0.015942532565907424 0.016534709781168371 0.0031611611812489985 -0.044556594714983327 -0.039101015049571808 -0.00053914971805462785 0.068976113259341693 0.029682464967800255 -0.012774161114893136 -0.0058330079704880626 0.18874214834038697 0.038514128349238778 0.30685658507016655 -0.069589530872780178 0.00067544051832396949 0.0053656540311776959 0.030228582467221994 -0.033861871881444329 -0.0073596065844653367 0.0434256388477397 0.014195260915077827 -0.016556528083903631
leaf_weight=9070.4030992544431 2778.0464746265206 36596.489248607773 3351.1267885854468 7705.4777012148697 9820.6185819496168 6507.3559875724604 343.70540953559976 24145.858497623587 4634.4655862216168 31551.655579538288 5186.1895367795369 12587.567546509323 4472.2487768783758 187184.99127423862 1314.6017154697329 6974.577345666592 5831.8655874370015 17025.257626099949 149.6979461570736 10412.497900743096 51.602039508579765 1665.2541857795441 684319.69952326536 23541.286950048816 2642.115786994691 19326.532735658766 25100.251588808169 2687.2346774487523 1481.9912171270698 36553.03444666804
leaf_count=106925 87633 222950 18655 124488 138957 284921 2821 282009 99554 536263 135590 855127 3065517 2171897 2548 222040 63973 569842 2093 65247 364 36400 6580574 209937 46410 626717 310674 422513 9555 1200745
internal_value=0.000148917 0.000218618 0.0114385 0.00423446 2.42966e-05 -0.0175143 0.000274231 -5.5592e-05 0.00107178 -0.00310245 -0.00538579 -0.0246357 -0.00376811 -0.00095928 -5.43482e-05 0.000294895 0.0158675 0.00869526 0.0112266 0.0207009 0.00615313 -0.0178241 2.6e-05 -0.00743034 -0.0132565 -0.0155984 -0.0188886 0.000842658 -0.0383681 -0.0188673
internal_weight=1.18501e+06 1.18224e+06 20127 16775.9 1.16211e+06 16328 1.14578e+06 1.10918e+06 809616 299568 250991 19457 231534 192972 188500 769226 40390.2 48576.9 5387.49 34558.4 5237.79 38562 762252 75244.7 51703.4 49061.2 44426.8 687007 14069.6 38218.3
internal_count=18502939 18415306 250068 231413 18165238 423878 17741360 17518410 8929648 8588762 7482657 1002729 6479928 5239962 2174445 8518419 411229 1106105 138047 347256 135954 1239966 8296379 1293292 1083355 1036945 937391 7003087 864682 1237145
is_linear=0
shrinkage=0.05


Tree=156
num_leaves=31
num_cat=0
split_feature=4 5 6 11 0 6 4 12 0 12 5 6 6 5 6 5 5 4 5 0 4 12 12 2 11 12 6 11 11 0
split_gain=977.567 2705.55 1642.04 1402.54 3983.1 9699.33 1364.62 1716.06 1364.41 1322.14 2123.51 2487.94 2381.83 2334.25 2678.17 2304.61 1887.65 1882.45 3971.37 2605.81 1802.99 1547.51 1465.46 1398.97 1314.34 1488.57 1530.45 1461.96 1254.83 1247.21
threshold=0.86217891839009864 0.73363914373088701 0.56385869565217395 1.5000000000000002 0.97673913043478267 0.39642857142857152 0.90526678215525103 22.500000000000004 0.37895144308187795 48.500000000000007 0.49193338537600839 0.23205128205128209 0.048809523809523817 0.23693957115009748 0.21132376395534294 0.11437177280550777 0.23827838827838835 0.57584729582587857 0.23546315077755245 0.99772727272727291 0.6040448793958183 80.500000000000014 88.500000000000014 0.19090909090909094 17.500000000000004 1.5000000000000002 0.63818181818181829 18.500000000000004 26.500000000000004 0.36528231663035587
decision_type=2 2 2 2 2 2 2 2 2 2 2 2 2 2 2 2 2 2 2 2 2 2 2 2 2 2 2 2 2 2
left_child=9 2 3 8 -5 -6 -3 -8 -2 -1 12 -12 15 17 22 20 -16 18 28 -20 -11 -18 -15 -19 -4 26 27 -26 29 -14
right_child=1 6 24 4 5 -7 7 -9 -10 10 11 -13 13 14 16 -17 21 23 19 -21 -22 -23 -24 -25 25 -27 -28 -29 -30 -31
leaf_value=-0.0020080614204223881 -0.28024980568475877 -0.0049960442676730138 0.020797520104529597 -0.0041246089041950965 -6.6250173235266194 -0.53147953755710475 0.0017780313967453746 -0.24233481103518903 0.01255249105270622 -0.0012104727839398392 -1.624534996680042 -0.10513519115191149 -0.083230406985973684 -0.013496884763926565 -1.0514019591692116 -0.050866661376350555 0.022532445280762488 0.0031140512134564843 -0.050849141570460887 0.9395032310154694 0.28689197300170449 -0.043213849188291242 0.060923339365862583 0.055573033725812265 -0.97951428994407075 -0.0079380166458963633 -0.069078787526353311 -0.26965702347677806 0.11251072019049904 0.010898280683255239
leaf_weight=578067.99422674975 39.846552014350891 98165.90009184787 32222.852153063752 23488.694344204152 0.68160735163837749 15.583704628050327 327606.76214714139 72.008823983371258 26455.260958738625 42311.589381520942 2.7145982570946208 359.19708233140409 366.2874135162856 15233.785260824341 4.121755849570035 2434.5097578402929 15544.063610984944 1589.88892003402 10.200909947190668 19.038547396659851 54.374639451503754 949.69826804846525 691.53413909918163 6334.2585980944568 8.8160878047347051 1643.4315905421972 129.2073452398181 40.915982156991959 291.72941828647163 8966.7988002785714
leaf_count=13816075 273 541450 246519 120575 91 455 2368093 546 167713 185822 91 3367 11284 236873 91 443534 78260 68432 1911 91 91 6188 5369 20657 182 5824 637 273 3640 168532
internal_value=0.000141756 0.00179323 0.00999162 0.00422465 -0.00466624 -0.786833 0.00017519 0.00172439 0.0121121 -0.00110903 0.00435207 -0.116532 0.00481355 0.0123154 0.00436089 -0.00355918 0.0184795 0.0269875 0.0121635 0.593994 -0.000840707 0.0187468 -0.0102653 0.0450477 0.0184612 -0.0228493 -0.159799 -0.395495 0.010396 0.00720409
internal_weight=1.18312e+06 509890 84045.3 50000.1 23505 16.2653 425845 327679 26495.1 673232 95163.8 361.912 94801.9 50001.4 32423.2 44800.5 16497.9 17578.2 9654.06 29.2395 42366 16493.8 15925.3 7924.15 34045.2 1822.37 178.939 49.7321 9624.82 9333.09
internal_count=18502939 3452631 542542 289107 121121 546 2910089 2368639 167986 15050308 1234233 3458 1230775 601328 326781 629447 84539 274547 185458 2002 185913 84448 242242 89089 253435 6916 1092 455 183456 179816
is_linear=0
shrinkage=0.05


Tree=157
num_leaves=31
num_cat=0
split_feature=8 11 6 4 5 4 12 4 5 2 1 0 6 6 5 12 5 6 6 12 5 4 4 7 4 5 6 6 11 4
split_gain=958.094 911.955 909.494 2161.59 2015.54 3377.22 3977.52 2743.25 2242.12 2003.66 1987.38 1826.39 1813.04 1793.84 1750.04 1631.09 3050.41 3885.72 3556.12 2422.9 2334.89 2317.55 2459.82 2278.21 1866.39 2831.38 2247.01 1858.97 1788.86 1576.29
threshold=1.0000000180025095e-35 31.500000000000004 0.78759398496240618 0.99222761596548015 0.83398950131233607 0.96843892137751797 1.5000000000000002 0.94744415456745323 0.94771018455228995 0.23611111111111113 0.12933094384707292 0.37895144308187795 0.42582417582417587 0.65301003344481623 0.97969490826633698 2.5000000000000004 0.66807909604519788 0.41421568627450983 0.63818181818181829 15.500000000000002 0.2211032388663968 0.70845555119537962 0.82142483952828793 1.0000000180025095e-35 0.48499228395061728 0.24725141959647221 0.24621212121212124 0.64495798319327746 19.500000000000004 0.95105840198245273
decision_type=2 2 2 2 2 2 2 2 2 2 2 2 2 2 2 2 2 2 2 2 2 2 2 2 2 2 2 2 2 2
left_child=-1 2 3 4 7 8 -7 13 -6 11 -8 -9 -13 15 -5 20 17 19 23 24 -2 -19 27 -18 -17 26 -26 -23 -27 -14
right_child=1 -3 -4 14 5 6 10 9 -10 -11 -12 12 29 -15 -16 16 18 21 -20 -21 -22 22 -24 -25 25 28 -28 -29 -30 -31
leaf_value=-0.053780155477176496 -0.038064166908383892 -0.033825433411445414 0.0039693605330799117 0.040987608950077484 -0.011303252251238285 -0.004596840233858388 -0.031698258148766222 0.076786012372976123 0.021394557910635322 0.032599170159466416 0.028538340055646524 0.23024282542769325 0.058080305099969969 0.0074983007506927192 -0.039919475563104129 0.041098025705437156 -0.0070774470074656537 0.027611108430340078 -0.061975176050317077 0.00089988667496300175 0.0073063129875628567 -0.0045868215546785145 0.014928478590818837 0.031476894985623956 -0.04376426889081364 -0.0051678263950850562 0.035653901220021697 0.15120539131086896 -0.051442673612850202 -0.052610717250843708
leaf_weight=823.32090833154507 2932.1130008210894 1968.7752514085732 143092.75183469395 5012.3212289353833 118468.87522816751 36517.219017689116 1487.5258768126369 478.35408832132816 5485.5454576378688 10895.677746556234 17228.796754827723 65.501506008207798 377.69748277589679 76378.535517750774 771.20101137831807 1923.936985313223 165211.13334647426 15653.25452000089 2905.1628736481071 301256.79417936353 86240.018310192623 32711.81783290673 38629.21534271352 3922.6401788927615 8196.7006140062877 98422.870401341235 999.22284020064399 192.6066437959671 2133.7346629426465 2166.4830102920532
leaf_count=651105 803894 68159 1329055 42224 640549 162890 6279 1092 24206 93457 152971 273 1456 510328 3367 100464 825097 82537 18382 5263622 1204476 199017 236691 37492 2571387 3263624 9191 364 188188 11102
internal_value=0.00013839 0.000175956 0.000232697 -0.000283081 -0.000454094 -0.00527411 0.00500901 0.00055999 -0.00985623 0.0225233 0.0237509 -0.0130281 -0.029491 0.000193362 0.0301991 -0.000539487 -0.00138243 0.000593122 -0.00712541 -0.00143202 0.00581446 0.0101845 0.0063712 -0.00618327 -0.00772252 -0.00857833 -0.0351347 -0.00367489 -0.00614974 -0.036178
internal_weight=1.18255e+06 1.18173e+06 1.17976e+06 1.03666e+06 1.03088e+06 179188 55233.5 851693 123954 13983.7 18716.3 3088.04 2609.68 837710 5783.52 761331 672159 500120 172039 412933 89172.1 87186.9 71533.6 169134 111676 109753 9195.92 32904.4 100557 2544.18
internal_count=18502939 17851834 17783675 16454620 16409029 986895 322140 15422134 664755 107380 159250 13923 12831 15314754 45591 14804426 12796056 11915085 880971 11396476 2008370 518609 436072 862589 6132854 6032390 2580578 199381 3451812 12558
is_linear=0
shrinkage=0.05


Tree=158
num_leaves=31
num_cat=0
split_feature=8 0 2 2 6 6 7 11 2 1 9 5 6 11 11 4 5 4 6 4 6 4 5 2 4 5 5 6 6 5
split_gain=908.252 911.88 2809.65 2394.18 4213.61 1978.66 1540.32 1436.39 2322.38 2061.84 1939.15 1669.31 1584.9 1398.28 1428.01 1389.53 1902.13 1357.61 3034.24 1346.68 1397.44 1379.37 1323.17 1309.53 1325.2 1877.17 1486.89 1301.48 1225.36 3378.67
threshold=1.0000000180025095e-35 0.93135579017931969 0.88194444444444453 0.73214285714285732 0.26491228070175443 0.8973684210526317 1.0000000180025095e-35 4.5000000000000009 0.88194444444444453 0.88303693570451447 1.0000000180025095e-35 0.42912946428571436 0.098387096774193564 7.5000000000000009 8.5000000000000018 0.7813336760705184 0.40930735930735934 0.79885892921026314 0.98148148148148151 0.77034296658459778 0.24621212121212124 0.60698400640576322 0.89402852049910886 0.78888888888888908 0.7813336760705184 0.78800719054956347 0.57962779973649547 0.18634259259259262 0.267948717948718 0.49193338537600839
decision_type=2 2 2 2 2 2 2 2 2 2 2 2 2 2 2 2 2 2 2 2 2 2 2 2 2 2 2 2 2 2
left_child=-1 2 -2 4 -3 6 7 9 13 -5 28 15 -13 23 22 16 -12 18 -7 20 27 -22 -15 24 -9 26 -26 -18 -11 -30
right_child=1 3 -4 5 -6 17 -8 8 -10 10 11 12 -14 14 -16 -17 19 -19 -20 -21 21 -23 -24 -25 25 -27 -28 -29 29 -31
leaf_value=-0.05361352795720923 -0.0015054770713170131 0.046582193806636953 0.042538043290426188 0.038185409671262903 0.0056381124248401126 -2.3853840748440973 0.041297688074430711 0.027519410060747873 0.048598025354314157 -0.0045620850091288353 0.0010289723766215887 0.095355431625103071 0.011986371445671076 0.047984064183793931 -0.027956392315105851 0.056660959392024313 -0.062300509661157126 0.039974084022188799 0.050180307349114141 -0.89495194755794094 -0.81316731841440415 0.00031047899620322353 -0.13212389621450801 -0.096477618899554446 0.024693612882179382 -0.024247533191602826 -0.16997581976424503 -0.21588200127756429 0.021882501358470301 -0.00062955265480220889
leaf_weight=785.5397595281247 582347.65015174437 7639.566266220645 3643.6472813300788 3623.2448262264952 35403.524363329285 1.8674676157534111 2295.4335203671362 711.52624952420592 1121.2030416235793 166131.58048548456 59994.226210299414 576.68952438235283 49705.634493666701 1276.7485121707432 2935.4417139267316 1089.9738237857819 465.62024283781648 3399.4776396905072 4.0564529048278928 4.8000302240252486 5.2513543367385855 679.96678173914552 110.82571275532246 1071.3680924228393 124.90547759830952 1715.0987763553858 456.89318731427193 196.01389076560736 17934.827274233103 235757.47089117952
leaf_count=651105 11181625 52052 16289 19656 305123 91 95004 4277 4641 2994901 747747 819 726362 4004 12649 8645 3185 423150 273 91 91 3640 637 8372 364 6188 2457 1183 68250 1160068
internal_value=0.000132286 0.000168052 -0.00123162 0.00154785 0.0129051 0.000661263 0.000425147 0.000253217 -0.0189942 0.000595113 0.00033936 0.00616221 0.0129425 -0.0280131 -0.00819879 0.000701715 -0.00029255 0.0386562 -0.717611 -0.0589495 -0.05597 -0.00592383 0.0335988 -0.0490088 -0.032104 -0.050574 -0.128183 -0.1078 -0.00122401 0.000961941
internal_weight=1.18121e+06 1.18042e+06 585991 594433 43043.1 551390 547985 545689 9524.01 536165 532542 112718 50282.3 8402.81 4323.02 62435.9 61345.9 3405.4 5.92392 1351.65 1346.85 685.218 1387.57 4079.79 3008.42 2296.9 581.799 661.634 419824 253692
internal_count=18502939 17851834 11197914 6653920 357175 6296745 5873231 5778227 43589 5734638 5714982 1491763 727181 38948 17290 764582 755937 423514 364 8190 8099 3731 4641 21658 13286 9009 2821 4368 4223219 1228318
is_linear=0
shrinkage=0.05


Tree=159
num_leaves=31
num_cat=0
split_feature=8 2 6 7 1 5 11 5 4 4 2 4 5 6 1 0 1 6 0 12 5 6 5 4 0 6 0 6 5 9
split_gain=861.15 844.083 2357.02 1982.55 1269.89 1616.84 1303.42 2285.75 1402.15 1398.93 1441.11 1309.16 3126.34 1745.42 2490.81 1589.31 1444.16 3174.65 3084.88 1440.6 1353.5 1235.23 1292.09 1279.75 2007.92 1437.53 1759.36 1546.05 1453.56 1324.44
threshold=1.0000000180025095e-35 0.43650793650793657 0.94590643274853814 1.0000000180025095e-35 0.29217479674796754 0.27308238636363641 8.5000000000000018 0.42912946428571436 0.68914588885762895 0.73449661031740543 0.88194444444444453 0.85433160035260658 0.74431524547803629 0.6132478632478634 0.41277890466531447 0.34780767907702898 0.97100840336134464 0.26491228070175443 0.941701680672269 13.500000000000002 0.59537185660781178 0.267948717948718 0.57962779973649547 0.86957066531369953 0.42224418093983324 0.50862068965517249 0.70320450748082342 0.8377192982456142 0.69592735277930662 1.0000000180025095e-35
decision_type=2 2 2 2 2 2 2 2 2 2 2 2 2 2 2 2 2 2 2 2 2 2 2 2 2 2 2 2 2 2
left_child=-1 -2 3 4 5 -3 11 -8 -9 -10 21 16 13 14 19 -15 17 18 -6 -13 -16 -11 -23 25 -25 26 28 -27 29 -24
right_child=1 2 -4 -5 6 -7 7 8 9 10 -12 12 -14 15 20 -17 -18 -19 -20 -21 -22 22 23 24 -26 27 -28 -29 -30 -31
leaf_value=-0.053453520004325718 -0.0014723523398015794 -0.082301288542324644 0.045548158170489045 0.034873280872193262 0.0091328269339258136 0.026943703326756836 0.022286531969286733 -0.073530947887699136 0.024449299914893152 -0.070640155614674585 0.036934305428345464 -0.24287463487574867 0.0013307915395833489 -0.85540334463898826 0.032833456930968362 0.035542569156599146 -0.0016505148440463812 -0.00071708496324540075 0.056898188089123128 0.056072396690412522 0.0077620717155582157 0.022348988159433675 0.082737943523459256 -0.12640448299045509 -0.0053297149549969419 -0.010614457459504683 -0.059217201840379201 -0.11346434093629443 -0.10930414854343534 -0.11020094741542866
leaf_weight=749.40890283114277 473179.18309780781 356.07030638330616 2991.0481112243142 4310.5598144431133 8878.1774073239649 6939.1691472423263 6179.2804570762673 850.685616992414 2979.0464853048325 892.93475883454084 1528.7322528380901 150.35329765826464 194864.80887825461 5.0082147233188143 6420.9851213237271 9209.1253842371516 340119.80000890861 34145.024118250236 5458.5830124787753 55.055447861552238 33307.626554902643 2692.2211118713021 570.54998497664928 346.77570072561502 27358.631405666471 10405.035397358239 4323.3714390769601 378.68704587966204 174.2384811937809 105.3748384565115
leaf_count=651105 10642268 11284 483210 137774 127673 19838 73073 3185 6279 3276 4823 1001 1288924 91 52507 135226 4357080 122759 38402 182 200746 6461 637 1729 85722 28938 15925 1638 728 455
internal_value=0.000127632 0.000161684 0.00125686 0.00106842 0.000859861 0.0216116 0.000640901 -0.00648077 -0.00985985 -0.00881332 -0.0108448 0.00130268 0.00417308 0.0154423 0.0109162 0.0350583 -0.000499718 0.0075736 0.027319 -0.162748 0.0118141 -0.0123908 -0.0112687 -0.0133416 -0.00684515 -0.0246208 -0.0462874 -0.0142262 0.0194654 0.0526593
internal_weight=1.17993e+06 1.17918e+06 705997 703006 698695 7295.24 691400 58785.6 52606.3 51755.6 48776.6 632615 244013 49148.2 39934 9214.13 388602 48481.8 14336.8 205.409 39728.6 47247.8 46354.9 43662.7 27705.4 15957.3 5173.53 10783.7 850.163 675.925
internal_count=18502939 17851834 7209566 6726356 6588582 31122 6557460 232869 159796 156611 150332 6324591 1678677 389753 254436 135317 4645914 288834 166075 1183 253253 145509 142233 135772 87451 48321 17745 30576 1820 1092
is_linear=0
shrinkage=0.05


Tree=160
num_leaves=31
num_cat=0
split_feature=6 4 5 4 12 4 1 6 5 12 6 12 1 5 4 5 1 5 5 12 4 4 1 1 1 5 11 5 0 4
split_gain=837.406 2008.04 1861.6 2925.14 3692.94 2476.46 2106.4 2013.47 1880.41 1895.51 2765.55 1852.61 1846.33 1807.49 1723.71 1752.47 1653.75 3820.25 1636.14 3251 3316.37 1807.13 1983.36 1908.22 1742.53 1653.45 1616.1 1603.95 1588.68 2000.34
threshold=0.78759398496240618 0.99222761596548015 0.8287593984962407 0.96843892137751797 1.5000000000000002 0.94744415456745323 0.23368794326241135 0.61721611721611735 0.94771018455228995 4.5000000000000009 0.43875000000000003 40.500000000000007 0.12933094384707292 0.6350278850278851 0.7813336760705184 0.88413424866514123 0.05064102564102569 0.96680440771349874 0.90336728919071885 6.5000000000000009 0.94069986234841318 0.8888932345988042 0.41801075268817206 0.41277890466531447 0.20761494252873566 0.87545620437956218 28.500000000000004 0.97969490826633698 0.36883862071960577 0.79284797486062575
decision_type=2 2 2 2 2 2 2 2 2 2 2 2 2 2 2 2 2 2 2 2 2 2 2 2 2 2 2 2 2 2
left_child=1 2 5 8 -5 7 -7 -1 9 28 26 13 -6 -9 -12 -16 17 -10 19 -2 21 24 23 -23 -21 -26 -11 -3 -4 -30
right_child=18 27 3 4 12 6 -8 11 16 10 14 -13 -14 -15 15 -17 -18 -19 -20 20 -22 22 -24 -25 25 -27 -28 -29 29 -31
leaf_value=-0.00076073892190350553 0.024747701281001403 0.040055251347677734 0.019268803706469884 -0.0044687388362253432 -0.029970341999845669 -0.030473454452682722 0.032176220941597292 0.032945249058076061 -0.25621859496059479 0.03938739552853604 -0.14982488834423677 -0.19080936002220844 0.02772577382773303 0.0052786094516775062 -0.001338974171099328 -0.028804555022424683 0.029859262252198981 0.018225198525821551 -0.00079105550733919456 -0.0015032998458934408 0.035228071481740696 -0.0087428535676707126 0.02216171039005161 -0.41577906495416656 -0.029799119066890863 -0.10149071071396437 0.32980513437187486 -0.037130637060195641 -0.12444893025142144 -0.016025267408831572
leaf_weight=727232.39157843858 23043.50494332565 4862.3088168641552 3211.7118212524801 36551.083337294869 1510.5585534833372 1553.5471428446472 9837.0349359326065 6296.4375922707841 173.21015768498182 2900.3482722956687 206.43870199844241 118.49922882765532 16899.318897615187 94578.430883459048 43033.264093039557 6713.9560275385156 4818.522846929729 473.26007132232189 83815.358803194365 4596.1912689767778 5846.7066270569339 12898.522970441729 7888.9620592743158 28.858490265905857 4044.0486094867811 1003.9102329239249 48.707317493855953 781.2008522991091 427.87537045031786 73447.293689976446
leaf_count=15313844 173446 42224 10829 163436 6370 7462 83629 45591 1183 8190 1274 1001 153153 622440 254618 37856 21749 1456 880698 15015 52052 46319 124761 273 32760 6461 182 3367 3549 387751
internal_value=0.000122585 -0.000372887 -0.000535851 -0.00499936 0.00472949 0.000476423 0.0236315 0.000157971 -0.00894686 -0.0101548 -0.00286642 0.00677341 0.0229917 0.00700551 -0.00564408 -0.00504577 0.0197847 -0.0553071 0.00370687 0.0100589 0.000736117 -0.0058844 0.00240504 -0.0096515 -0.0237767 -0.0440567 0.044184 0.0293708 -0.0151566 -0.0166532
internal_weight=1.17884e+06 1.03568e+06 1.03003e+06 190416 54961 839616 11390.6 828226 135455 129990 52902.7 100993 18409.9 100875 49953.7 49747.2 5464.99 646.47 143166 59350.7 36307.2 30460.5 20816.3 12927.4 9644.15 5047.96 2949.06 5643.51 77086.9 73875.2
internal_count=18502939 17171154 17125563 1051596 322959 16073967 91091 15982876 728637 704249 302120 669032 159523 668031 293748 292474 24388 2639 1331785 451087 277641 225589 171353 46592 54236 39221 8372 45591 402129 391300
is_linear=0
shrinkage=0.05


Tree=161
num_leaves=31
num_cat=0
split_feature=11 1 11 5 11 0 6 5 5 10 4 12 1 12 5 12 6 5 5 5 0 0 2 2 9 11 11 1 1 11
split_gain=822.824 869.069 1780.03 1626.23 1538.48 2408.21 1728.93 4381.04 1629.72 1817.14 1566.23 1529.91 1446.92 1442.67 1277.12 2277.17 1298.37 1108.28 1051.26 1375.7 1033.24 1016.92 3452.24 2597.23 3148.61 3689.54 3574.55 2300.69 2224.81 4315.07
threshold=31.500000000000004 1.0000000180025095e-35 21.500000000000004 0.79324593901396423 25.500000000000004 0.38224867724867734 0.21583850931677021 0.44749373433583961 0.32960789210789221 1.0000000180025095e-35 0.55265880293930791 44.500000000000007 0.029857397504456321 60.500000000000007 0.83398950131233607 5.5000000000000009 0.47722567287784684 0.33442982456140358 0.72104203935599298 0.73931311655096832 0.8445851016799294 0.6344958951866847 0.10555555555555557 1.0000000180025095e-35 1.0000000180025095e-35 2.5000000000000004 1.5000000000000002 0.36939571150097472 0.16807909604519775 3.5000000000000004
decision_type=2 2 2 2 2 2 2 2 2 2 2 2 2 2 2 2 2 2 2 2 2 2 2 2 2 2 2 2 2 2
left_child=1 4 12 -4 5 8 7 10 -1 11 -7 -10 13 -3 20 16 -16 -11 -8 -20 -5 23 -23 24 25 -14 -26 28 -27 -30
right_child=-2 2 3 14 -6 6 18 -9 9 17 -12 -13 21 -15 15 -17 -18 -19 19 -21 -22 22 -24 -25 26 27 -28 -29 29 -31
leaf_value=-0.080479995915507058 -0.032411159753864383 0.017987934795827179 -0.030284567338874236 0.048099965436731423 0.040614350944131371 0.12170801770564749 -0.0071202888035315978 0.24369655803834578 -0.049601002059179083 0.13187688027028263 -0.052429904971982758 0.12482053536729643 -0.017069377271546747 -0.069994473577316918 0.1397776497409953 -0.077144785414884592 -0.0001384454885020402 0.0051390671607701357 0.16168879887789231 0.027138341614184186 -0.25677820753346964 0.01529155034580432 0.00021714643224560043 0.008317275062789363 0.010541278066392301 0.0020919674270641862 -0.03749869061538022 0.050554047728010948 0.022704153397016143 -0.016685866437344953
leaf_weight=796.86621469198144 1940.7999006046448 15233.698464900954 9210.6085288464092 1470.6407770169899 3495.5141032853862 200.2278902673861 2589.987552288454 308.82143934560008 2492.6550097832805 177.49472108390182 363.61347810839652 132.39827298978344 38347.904051810852 480.62256726040505 171.67901388369501 1024.6924258042127 4848.0565125462599 6123.617418118869 201.37337502837181 3356.0245084241033 28.325251884758472 39965.259336072137 764760.99567721295 48228.419000144873 5405.3765565021167 161282.16117215046 13651.669483635997 2207.7870302689262 8367.2711052904051 41126.86504768602
leaf_count=59514 70343 81718 402675 5096 20748 13013 22659 2002 27664 637 70707 1001 1240512 4823 637 4823 25662 24661 546 9009 182 411229 8518419 1106105 138047 2950766 864682 12012 211120 2201927
internal_value=0.000118162 0.000171844 -8.01428e-06 -0.0161871 0.0104434 0.00414454 0.0264612 0.0923196 -0.0119682 -0.0058519 0.00940889 -0.0408038 0.000229958 0.015297 0.00102613 -0.00921907 0.0046468 0.00870912 0.0171122 0.0347548 0.0423388 1.91873e-05 0.000965789 -0.00237163 -0.00427817 -0.00279245 -0.0238725 -0.000221876 -0.000753731 -0.0100268
internal_weight=1.17799e+06 1.17605e+06 1.15581e+06 16754 20238.6 16743.1 7020.05 872.663 9723.03 8926.17 563.841 2625.05 1.13906e+06 15714.3 7543.39 6044.43 5019.74 6301.11 6147.39 3557.4 1498.97 1.12334e+06 804726 318617 270389 251332 19057 212984 210776 49494.1
internal_count=18502939 18432596 18180435 439075 252161 231413 117936 85722 113477 53963 83720 28665 17741360 86541 36400 31122 26299 25298 32214 9555 5278 17654819 8929648 8725171 7619066 6616337 1002729 5375825 5363813 2413047
is_linear=0
shrinkage=0.05


Tree=162
num_leaves=31
num_cat=0
split_feature=8 12 6 5 6 5 5 12 4 12 4 4 4 4 4 6 5 4 5 6 5 12 0 4 6 4 5 6 6 0
split_gain=815.112 787.936 1859.14 2391.49 2353.7 2178.82 2159.61 1754.3 1670.17 1589.23 1539.92 1643.76 1649.44 1405.97 1373.52 1666.79 1929.13 1350.49 1340.92 1275.27 3640.59 1834.65 1664.74 1476.68 8175.52 2797.1 2763.96 1819.1 2509.04 4723.41
threshold=1.0000000180025095e-35 48.500000000000007 0.048809523809523817 0.24253565062388596 0.21132376395534294 0.11437177280550777 0.47304562627143282 80.500000000000014 0.57026054987212282 88.500000000000014 0.56055365482784847 0.56546850006152349 0.57026054987212282 0.66083061222908801 0.61159040903208461 0.050641025641025648 0.30992957746478883 0.6040448793958183 0.32701294033069739 0.41421568627450983 0.55603864734299535 38.500000000000007 0.38072466748937345 0.45981446090141748 0.053342816500711245 0.61864627291239371 0.37544326241134757 0.087595907928388769 0.12660256410256412 0.79492963177173703
decision_type=2 2 2 2 2 2 2 2 2 2 2 2 2 2 2 2 2 2 2 2 2 2 2 2 2 2 2 2 2 2
left_child=-1 19 5 8 9 17 7 -6 -4 10 -5 -12 -13 -8 -14 16 -16 -3 -17 23 -21 -22 -23 -2 26 -26 -25 -27 29 -29
right_child=1 2 3 4 6 -7 13 -9 -10 -11 11 12 14 -15 15 18 -18 -19 -20 20 21 22 -24 24 25 27 -28 28 -30 -31
leaf_value=-0.053301667361158267 0.0030749392999428289 -0.00072148799258331267 0.010367709545578386 0.024830112492055852 0.023055972524974058 -0.050841501195577288 -0.95400518020839353 -0.049247059256802117 0.040133195070701976 0.071885593411380719 -0.1508458699483447 0.099940758347229874 -0.044832766717863841 -0.068932785862616128 -0.055619214687921442 0.0061125259500195506 0.50421290648846895 0.22785659803723798 -0.038059919086952623 0.017257184054007019 0.00030079218455750581 -0.32513170815462833 -0.059429508360575978 -0.042181868103985054 0.0097826894863834047 -0.039719029315788565 0.069746926308180995 -0.042747075356317381 -0.0049390540033641579 0.035532996644362679
leaf_weight=713.83054537465796 89806.190225377621 42093.572997580224 9466.359642352676 2051.0806085865479 15160.594569502398 2252.6107169845491 4.5194007828831664 888.08402060903609 9385.0610185228288 543.86487012868747 242.68850047315937 282.65314381127246 4265.4323613111628 626.0667105410248 28.281789953820407 4357.1540136501426 33.753156125545502 64.718673765659332 2836.5307734129019 32970.854567892384 661516.23977626197 70.580705594271421 357.7934535741806 16033.192567316815 41358.488733866572 3571.36362508405 571.20472938456805 2444.5247328874248 223384.59011158056 9103.2750407815911
leaf_count=651105 333333 174993 148512 20475 76622 326144 91 6097 98553 4368 4550 6188 70616 5096 2366 68341 91 91 38766 210574 4306393 546 3185 5111197 1707888 829920 10738 1360177 2759029 166894
internal_value=0.000111629 0.000144057 0.00452027 0.0111155 0.00264659 -0.00293058 0.0154886 0.0190549 0.0251863 -0.0119828 -0.0152183 -0.0220371 -0.0193888 -0.0752761 -0.0223164 -0.00907962 0.248985 -0.00037059 -0.011305 -0.000238776 0.0010415 0.000233807 -0.103208 -0.00254202 -0.00424352 -0.00222106 -0.0383314 -0.00430261 -0.00376422 0.0189621
internal_weight=1.17649e+06 1.17577e+06 94583 50172.1 31320.7 44410.9 16679.3 16048.7 18851.4 14641.4 14097.6 12046.5 11803.8 630.586 11521.2 7255.72 62.0349 42158.3 7193.68 1.08119e+06 694915 661945 428.374 386273 296467 279862 16604.4 238504 234932 11547.8
internal_count=18502939 17851834 1051960 550732 303667 501228 87906 82719 247065 215761 211393 190918 186368 5187 180180 109564 2457 175084 107107 16799874 4520698 4310124 3731 12279176 11945843 6823908 5121935 5116020 4286100 1527071
is_linear=0
shrinkage=0.05


Tree=163
num_leaves=31
num_cat=0
split_feature=6 5 12 5 4 4 12 5 11 11 6 12 6 4 7 4 6 5 2 12 6 5 12 4 4 5 4 4 2 6
split_gain=797.242 1173.76 2387.01 1125.06 2652.23 2577.52 4701.08 3509.06 2090.65 2689.54 1966.68 1956.69 5312 2139.19 2174.37 2006.88 1983.75 1833.12 1725.36 2769.72 3002.96 2838.47 2386.37 2139.48 3906.58 1945.88 1637.58 1919.39 2254.97 1573.7
threshold=0.82480818414322254 0.90336728919071885 9.5000000000000018 0.8287593984962407 0.93123244500198898 0.97210656064751488 1.0000000180025095e-35 0.94771018455228995 9.5000000000000018 15.500000000000002 0.68990384615384626 3.5000000000000004 0.50862068965517249 0.96156106909502503 1.0000000180025095e-35 0.94069986234841318 0.79057017543859665 0.93777654867256655 0.30952380952380959 6.5000000000000009 0.65301003344481623 0.89893315174214061 5.5000000000000009 0.89409924340816793 0.8888932345988042 0.83398950131233607 0.8360457913643361 0.82408041603247095 0.88194444444444453 0.55277777777777792
decision_type=2 2 2 2 2 2 2 2 2 2 2 2 2 2 2 2 2 2 2 2 2 2 2 2 2 2 2 2 2 2
left_child=3 2 -2 4 29 7 17 11 -9 -10 -8 13 -13 14 16 18 -5 -7 -14 20 22 -22 26 24 -23 -21 27 28 -20 -1
right_child=1 -3 -4 5 -6 6 10 8 9 -11 -12 12 15 -15 -16 -17 -18 -19 19 25 21 23 -24 -25 -26 -27 -28 -29 -30 -31
leaf_value=-0.0011707562496573566 0.022096177383261598 0.00048656308281808271 -0.0035179613998169951 -0.013747242561300122 0.014702782238990143 0.019500943678424917 0.031424292135636737 0.037943703789807118 -0.10030238931429195 0.028424255704055015 0.0052516605254051066 0.028840595274396988 -0.0014718805719111583 -0.030756608931085519 0.051302116138479348 0.0066661592484969535 0.024598353186105395 -0.015161623503520317 -0.3544163353357031 0.01047290464884084 0.020105778190535103 -0.1438591846940524 0.0035526233772460538 -0.023584388262042941 -1.4084508289656428 -0.042332283412048262 -0.047238171206447493 -0.38305193181592684 -0.057551839294765574 0.004242879830142268
leaf_weight=643312.71130738338 21690.466084191576 74154.118928094627 15664.328264018521 54390.014865101315 31691.074001112953 4595.9677533926442 16040.554058714304 6535.181573562324 690.68861855566502 983.66257222369313 12990.333611860406 11293.807448209263 19786.316644830629 15453.184193365276 1417.8326865052804 17148.95471010264 3595.827343522571 22425.316387189552 76.289676927030087 2004.9235332207754 9225.1007979684509 306.02719916775823 2291.4532112274319 1322.498053105548 6.2314743865281335 13438.024305223487 2777.0859936373308 71.74985334277153 396.07076870650053 169639.20006947918
leaf_count=14880866 180544 828646 129038 276640 203203 21476 123669 29393 3640 3185 107380 36673 77714 87633 9919 126854 19292 86996 637 11830 86450 2093 9100 10738 182 86086 13468 637 1911 1047046
internal_value=0.000105252 0.00412748 0.0113552 -0.000316321 0.000512102 -0.00350756 0.00574296 -0.00668451 0.0251721 -0.0246769 0.0197129 -0.00837177 -0.00294249 -0.0141846 -0.00987352 -0.00815598 -0.0113693 -0.00926597 -0.0130723 -0.0202641 -0.0060024 0.00934506 -0.035698 -0.0513788 -0.169096 -0.0354767 -0.062779 -0.142098 -0.105498 -4.10893e-05
internal_weight=1.17541e+06 111509 37354.8 1.06391e+06 844643 219263 56052.2 163211 8209.53 1674.35 29030.9 155001 80144.5 74856.9 59403.7 68850.7 57985.8 27021.3 51701.8 31915.5 16472.5 10859.9 5612.65 1634.76 312.259 15442.9 3321.2 544.11 472.36 812952
internal_count=18502939 1138228 309582 17364711 16131115 1233596 339521 894075 36218 6825 231049 857857 464373 393484 305851 427700 295932 108472 300846 223132 125216 99463 25753 13013 2275 97916 16653 3185 2548 15927912
is_linear=0
shrinkage=0.05


Tree=164
num_leaves=31
num_cat=0
split_feature=2 6 7 10 2 0 11 11 11 11 0 1 4 1 4 4 1 0 5 5 12 4 1 1 11 4 5 5 4 4
split_gain=791.116 2231.01 1810.7 1167.32 3251.74 2217.67 1560.29 1505.45 3155.84 4122.48 2705.7 2544.96 2182.84 2314.11 1877.27 2232.01 1818.93 1697.87 1685.14 1594.05 3130.87 2110.64 1505.27 2008.31 2247.85 2214.17 1393.76 1559.37 2050.74 1306.68
threshold=0.43650793650793657 0.94590643274853814 1.0000000180025095e-35 1.0000000180025095e-35 0.07417582417582419 0.41921134421134426 21.500000000000004 18.500000000000004 13.500000000000002 9.5000000000000018 0.36883862071960577 0.048199767711962889 0.82142483952828793 0.05064102564102569 0.64571741717050657 0.69484466761986563 0.072077922077922088 0.38747850017199864 0.75721220527045785 0.35448791714614503 19.500000000000004 0.61954455525152263 0.036375661375661401 0.053342816500711272 23.500000000000004 0.89666399019002252 0.35018248175182487 0.94297328687572601 0.93438591387872816 0.85027719744603758
decision_type=2 2 2 2 2 2 2 2 2 2 2 2 2 2 2 2 2 2 2 2 2 2 2 2 2 2 2 2 2 2
left_child=3 2 -2 -1 5 7 -6 8 9 14 -9 26 18 -14 17 -16 -10 -5 -13 -19 21 -21 -12 24 -24 -25 -11 -28 -29 -8
right_child=1 -3 -4 4 6 -7 29 10 16 11 22 12 13 -15 15 -17 -18 19 -20 20 -22 -23 23 25 -26 -27 27 28 -30 -31
leaf_value=-0.0032732327641538175 0.00078877343874913001 0.045315636282086819 0.034032735434236502 0.011339467162746921 0.054456293817659707 -0.055329039820318851 0.087358478836265879 0.0031063118573978043 0.013829254800204497 -0.071356538685140858 -0.035734695244581491 -0.048297422862104734 -0.47357854563209828 -0.10029641699393915 -0.029743459210023207 0.0047808909707986805 -0.14419529806585521 0.029379759706419647 0.077449226425829687 0.55219329674334217 0.086548976938373642 -0.054340996515091472 0.034487503362073742 -0.0443563867346774 -0.082449211685768617 -0.32399464852383597 -0.0037136604043020677 -0.2510296147011063 -0.040851293829185606 -0.141470941541044
leaf_weight=310507.99094985309 696679.09434107144 2849.5845033562509 4120.227040683385 4592.3298403879453 3802.2787244494539 1738.4513486703217 92.483003735542297 22446.555810818769 52609.05227436134 982.73544427953311 9654.5512439566373 2119.9909937688208 42.918265551328659 1273.7909218505956 5369.9405613414419 36516.262022520357 182.73135353194084 1307.7137057572836 304.72740027308464 62.279565857723355 822.63934261607938 18.634720942005515 2724.0879433981318 485.56819699873449 483.98010477577918 82.868367582559586 11274.429768201895 129.96146270632744 1084.8399870023131 191.69882037490606
leaf_count=9998261 6664658 483210 137774 93366 11739 35217 91 170716 301392 56238 137410 45409 455 5915 84357 145691 3549 37674 455 364 2275 364 13468 7280 7917 637 51051 819 4277 910
internal_value=0.000102201 0.00116376 0.000984225 -0.00148402 0.00197964 0.000828556 0.0460098 0.00146015 0.00417305 -0.00312391 -0.007515 -0.024156 -0.0606376 -0.112464 0.0043116 0.000354763 0.0132823 0.0286718 -0.0324942 0.0646673 0.115739 0.412507 -0.0252658 0.00149775 0.016846 -0.0851229 -0.0140243 -0.00951305 -0.0633365 -0.0670016
internal_weight=1.17455e+06 703649 700799 470905 160398 156311 4086.46 154573 118695 65903.2 35877.6 17213.4 3741.43 1316.71 48689.8 41886.2 52791.8 6803.6 2424.72 2211.27 903.554 80.9143 13431.1 3776.5 3208.07 568.437 13472 12489.2 1214.8 284.182
internal_count=18502939 7285642 6802432 11217297 1219036 1206296 12740 1171079 833651 528710 337428 164619 52234 6370 364091 230048 304941 134043 45864 40677 3003 728 166712 29302 21385 7917 112385 56147 5096 1001
is_linear=0
shrinkage=0.05


Tree=165
num_leaves=31
num_cat=0
split_feature=8 11 11 12 1 2 2 9 1 0 4 6 12 1 2 9 1 4 11 12 4 4 0 12 12 5 4 0 12 1
split_gain=771.654 755.608 1906.52 1558.77 1514.43 1610.95 1736.26 2435.46 1991.17 2564.96 1509.87 2119.77 2250.16 1611.1 1423.23 1465.22 1410.49 1363.37 1355.13 3490.81 2664.76 2154.23 1817.67 1348.53 2416.43 1501.34 1886.27 1893.01 1319.09 1251.96
threshold=1.0000000180025095e-35 8.5000000000000018 11.500000000000002 74.500000000000014 0.075961538461538428 0.61250000000000016 0.26136363636363641 1.0000000180025095e-35 0.15849282296650721 0.43415286404416847 0.54680217870875458 0.2834821428571429 46.500000000000007 0.54653679653679665 0.88194444444444453 1.0000000180025095e-35 0.061553030303030283 0.8913727434087354 9.5000000000000018 53.500000000000007 0.59484672916045478 0.82661732769978669 0.58169288795887275 64.500000000000014 66.500000000000014 0.59537185660781178 0.69973025969582159 0.63669384264349949 3.5000000000000004 0.70659971305595415
decision_type=2 2 2 2 2 2 2 2 2 2 2 2 2 2 2 2 2 2 2 2 2 2 2 2 2 2 2 2 2 2
left_child=-1 -2 3 4 16 6 7 8 9 -6 13 12 -12 -7 15 29 -3 -18 19 21 -21 -11 -23 25 -25 -10 27 -27 -20 -13
right_child=1 2 -4 -5 5 10 -8 -9 23 18 11 14 -14 -15 -16 -17 17 -19 28 20 -22 22 -24 24 -26 26 -28 -29 -30 -31
leaf_value=-0.053156581407884498 0.00080103841289271753 -0.018014577382138387 0.0009622114605170554 0.052352954650972429 -0.020647605970446709 0.16239840011177498 0.011736805551938583 -0.052838494751579729 -0.042053104989750088 -0.051761650737321731 -0.05064317398313406 -0.0029877865523619124 -0.23546666979409628 0.0088431092999256174 0.037256419644013404 -0.033266298717042279 -0.046813460298961308 -0.16590193127322345 0.051510550329154241 0.89164423431710904 0.23200125225260262 0.077267247002638317 0.42129114754107361 0.26504906080447399 -0.072949159450456533 -0.053272417242370945 -0.0073149188185854495 0.53522753150393509 -0.01598127056802898 -0.034636047366600059
leaf_weight=679.83581480779685 915637.66336771415 10983.132019946876 164598.11515750119 1057.3906336945947 2673.7153238706233 235.85894185118377 18664.05568687676 2737.0440417755453 3769.9750715421396 349.90908321278403 1434.2210443462245 17711.505080492236 186.04036067705601 619.42950410931371 1337.2589155691676 8334.5075497203507 1482.7413589279749 286.82459237426519 1522.5530030262016 20.007285442086868 65.213493990187999 1347.4939647308784 39.521441519260406 116.83250458771363 96.60192313377047 23.848502056673169 12266.20075285621 32.000103861093521 1380.2463694796606 3794.28369131824
leaf_count=651105 13393835 110292 2909179 17199 85813 1001 109291 158522 618345 59514 20020 55055 1547 5369 5278 33397 39312 2002 22295 546 1001 6370 91 2184 6188 910 84448 91 88361 14378
internal_value=9.75781e-05 0.000128448 -0.0022663 -0.008007 -0.00870444 -0.00611617 6.06095e-05 -0.00818128 -0.00302485 0.0184882 -0.0143949 -0.0161051 -0.0718648 0.0511883 -0.0132074 -0.0154689 -0.0246892 -0.0661162 0.0406341 0.0744311 0.386866 0.0591018 0.0870698 -0.0127865 0.112069 -0.0144425 -0.0059949 0.283926 0.019419 -0.00857151
internal_weight=1.17348e+06 1.1728e+06 257167 92568.4 91511 78758.3 45105.2 26441.2 23704.1 7398.66 33653.1 32797.8 1620.26 855.288 31177.6 29840.3 12752.7 1769.57 4724.94 1822.15 85.2208 1736.92 1387.02 16305.5 213.434 16092 12322 55.8486 2902.8 21505.8
internal_count=18502939 17851834 4457999 1548820 1531621 1380015 1243970 1134679 976157 263991 136045 129675 21567 6370 108108 102830 151606 41314 178178 67522 1547 65975 6461 712166 8372 703794 85449 1001 110656 69433
is_linear=0
shrinkage=0.05


Tree=166
num_leaves=31
num_cat=0
split_feature=11 1 11 5 11 0 1 12 5 6 5 5 12 6 5 6 4 11 4 5 4 6 2 6 7 1 5 6 9 4
split_gain=741.651 771.037 1537.35 1488.84 1394.21 2180.45 1235.84 1315.59 1209.29 1587.53 2064.86 1150.39 2031.66 1107.05 1083.39 4195.76 1445.06 1008.3 984.674 984.531 950.11 1958.3 916.683 2082.37 1692.89 1211.41 1579.36 1181.87 2181.49 2110.08
threshold=31.500000000000004 1.0000000180025095e-35 21.500000000000004 0.79324593901396423 25.500000000000004 0.37121212121212127 0.029857397504456321 60.500000000000007 0.32960789210789221 0.72902097902097907 0.82063376874697636 0.83398950131233607 5.5000000000000009 0.47722567287784684 0.44749373433583961 0.21583850931677021 0.55265880293930791 11.500000000000002 0.55113552635104368 0.33442982456140358 0.57901175497666735 0.29520697167755999 0.43650793650793657 0.94590643274853814 1.0000000180025095e-35 0.27823315118397091 0.27308238636363641 0.098387096774193564 1.0000000180025095e-35 0.64571741717050657
decision_type=2 2 2 2 2 2 2 2 2 2 2 2 2 2 2 2 2 2 2 2 2 2 2 2 2 2 2 2 2 2
left_child=1 4 6 -4 5 8 7 17 -1 19 -11 -5 13 -13 16 -16 18 -3 -7 -10 -6 -22 27 24 25 26 -24 28 -8 -29
right_child=-2 2 3 11 20 14 22 -9 9 10 -12 12 -14 -15 15 -17 -18 -19 -20 -21 21 -23 23 -25 -26 -27 -28 29 -30 -31
leaf_value=-0.077390473533390958 -0.031015376257896955 -0.25620529525174557 -0.028898568072034943 0.040339015209393488 0.11263148006985929 0.025247295678373555 -0.029972604528763765 -0.067521443832246605 0.11936289179345827 -0.15913160086198749 -0.0236481559125723 0.12621422430706325 -0.073005058365827311 -8.6458917500541987e-06 0.19657841334741588 0.0212872138737186 -0.057650730629098451 0.01742044024410792 0.26033200390193906 0.0022906339398006507 -0.069974658773911819 0.045550598030076939 -0.080385905325190923 0.045022469719057497 0.033406435637280817 0.00054334537790540649 0.028070245964587171 0.010503243858586014 0.015381835821464025 -0.0024828102916120386
leaf_weight=671.6167785837315 1912.9835612718016 33.74364442343358 8995.6937148999423 1504.594060764648 386.78611542592989 185.1363366090809 9117.1250950871181 477.19164348894265 185.29583877278492 327.73434097319841 1981.8116045445204 180.17663392610848 1016.0847996324301 4842.1465501971543 360.95144039753359 6294.0214899312705 780.23569303072873 14997.38132766448 58.655918141215807 5823.0755258410354 426.18471318704542 2633.9570033922791 354.95852618140634 2688.3783004987054 3990.4455468798988 689064.5556353624 6177.4312036782503 34173.807386270724 3738.3986281776888 369573.79982448299
leaf_count=55874 70343 273 402675 5278 2275 12922 4341246 4823 1638 1820 7007 637 4823 25662 2184 25116 83811 81445 455 40586 11739 6734 15925 480662 137774 6628622 18109 1314768 670579 4047134
internal_value=9.17351e-05 0.000142551 -2.70635e-05 -0.0151614 0.00984721 0.00386121 0.000193586 0.0142114 -0.0128527 -0.00764171 -0.0428738 0.00122146 -0.00852548 0.00451962 0.0234276 0.0307946 -0.0244495 0.0168062 0.0818082 0.0059011 0.0387941 0.0294614 -7.09609e-07 0.00110158 0.0009328 0.000746508 0.0221769 -0.00185886 -0.0167835 -0.00138365
internal_weight=1.17295e+06 1.17104e+06 1.15093e+06 16538.7 20115.5 16668.5 1.13439e+06 15508.3 8989.53 8317.92 2309.55 7543 6038.41 5022.32 7679 6654.97 1024.03 15031.1 243.792 6008.37 3446.93 3060.14 1.11888e+06 702276 699587 695597 6532.39 416603 12855.5 403748
internal_count=18502939 18432596 18180435 439075 252161 231413 17741360 86541 106925 51051 8827 36400 31122 26299 124488 27300 97188 81718 13377 42224 20748 18473 17654819 7281092 6800430 6662656 34034 10373727 5011825 5361902
is_linear=0
shrinkage=0.05


Tree=167
num_leaves=31
num_cat=0
split_feature=4 5 6 0 5 4 12 4 6 4 6 5 5 6 0 7 6 6 4 5 5 12 12 6 11 4 4 0 1 4
split_gain=743.135 2273.89 1381.31 1223.8 1164.34 3033.16 2735.9 2592.01 2143.71 2942.45 2377.91 2264.48 2139.29 1941.98 10116.5 1814.05 1757.42 1723.62 1842.13 1718.13 1644.83 2198.21 2014 2637.44 3015.11 34279.8 56451.1 20387.9 2078.85 1802.54
threshold=0.86217891839009864 0.73363914373088701 0.56385869565217395 0.72279980368215668 0.64204028589993511 0.81068356246927686 7.5000000000000009 0.81711599808393987 0.47722567287784684 0.69344351165661655 0.29520697167755999 0.41696642685851321 0.45665593129361254 0.88562091503267981 0.99772727272727291 1.0000000180025095e-35 0.43875000000000003 0.54772727272727284 0.79284797486062575 0.82063376874697636 0.42912946428571436 22.500000000000004 4.5000000000000009 0.22401433691756276 19.500000000000004 0.70845555119537962 0.70532092006646852 0.5431260990471517 0.032795698924731172 0.69973025969582159
decision_type=2 2 2 2 2 2 2 2 2 2 2 2 2 2 2 2 2 2 2 2 2 2 2 2 2 2 2 2 2 2
left_child=4 2 3 -2 7 6 13 8 9 10 -1 -12 15 -6 -15 -9 -17 18 -8 -7 21 -11 23 24 28 26 -26 -28 -22 -25
right_child=1 -3 -4 -5 5 19 17 12 -10 20 11 -13 -14 14 -16 16 -18 -19 -20 -21 22 -23 -24 29 25 -27 27 -29 -30 -31
leaf_value=-0.0013206042019101626 -0.0064085597520399541 5.3106138836167988e-05 0.017054158032681135 0.0098995884474558631 0.0097527965904460074 -0.016573509578041434 -0.011234741513354358 0.036563568672771614 0.013815523932849079 -0.035737148220669916 0.025760864822262964 0.0016922095879314651 0.005278819951596259 -0.1313475575009769 -3.2027508895908596 -0.03812791955397575 0.20209206692016235 0.0016079458351111343 -0.050646868338720674 -0.00085630951251557715 0.16510145911019525 0.011819660964906303 -0.012224172936117751 -0.086564316521865539 -0.050174058372824341 -0.051566695442963988 -0.050146444230611258 15.233563422944101 0.030609101941501449 0.0026151802406410483
leaf_weight=295434.76516918314 18312.211668351665 421607.38633813953 33014.282258034684 30941.31045603985 51290.685165969189 55346.155222421512 17574.389849957079 10500.273080335901 23140.474672217853 11452.682170999935 16637.931846015155 23682.991757419892 39710.357725722948 64.692516416311264 2.7969047501683226 1311.2425468649308 80.830649387091398 24469.833977050148 3566.5082007995807 25352.877280666493 324.19860695768148 3084.2448886304628 48656.958892222436 591.56070034368895 2.1919487123377612 28.774006721621845 0.26497465232387196 1.2360997656360269 2525.9568679892691 13442.484750969103
leaf_count=11813802 101192 2910089 253435 187915 275457 287469 111020 102557 127946 520611 98644 158431 253981 637 182 164346 1001 127036 22750 138229 1092 70252 588042 8645 728 2639 91 91 46137 128492
internal_value=8.69646e-05 0.00153683 0.00914066 0.0038363 -0.00100622 -0.00447434 0.00148545 0.000249712 -0.000996296 -0.00182049 0.000233895 0.0116238 0.01085 0.00940011 -0.258633 0.0294532 -0.0241796 -0.00742654 -0.0178836 -0.0116357 -0.0104307 -0.0256472 -0.00705739 0.0078037 0.0513651 0.530481 5.06548 12.5356 0.0459073 -0.0011439
internal_weight=1.17215e+06 503875 82267.8 49253.5 668277 177668 96968.9 490609 439007 415866 335756 40320.9 51602.7 51358.2 67.4894 11892.3 1392.07 45610.7 21140.9 80699 80110.6 14536.9 65573.6 16916.7 2882.62 32.467 3.69302 1.50107 2850.16 14034
internal_count=18502939 3452631 542542 289107 15050308 962780 537082 14087528 13565643 13437697 12070877 257075 521885 276276 819 267904 165347 260806 133770 425698 1366820 590863 775957 187915 50778 3549 910 182 47229 137137
is_linear=0
shrinkage=0.05


Tree=168
num_leaves=31
num_cat=0
split_feature=11 1 0 0 1 2 1 4 0 4 5 1 6 1 1 4 11 1 12 0 2 2 6 1 1 9 11 11 0 11
split_gain=752.47 1567.05 1632.9 1430.64 7315.4 14427.6 2453.64 1812.98 1386.62 1602.93 2668.04 3481.76 1169.11 1696.58 1673.47 1179.74 1166.77 1048.35 983 978.352 3209.02 2539.29 2659.79 2463.2 3091.33 2549.28 2328.65 2518.71 2778.69 2517.36
threshold=18.500000000000004 0.032795698924731172 0.34780767907702898 0.36883862071960577 0.17274535809018574 0.11805555555555557 0.036375661375661401 0.88286091815161594 0.39887757026976051 0.67257474818048257 0.40078740157480319 0.067424242424242456 0.3585714285714286 0.032795698924731172 0.035098522167487663 0.69046814399668377 32.500000000000007 0.045983086680761072 9.5000000000000018 0.6344958951866847 0.10555555555555557 1.0000000180025095e-35 0.13100686498855837 0.32200460829493094 0.12599206349206352 1.0000000180025095e-35 13.500000000000002 9.5000000000000018 0.48962695800931105 5.5000000000000009
decision_type=2 2 2 2 2 2 2 2 2 2 2 2 2 2 2 2 2 2 2 2 2 2 2 2 2 2 2 2 2 2
left_child=1 2 -1 4 16 -6 12 8 9 10 -8 17 -5 15 -15 -14 -2 -12 -16 21 -21 22 -3 24 26 -26 27 29 -29 -24
right_child=3 19 -4 6 5 -7 7 -9 -10 -11 11 -13 13 14 18 -17 -18 -19 -20 20 -22 -23 23 -25 25 -27 -28 28 -30 -31
leaf_value=-0.01679456274944071 0.0040304805270275825 -0.038523296860096728 0.014746894105323611 -0.06024051952337011 2.9309410504074052 0.046569316015887569 -0.072421694907515294 0.01167623041290981 -0.038005057916226263 -0.019223509662839488 0.33099428192242569 0.73034824844782564 0.039923248985837836 -0.14195109128596589 0.049038544965474731 -0.022198402671497766 -0.068316767089866226 0.083608784359170601 -0.12459342916500155 0.014776625970603828 0.0001693299071264219 0.0081079673586266013 -0.0066433760142737448 0.026158550848486142 -0.0087967543895815566 -0.035422723228404583 0.011344751834336329 -0.024878197519236686 0.044010370904873863 0.011593061204762757
leaf_weight=4723.9913205135817 22277.487328302755 5640.581007497356 31230.764148753908 2962.787066008008 6.3360068718902776 13.730558993207524 204.33401945068908 9550.0692003818695 4479.294326814299 1318.3932579047396 48.45508348941803 24.108739884570241 908.42398512363434 540.94460305944085 261.67048992216587 4815.6720592603087 571.58757305517793 368.58399479091167 118.39677514135838 39554.274553531199 760501.50532070443 47059.661554795253 49846.935694293119 6675.5317346127704 82290.986703369534 10092.256860035122 34625.502193519264 18627.221767624374 1588.6593990013935 30504.171674503246
leaf_count=74620 186186 4201106 269087 116116 182 910 20839 56784 536263 13195 91 546 1911 3094 546 20384 13286 455 546 407134 8495214 1061788 540722 38857 1581125 299390 184366 148785 16926 212485
internal_value=6.95758e-05 0.000332852 0.0106028 -0.00603002 0.0030587 0.957308 -0.0141488 -0.00215131 -0.0226465 0.012384 0.0769422 0.146126 -0.0341199 -0.0224737 -0.0854573 -0.0123396 0.00222066 0.112352 -0.00505047 -6.844e-06 0.000891506 -0.00251155 -0.00459479 -0.00377782 -0.00465595 -0.0117055 0.000161313 -0.00368918 -0.0194646 0.000279832
internal_weight=1.17143e+06 1.12296e+06 35954.8 48470.3 22869.1 20.0666 25601.1 15993.2 6443.17 1963.88 645.482 441.148 9607.89 6645.11 921.012 5724.1 22849.1 417.039 380.067 1.08701e+06 800056 286952 239892 234251 227576 92383.2 135192 100567 20215.9 80351.1
internal_count=18502939 17531605 343707 971334 200564 1092 770770 628173 571389 35126 21931 1092 142597 26481 4186 22295 199472 546 1092 17187898 8902348 8285550 7223762 3022656 2983799 1880515 1103284 918918 165711 753207
is_linear=0
shrinkage=0.05


Tree=169
num_leaves=31
num_cat=0
split_feature=6 5 12 4 11 2 2 11 9 2 2 9 1 2 1 11 6 4 4 0 0 11 11 1 6 1 6 4 4 12
split_gain=761.894 1112.4 2261.12 2052.09 1079.25 2989.17 3420.83 3371.83 2328.04 2611.03 2802.2 2299.19 2096.55 3231.63 2318.2 2082.75 1952.05 2219.01 3139.37 5526.95 1826.92 3120.7 2337.57 3162.75 2282.15 2196.56 1981.48 2364.33 1804.26 2824.4
threshold=0.82480818414322254 0.90336728919071885 6.5000000000000009 0.94069986234841318 4.5000000000000009 0.88194444444444453 0.73214285714285732 9.5000000000000018 1.0000000180025095e-35 0.16025641025641027 0.63068181818181823 1.0000000180025095e-35 0.407785336356765 0.11805555555555557 0.077935222672064777 6.5000000000000009 0.10762548262548265 0.54515000247593848 0.5372181993954126 0.45003840245775734 0.37895144308187795 7.5000000000000009 13.500000000000002 0.033908045977011476 0.25403225806451618 0.05064102564102569 0.69397993311036799 0.79284797486062575 0.63288333288333298 2.5000000000000004
decision_type=2 2 2 2 2 2 2 2 2 2 2 2 2 2 2 2 2 2 2 2 2 2 2 2 2 2 2 2 2 2
left_child=4 2 -2 -4 11 6 8 -8 12 -10 -11 -1 14 -14 20 -16 -17 18 -18 -20 25 -22 -23 -24 28 -6 27 -27 29 -25
right_child=1 -3 3 -5 5 -7 7 -9 9 10 -12 -13 13 -15 15 16 17 -19 19 -21 21 22 23 24 -26 26 -28 -29 -30 -31
leaf_value=-0.00079964971225611372 0.028218669539746263 0.00045954353891325693 -0.0042187880105610722 0.035166721039840233 -0.00057026825841545957 0.040415306928540985 -0.031577854991384456 0.012897205059015204 -0.039729526590936363 0.0027986603270211247 -0.026244298958059183 0.0059100003633527284 0.051684744180168753 0.0047909727736209027 -0.024943303588638749 -0.047459311989971505 0.0069732062990086208 -0.0040437796935193573 1.1840944568855427 0.18730747301209416 0.039513345589549526 -0.019480107699529889 -0.054501705572461825 0.38209116552040701 0.010676726641107501 -0.07573069720917576 -0.15254213466757793 0.019530480089106139 0.079541141569760679 -0.033612101083009396
leaf_weight=556090.92492116208 12662.668312593829 73784.986856364412 20394.711939246394 3947.3207872598432 81983.218326577044 3975.3895750592928 18538.791020009085 5533.6436258264584 7292.7336946569849 24602.011285536806 12538.009687627899 165728.48545569682 3888.4267258391919 66603.653362868688 16877.60789624021 2598.9882644826284 293.74376319762086 57213.723825672147 15.285516587318851 154.15503584692487 7757.3666937262024 7796.6521982269769 1543.084954643753 43.382184824702563 11973.936281143222 1325.5473123619158 370.19106016308069 1280.6356666131178 2407.3801160169387 702.82746085121471
leaf_count=7733089 105378 828646 162981 41223 683501 16107 91182 19201 660933 198653 49413 2285283 15652 553735 985530 2141412 15652 1449175 273 4641 86814 131677 35581 2912 45227 56602 2002 6370 53326 40768
internal_value=6.24764e-05 0.00400763 0.0110823 0.00216799 -0.000350205 -0.00268503 -0.00319905 -0.0213542 -0.00178589 -0.0123768 -0.00700588 0.000740874 -8.96393e-06 0.00737769 -0.00268832 -0.00941846 -0.00507141 -0.00316136 0.105837 0.277229 0.00174276 0.0118797 0.00311846 0.0136876 0.0206432 -0.00210212 -0.0442965 -0.0289209 0.0584852 -0.00944447
internal_weight=1.16992e+06 110790 37004.7 24342 1.05913e+06 337310 333335 24072.4 309263 44432.8 37140 721819 264830 70492.1 194338 77153.5 60275.9 57676.9 463.184 169.441 117184 32224.6 24467.3 16670.6 15127.5 84959.6 2976.37 2606.18 3153.59 746.21
internal_count=18502939 1138228 309582 204204 17364711 7346339 7330232 110383 7219849 908999 248066 10018372 6310850 569387 5741463 4596683 3611153 1469741 20566 4914 1144780 396305 309491 177814 142233 748475 64974 62972 97006 43680
is_linear=0
shrinkage=0.05


Tree=170
num_leaves=31
num_cat=0
split_feature=8 0 2 2 5 6 7 11 2 1 9 5 6 4 5 11 11 5 12 12 4 2 4 6 4 6 6 5 1 5
split_gain=718.027 707.305 2320.41 2067.93 3796.96 1674.6 1222.46 1115.64 1893.79 1847.63 1572.06 1450.06 1336.4 1273.92 1656.34 1251.41 1234.65 1200.6 1133.96 1467.59 2087.29 1103.08 1142.38 1085.32 1678.13 1037.95 1024.41 1496.72 1409.73 1486.41
threshold=1.0000000180025095e-35 0.93135579017931969 0.88194444444444453 0.73214285714285732 0.47304562627143282 0.8973684210526317 1.0000000180025095e-35 4.5000000000000009 0.88194444444444453 0.88303693570451447 1.0000000180025095e-35 0.42912946428571436 0.098387096774193564 0.77580604783599594 0.40930735930735934 7.5000000000000009 8.5000000000000018 0.89402852049910886 11.500000000000002 12.500000000000002 0.44347452395479253 0.78888888888888908 0.71868117470489601 0.17752100840336138 0.5403909112509756 0.24621212121212124 0.44722222222222224 0.67580080080080085 0.9104278074866311 0.64204028589993511
decision_type=2 2 2 2 2 2 2 2 2 2 2 2 2 2 2 2 2 2 2 2 2 2 2 2 2 2 2 2 2 2
left_child=-1 2 -2 4 -3 6 7 9 15 -5 26 13 -13 14 18 21 17 -17 23 20 -20 22 -9 -12 -25 -16 -11 28 29 -28
right_child=1 3 -4 5 -6 -7 -8 8 -10 10 11 12 -14 -15 25 16 -18 -19 19 -21 -22 -23 -24 24 -26 -27 27 -29 -30 -31
leaf_value=-0.053072334984653885 -0.0013969351427153328 0.042223536873234754 0.040266264607141895 0.036646611544727661 0.0045432061442371476 0.037419726124593822 0.039558137290769457 0.059716814375623144 0.046649162631798829 -0.003106785944011271 -0.032475312554090155 0.087350163344682846 0.010997385466958713 0.053266833498615142 -0.098003518265714046 0.047279400423953608 -0.024136764023951478 -0.12556479157723074 0.28116021164550098 0.0025948082399530614 0.032215511937895284 -0.087002645423322963 -0.039326698012649229 -0.49980805703476494 0.0075447937549843157 -0.011476356765754944 0.051315575105312511 0.0003063380316985667 0.016638226850151469 -0.81331998812089701
leaf_weight=635.54946032864973 574980.70372160361 8323.4376988585573 3361.4854552601464 3499.5181296952069 33978.422129714047 3051.437050987035 1973.3414068564307 325.96003454877064 1044.3496742418502 263317.22798099741 4644.4737010360695 579.94145242869854 48535.107334543485 1119.0431458130479 690.86951716989279 1257.2277850278188 2913.9052084846189 109.19462709873915 111.01017969846725 51189.823355916422 348.65477969078347 1107.4931784311775 2725.1704549565911 16.379693515598774 3283.6913448348641 695.49015462398529 9.4384408444166201 137923.80235348735 16722.801453884691 10.500705514103172
leaf_count=651105 11181625 62153 16289 19656 295022 423514 95004 3276 4641 3300570 339885 819 726362 8827 4368 4004 12649 637 273 375648 20111 8372 10010 182 11466 3822 91 802165 120211 182
internal_value=5.86249e-05 8.7539e-05 -0.00115478 0.00130633 0.0119573 0.000482949 0.00027582 0.000132847 -0.016866 0.000435468 0.000196009 0.00547918 0.0118989 0.000401733 -0.000568387 -0.0247263 -0.00574775 0.0334669 0.000688472 0.00339348 0.0923362 -0.0442602 -0.0287456 -0.0168975 0.00502658 -0.0545957 -0.00120971 0.00202004 0.0161372 -0.404034
internal_weight=1.16849e+06 1.16785e+06 578342 589508 42301.9 547206 544154 542181 9483.3 532698 529198 111214 49115 62099.4 60980.4 8438.95 4280.33 1366.42 59594 51649.5 459.665 4158.62 3051.13 7944.54 3300.07 1386.36 417984 154667 16742.7 19.9391
internal_count=18502939 17851834 11197914 6653920 357175 6296745 5873231 5778227 43589 5734638 5714982 1491763 727181 764582 755755 38948 17290 4641 747565 396032 20384 21658 13286 351533 11648 8190 4223219 922649 120484 273
is_linear=0
shrinkage=0.05


Tree=171
num_leaves=31
num_cat=0
split_feature=4 5 12 5 4 4 0 5 0 6 6 0 5 9 6 4 12 5 1 6 6 4 5 4 10 4 11 11 6 1
split_gain=701.76 2287.09 1604.29 1902.78 2913.22 2586.33 2244.66 2445.94 3715.31 2226.24 2507.55 2061.49 1987.23 2051.95 1952.83 3774.82 2915.48 2657.45 2067.74 1998.49 2190.96 1959.12 1862.23 1799.55 1792.25 1725.53 1711.21 2615.68 2049.91 1989.07
threshold=0.91605170333264907 0.76728257406817468 1.5000000000000002 0.70283649986620289 0.82142483952828793 0.76080849281877538 0.55485607742640997 0.56443628233791132 0.55699527332921173 0.70710784313725505 0.70185185185185195 0.36445214690650801 0.41202270381836947 1.0000000180025095e-35 0.24621212121212124 0.61864627291239371 55.500000000000007 0.32701294033069739 0.73746867167919816 0.087595907928388769 0.23205128205128209 0.73093975874921124 0.92888748419721889 0.61954455525152263 1.0000000180025095e-35 0.71518551646458628 18.500000000000004 11.500000000000002 0.73508771929824568 0.14854215918045707
decision_type=2 2 2 2 2 2 2 2 2 2 2 2 2 2 2 2 2 2 2 2 2 2 2 2 2 2 2 2 2 2
left_child=2 -2 -1 4 5 14 11 8 -8 10 25 -6 -7 -14 15 -4 19 23 21 -17 -21 -16 -12 -18 -23 -5 27 28 -13 -29
right_child=1 -3 3 9 6 12 7 -9 -10 -11 22 26 13 -15 18 16 17 -19 -20 20 -22 24 -24 -25 -26 -27 -28 29 -30 -31
leaf_value=0.006434778667138083 0.019807822368676217 0.0010665262848201715 0.00088645792944415716 0.12922927659057018 0.025145413414556308 0.032890576538159723 0.20843504778959621 0.0071040315985475199 0.025357157630088858 0.0017047185500940751 -0.10839199950104782 -0.012194173542724982 -0.021594411204500612 0.0055968084169144144 0.0038144665501527683 -0.040916364217484569 -0.23448411587130399 -0.037759404146991631 0.01264107188485813 -0.010871056503354657 -0.067564672297652603 -0.027877418784047037 -1.279184790802117 0.041386604810036351 0.0049576390469173864 -0.0082093407317083509 -0.04805893530478747 0.0069231268044540762 -0.13350353211722651 0.07029666745262389
leaf_weight=73095.6234583318 17294.121488123201 277300.15789821127 203417.3096729049 228.69619082380086 5510.0404171969567 2226.4491368643939 281.10258395806886 48427.624644049443 19546.530070962734 82686.959687498631 538.18471200950444 17465.868280204915 31619.089127081796 8888.6816593013937 66634.914647850324 6957.9732450170268 59.853945052309427 1522.3426638577366 51385.884810063988 56792.366518613635 1756.863024882623 10604.900207636994 3.4179207682609549 4782.7935755450017 6834.0317372847348 161569.82453238778 2471.4945435435511 5407.9736053663073 355.33166121691465 1605.8023697170429
leaf_count=1327417 113295 2089724 6585488 1365 24115 34034 2366 317408 185185 544362 4368 187369 246246 69069 695786 2145507 1911 18564 233415 2423785 58604 177905 91 66248 30667 830739 28028 29939 1820 28119
internal_value=5.66801e-05 0.00216673 -0.000655621 -0.00130381 0.00031751 -0.00139337 0.00799378 0.0131604 0.0279527 -0.00497323 -0.00837461 -0.00275235 -0.0131 -0.0156278 -0.000175412 -0.00259379 -0.0124438 0.0198627 0.00473936 -0.0155829 -0.0125722 -9.0158e-05 -0.115781 0.0379769 -0.0150099 -0.00801508 -0.0083817 -0.00443315 -0.0146129 0.0214325
internal_weight=1.16727e+06 294594 872678 799582 554555 453483 101072 68255.3 19827.6 245027 162340 32816.5 42734.2 40507.8 410749 275290 71872.2 6364.99 135460 65507.2 58549.2 84073.8 541.603 4842.65 17438.9 161799 27306.5 24835 17821.2 7013.78
internal_count=18502939 2203019 16299920 14972503 13591578 12787229 804349 504959 187551 1380925 836563 299390 349349 315315 12437880 11300107 4714619 86723 1137773 4627896 2482389 904358 4459 68159 208572 832104 275275 247247 189189 58058
is_linear=0
shrinkage=0.05


Tree=172
num_leaves=31
num_cat=0
split_feature=8 12 6 5 5 6 5 12 4 12 4 4 4 4 5 6 5 1 4 2 5 6 0 11 1 1 4 6 5 12
split_gain=681.073 669.852 1594.42 2159.6 2055.63 2048.9 1876.3 1600.58 1505.86 1437.01 1385.08 1490.44 1403.45 1218.99 1316.37 1098.7 1562.58 2243.27 2200.96 1441.84 1348.07 2733.96 1333.96 1091.65 1068.76 1173.99 1066.15 1053.98 3154.83 1591.65
threshold=1.0000000180025095e-35 48.500000000000007 0.048809523809523817 0.24253565062388596 0.11437177280550777 0.21132376395534294 0.47304562627143282 80.500000000000014 0.57026054987212282 88.500000000000014 0.56055365482784847 0.56546850006152349 0.57026054987212282 0.61159040903208461 0.32701294033069739 0.38585607940446659 0.36014705882352949 0.063164893617021281 0.61335922531574705 0.13392857142857145 0.35448791714614503 0.32305502846299816 0.30349511599511608 6.5000000000000009 0.20864427860696524 0.22996794871794871 0.6040448793958183 0.41421568627450983 0.55603864734299535 38.500000000000007
decision_type=2 2 2 2 2 2 2 2 2 2 2 2 2 2 2 2 2 2 2 2 2 2 2 2 2 2 2 2 2 2
left_child=-1 27 4 8 26 9 7 15 -4 10 -5 -12 24 -14 -15 16 17 18 -7 20 22 -22 -19 -20 -13 -26 -3 -2 -29 -30
right_child=1 2 3 5 -6 6 -8 -9 -10 -11 11 12 13 14 -16 -17 -18 19 23 -21 21 -23 -24 -25 25 -27 -28 28 29 -31
leaf_value=-0.052938270660967783 -0.0023760344979252171 -0.00068349763455275271 0.0096251190314484772 0.023469921286869443 -0.050808268581625793 -0.10788494703188732 -0.069676751323821465 -0.047597499709114262 0.038013149101411431 0.068846905095036381 -0.14426112672149 -0.069146708379834651 -0.042592849425545039 0.0082658412149179926 -0.035675155783785675 0.057116119053834652 -0.0016444238336567642 0.33076580909491016 -0.17300913467344881 0.028717819787119687 -0.0545167797869925 0.42222672735737127 0.064845017677049935 0.034661300820728734 0.37888233464871363 0.088057391567163495 0.19031901730914677 0.016180492224276356 0.00021083505770074681 -0.094919886663841005
leaf_weight=606.00728449341841 382844.17784478946 42005.478027605917 9417.7618962718407 2044.1089069034206 2120.2799525303999 487.45324671640992 639.11691333353519 885.2271888833493 9269.2966772082727 536.12883772444911 240.57643167115748 78.751954586012289 4238.2270828899927 4394.5898282342823 2784.3041078548413 1900.010710388422 6227.2243441944011 48.482594132423401 67.725366830825806 3295.7249032258987 48.607844308018684 78.859673112630844 1729.3314879592508 964.27760504186153 43.282732754945755 175.01452980609611 73.187178671360016 32184.608833798673 656119.76226289046 439.98341643624008
leaf_count=651105 12279176 174993 148512 20475 326144 2275 5187 6097 98553 4368 4550 4550 70616 70798 38766 8099 34944 91 546 15652 728 182 12103 2002 91 1547 91 210574 4306393 3731
internal_value=5.43012e-05 8.18577e-05 0.00413372 0.010288 -0.00277177 0.00217494 0.0143049 0.0177164 0.0237064 -0.0114881 -0.0145647 -0.0210682 -0.0185381 -0.0213297 -0.00877649 0.0216105 0.0164002 0.0331205 -0.0203249 0.0487343 0.0833586 0.240428 0.0720969 0.0210329 0.0887562 0.14572 -0.000351288 -0.00027279 0.000896316 0.000147085
internal_weight=1.16599e+06 1.16538e+06 93793 49594.1 44198.9 30907 16372 15732.9 18687.1 14535 13998.9 11954.7 11714.2 11417.1 7178.89 14847.7 12947.7 6720.46 1519.46 5201.01 1905.28 127.468 1777.81 1032 297.049 218.297 42078.7 1.07159e+06 688744 656560
internal_count=18502939 17851834 1051960 550732 501228 303667 87906 82719 247065 215761 211393 190918 186368 180180 109564 76622 68523 33579 4823 28756 13104 910 12194 2548 6188 1638 175084 16799874 4520698 4310124
is_linear=0
shrinkage=0.05


Tree=173
num_leaves=31
num_cat=0
split_feature=6 0 0 2 9 5 6 1 11 4 11 1 0 4 0 1 0 6 4 1 12 12 4 7 0 0 1 1 6 4
split_gain=661.284 1133.96 1984.85 2077.12 2021.75 1652.22 2037.16 1731.42 1491.5 1610.91 1455.28 2200.05 2444.56 2350.75 1703.79 1669.74 2636.48 1613.1 1417.18 5260.64 1385.76 2039.72 2311.55 2341.46 2018.32 1372.77 1359.58 2866.17 1302.82 1304.85
threshold=0.82480818414322254 0.3760162314083883 0.57407123032123042 0.080128205128205135 1.0000000180025095e-35 0.95500556736511799 0.94281045751633996 0.36474501108647456 1.0000000180025095e-35 0.91902622287429614 4.5000000000000009 0.21244358478401035 0.43415286404416847 0.94389916592433776 0.45240306648975387 0.15849282296650721 0.51055537394210171 0.86811594202898557 0.91105120100449632 0.080540540540540509 6.5000000000000009 12.500000000000002 0.8888932345988042 1.0000000180025095e-35 0.97673913043478267 0.68817201317201315 0.035098522167487663 0.033908045977011476 0.85357142857142865 0.7813336760705184
decision_type=2 2 2 2 2 2 2 2 2 2 2 2 2 2 2 2 2 2 2 2 2 2 2 2 2 2 2 2 2 2
left_child=-1 -2 3 4 10 18 7 -7 9 -6 11 12 -3 -14 -15 16 26 -13 20 -20 -4 22 23 28 -25 -8 27 -12 -22 -30
right_child=1 2 5 -5 8 6 25 -9 -10 -11 15 17 13 14 -16 -17 -18 -19 19 -21 21 -23 -24 24 -26 -27 -28 -29 29 -31
leaf_value=-0.00033380367158612875 0.015201059658083667 0.0061550714876214352 0.022126623529530098 0.030866347065482132 -0.21117453335492042 0.029925092928233782 -0.0045436334514048779 -0.040593791964338301 -0.060798434306267024 0.051429677247038522 -0.045911673405597181 0.09829802862475559 -0.092373073344882609 -0.16138565019847384 -0.021269059525778417 -0.015920158652671278 0.042280111919329615 0.00037091465911914356 -1.4438802148047691 0.026633706699062898 -0.096572862290281808 0.035669476006467041 0.0043079306408427241 -2.5622970256700617 0.050171199965596394 0.032478512698499537 0.0015646489283902951 -0.47570720872721284 -0.80588949665588039 -0.019218364065620067
leaf_weight=1055358.2412260636 18036.517438994837 3202.4181392677128 5560.1052493606694 3597.2514485586435 65.135524824261665 1068.1625865101814 6682.7739098584279 4701.9624584405683 2832.4591801539063 564.6793577671051 414.28875368088484 561.68531894683838 1999.9990163370967 227.72010141611099 4591.0954345911741 9751.2972830682993 4634.8544107750058 1673.3587427735329 6.0842143744230262 16103.18403211562 1251.0207538511604 1717.1734806648456 2715.3868045196868 1.7410989049822083 1.2849185969680548 4004.1721581089078 13156.713788114488 42.796962708234787 5.2956431768834582 1144.4711742922664
leaf_count=17364711 69979 10192 55055 25207 364 2912 34398 34398 14287 910 1456 728 8190 1092 12194 27209 8008 4004 182 218309 8190 17199 42952 91 91 486850 42224 455 91 11011
internal_value=5.12249e-05 0.0037347 0.00149352 -0.00565485 -0.00865989 0.00901597 -0.00359846 -0.0275394 -0.0453236 0.0242711 -0.00550659 -0.0198756 -0.02988 -0.0468036 -0.0278905 0.000783076 0.00970857 0.0249808 0.0162986 0.0260783 0.00358979 -0.0114864 -0.0273043 -0.063014 -1.45298 0.00932778 -0.0013805 -0.0861535 -0.0612621 -0.0228416
internal_weight=1.16567e+06 110315 92278.6 47315.8 43718.5 44962.8 16457.1 5770.13 3462.27 629.815 40256.2 12256.3 10021.2 6818.81 4818.82 28000 18248.7 2235.04 28505.7 16109.3 12396.5 6836.37 5119.2 2403.81 3.02602 10686.9 13613.8 457.086 2400.79 1149.77
internal_count=18502939 1138228 1068249 156520 131313 911729 558558 37310 15561 1274 115752 36400 31668 21476 13286 79352 52143 4732 353171 218491 134680 79625 62426 19474 182 521248 44135 1911 19292 11102
is_linear=0
shrinkage=0.05


Tree=174
num_leaves=31
num_cat=0
split_feature=11 11 12 0 1 6 6 12 6 5 0 4 4 0 12 6 10 6 11 1 0 11 0 1 0 6 4 12 11 4
split_gain=675.536 1515.23 1395.61 1242.26 2422.85 1556.59 2781.84 1765.14 1641.32 1876.98 1325.33 1214.78 1686.28 1520.39 1161.98 1406.64 1204.08 1129.09 1096.75 1633.5 3600 1866.81 1515.21 1325.02 1296.29 1535.39 2720.2 1516.61 2662.85 1254.19
threshold=8.5000000000000018 11.500000000000002 74.500000000000014 0.42961256187062641 0.15849282296650721 0.3585714285714286 0.40370370370370373 14.500000000000002 0.58578431372549034 0.39489928525016249 0.38072466748937345 0.91605170333264907 0.99222761596548015 0.48413160913160919 19.500000000000004 0.79057017543859665 1.0000000180025095e-35 0.18634259259259262 18.500000000000004 0.072077922077922088 0.61761982570806107 13.500000000000002 0.44787770708823343 0.05064102564102569 0.37344853766422409 0.18834459459459463 0.63663717771683748 2.5000000000000004 15.500000000000002 0.90243157918559957
decision_type=2 2 2 2 2 2 2 2 2 2 2 2 2 2 2 2 2 2 2 2 2 2 2 2 2 2 2 2 2 2
left_child=-1 2 3 10 5 -5 7 -7 9 -8 -2 13 -13 -10 15 -12 -17 -4 19 21 -21 22 -3 -24 29 27 -27 28 -26 -23
right_child=1 18 17 4 -6 6 8 -9 11 -11 14 12 -14 -15 -16 16 -18 -19 -20 20 -22 24 23 -25 25 26 -28 -29 -30 -31
leaf_value=0.00068725760435692338 -0.010060057050818798 -0.015613867248616782 0.070505942801032617 -0.034335841088640927 -0.0078344155090033785 0.23862639345598141 0.2108860468994701 -0.055759766123119794 0.0082883132450889945 -0.061662714034783683 -0.015346649589755595 -0.055937055011072483 0.044459105053404328 0.10784627319231931 -0.08280347080814604 -0.047256299754811021 -0.17742126323470706 -0.077559562200083296 -0.0056657310701526548 -0.015629411330213932 0.011531557654073052 0.00045108251757340444 0.19103727779626589 0.025166776361152384 0.39802253677756405 -0.080215667586083117 0.020791694160461938 0.049856660925145492 -0.054240231161990816 0.022982792708614863
leaf_weight=910504.8188226847 11349.319979344888 10090.406496640528 912.33692153352604 898.69069131191645 67595.536315207268 255.598622742109 69.189800068736076 63.587356202304363 592.99812082573771 726.05587763804942 3899.8339677673939 590.86774710193276 1431.6613973230124 1085.3653166498989 1215.2438363535621 587.97184749692678 254.60056655108929 149.91093081049621 48146.896778797163 27400.237584113682 21991.226719656479 24768.439370858949 148.25120567326667 640.8770462172979 83.325981151487213 691.62792224157602 18385.799951550551 2246.0719291807472 53.406833151471801 8227.7624702900648
leaf_count=13816621 141141 100373 20475 211575 1080625 3185 273 1365 2639 12558 87087 3822 2457 3640 55146 2639 1365 1274 971334 1336335 288106 173537 1274 10647 1638 3185 68978 58240 2457 38948
internal_value=5.0655e-05 -0.00222639 -0.00736816 -0.00803609 -0.00519161 0.0260722 0.0373462 0.17998 0.0272205 -0.0379498 -0.0200848 0.0412243 0.0151291 0.0726705 -0.039182 -0.028004 -0.0865883 0.04961 0.000667808 0.00332576 -0.00353617 0.00851311 -0.0103957 0.0563284 0.0122908 0.0218564 0.0171298 0.0596988 0.221372 0.00606947
internal_weight=1.16506e+06 254553 91678.8 90616.5 73309.6 5714.01 4815.32 319.186 4496.14 795.246 17307 3700.89 2022.53 1678.36 5957.65 4742.41 842.572 1062.25 162874 114727 49391.5 65336 10879.5 789.128 54456.4 21460.2 19077.4 2382.8 136.733 32996.2
internal_count=18502939 4686318 1631266 1609517 1322139 241514 29939 4550 25389 12831 287378 12558 6279 6279 146237 91091 4004 21749 3055052 2083718 1624441 459277 112294 11921 346983 134498 72163 62335 4095 212485
is_linear=0
shrinkage=0.05


Tree=175
num_leaves=31
num_cat=0
split_feature=8 2 6 7 1 5 10 2 0 11 6 5 12 0 5 4 12 12 4 0 11 0 6 1 6 11 0 0 2 4
split_gain=645.873 638.874 1874.51 1497.48 1030.71 1455.16 982.997 3008.68 1965.95 1366.89 1360.3 1479.92 1905.02 1746.63 1477.78 2110.18 1619.13 1214.57 2074.7 1246.07 1204.75 1927.61 1193.93 1554.47 1374.77 1180.13 1605.17 2600.95 1408.27 1912.82
threshold=1.0000000180025095e-35 0.43650793650793657 0.94590643274853814 1.0000000180025095e-35 0.27823315118397091 0.41696642685851321 1.0000000180025095e-35 0.07417582417582419 0.41921134421134426 21.500000000000004 0.81534090909090928 0.43881221553369559 2.5000000000000004 0.41475260532754815 0.42912946428571436 0.58301601675922499 16.500000000000004 19.500000000000004 0.7813336760705184 0.36883862071960577 19.500000000000004 0.37895144308187795 0.54772727272727284 0.070598006644518277 0.57518796992481214 1.0000000180025095e-35 0.40071984209915251 0.44003968253968256 0.41428571428571431 0.99912280701754397
decision_type=2 2 2 2 2 2 2 2 2 2 2 2 2 2 2 2 2 2 2 2 2 2 2 2 2 2 2 2 2 2
left_child=-1 6 3 4 5 -3 25 8 10 -9 11 13 22 14 -8 -16 -17 20 -19 -20 -12 -22 23 -13 -24 26 -2 -28 -29 -30
right_child=1 2 -4 -5 -6 -7 7 9 -10 -11 17 12 -14 -15 15 16 -18 18 19 -21 21 -23 24 -25 -26 -27 27 28 29 -31
leaf_value=-0.052808118763465452 0.055557333440543734 -0.05212639727820078 0.044556159386256296 0.032296372294096265 0.00051760585437240472 0.028360443054391966 0.0036161120658394028 0.053374903507973498 -0.053117705299251375 -0.059896817758319398 0.017659952946957963 0.028880665257102263 -0.0082435299904833441 0.10001484733540625 0.39625157019150659 -0.045508105830497005 0.058038887291332254 0.037920409150214308 -0.3648596152388357 -0.070194806472559837 -0.00072948486197991678 -0.11707117821620171 -0.064114105636466939 -0.0676942230229199 0.0036381460046624385 -0.00414639621529785 -0.066566693048539224 0.006444394327020213 -0.14959340687186684 -1.4120029187610863
leaf_weight=577.681703240145 1530.9081453738618 621.4686399451457 2464.8518546961714 3771.5020076313522 685806.52803853597 5826.1711061000824 34926.420485368581 3636.1166167153278 1675.9711193484254 287.38757948577404 21474.878004975617 7870.0214209533297 69110.077805850073 503.27575469011208 41.760366547852755 469.56890673551243 1926.0025143693201 156.39047287404537 75.675044305622578 68.222638517618179 3531.0883821323514 395.9545576646924 803.96245275810361 439.96408708393574 10897.090610008687 270790.16237255 1284.9293176865904 33443.646346237743 84.268296584254131 3.1114259427413336
leaf_count=651105 17836 13559 483210 137774 6559098 15925 673218 11739 33397 1001 86268 27300 287742 4550 182 6188 8372 273 728 364 11284 1820 3185 2821 36127 8899618 28392 498953 728 182
internal_value=4.75376e-05 7.37713e-05 0.00103 0.00087586 0.000704677 0.0206026 -0.00136129 0.00183952 0.000740532 0.045078 0.0013317 -0.000791478 -0.0043099 0.00748922 0.00624293 0.0438847 0.0377421 0.0118218 -0.0881462 -0.225157 0.0130035 -0.0124599 0.0092753 0.0237676 -0.00101701 -0.0030109 0.00544873 0.00324539 0.00592063 -0.194545
internal_weight=1.1645e+06 1.16392e+06 698491 696026 692254 6447.64 465427 158290 154366 3923.5 152690 126988 89121.1 37867 37363.8 2437.33 2395.57 25702.2 300.288 143.898 25401.9 3927.04 20011 8309.99 11701.1 307137 36346.9 34816 33531 87.3797
internal_count=18502939 17851834 7209566 6726356 6588582 29484 10642268 1196559 1183819 12740 1150422 1049685 357175 692510 687960 14742 14560 100737 1365 1092 99372 13104 69433 30121 39312 9445709 546091 528255 499863 910
is_linear=0
shrinkage=0.05


Tree=176
num_leaves=31
num_cat=0
split_feature=4 5 6 11 12 4 12 12 6 2 6 5 0 1 0 9 12 5 6 1 1 4 5 5 12 4 4 5 12 2
split_gain=629.663 2053.64 1309.12 1118.94 1222.53 1063.27 2388.83 1021.77 1351.11 1063.72 1108.68 1599.3 1661.21 1004.71 1321.16 1459.27 979.318 1787.86 2730.97 2455.77 3628.52 2347.06 2899.79 10152.6 41866.4 11174.4 2321.73 4438.9 2915.72 2179.32
threshold=0.86217891839009864 0.73363914373088701 0.56385869565217395 17.500000000000004 1.5000000000000002 0.93438591387872816 13.500000000000002 21.500000000000004 0.92450142450142458 0.47222222222222227 0.72902097902097907 0.78800719054956347 0.9648090815273479 0.84698996655518399 0.9648090815273479 1.0000000180025095e-35 12.500000000000002 0.38829240434037698 0.09232954545454547 0.58898944193061853 0.95916666666666683 0.48499228395061728 0.1861605107159143 0.18773496240601509 10.500000000000002 0.47856087531016561 0.7813336760705184 0.57962779973649547 11.500000000000002 0.63068181818181823
decision_type=2 2 2 2 2 2 2 2 2 2 2 2 2 2 2 2 2 2 2 2 2 2 2 2 2 2 2 2 2 2
left_child=16 2 5 -4 -5 13 -7 -3 9 10 11 -9 -13 14 -2 -16 17 19 -19 -1 -21 22 -22 24 -24 -26 -20 -28 -29 -30
right_child=1 7 3 4 -6 6 -8 8 -10 -11 -12 12 -14 -15 15 -17 -18 18 26 20 21 -23 23 -25 25 -27 27 28 29 -31
leaf_value=-0.031922360247764195 -0.0037409166155508225 9.5105007407344234e-05 0.018703513794092515 -0.14046796084805513 -0.0075231812798329245 0.050973263630633127 -0.61477153524886308 -0.11297310917500754 -0.37229392776664311 0.052041200295535231 -0.019423732858403698 -0.40073242729788883 -1.7682654070947657 0.010289479446779638 -0.43881762690275822 -0.029840011906721309 0.0007537642688265413 0.061166859533649455 0.0036298485709308826 0.040110135049789886 0.021787566731058947 -0.015278489324610076 -0.050313669993945556 0.14393879563558881 8.7540907908171839 -0.050240279585255426 0.014966930571150273 -0.0077835063953871284 -0.008633121864824924 -0.063297509736376864
leaf_weight=11882.604313145333 25956.894789185724 417759.93070238072 30653.18186649261 193.57673160731792 1620.8174873962998 1485.2624001149088 13.597790256142614 260.04990517348051 31.740434199571609 232.58093408681452 414.87738896161318 19.852782696485523 2.5003841090947381 21013.583134103566 36.588076494634151 54.004613980650902 368956.33614943468 1725.041142805072 106828.55300485468 3871.6480724687281 1144.5734747605165 24670.581712171144 8.0017090967157838 190.27562569535803 2.1457748971879478 0.43313473742455233 21334.17898243462 115782.40991357691 3173.7885831422172 4284.7834574524313
leaf_count=3611153 135772 2903264 246519 1092 5824 6643 182 1729 273 2821 1729 182 91 145418 455 637 7100093 64519 1162252 149149 52598 2040948 1547 10829 91 91 186914 628719 17927 23478
internal_value=4.60281e-05 0.00138658 0.0086728 0.0164452 -0.021707 0.00347608 0.0449336 -2.33951e-05 -0.0515048 -0.0405548 -0.0714406 -0.147858 -0.553702 0.00215569 -0.00440617 -0.195016 -0.000963133 -0.00311119 -0.00152972 -0.012695 -0.00505063 -0.0117714 0.0525375 0.227765 1.73524 7.27538 -0.00195992 -0.00609027 -0.00973547 -0.0400366
internal_weight=1.1636e+06 499749 81027.5 32467.6 1814.39 48559.9 1498.86 418722 961.602 929.861 697.28 282.403 22.3532 47061.1 26047.5 90.5927 663855 294899 253129 41770.3 29887.7 26016 1345.43 200.856 10.5806 2.57891 251404 144575 123241 7458.57
internal_count=18502939 3452631 542542 253435 6916 289107 6825 2910089 6825 6552 3731 2002 273 282282 136864 1092 15050308 7950215 2083809 5866406 2255253 2106104 65156 12558 1729 182 2019290 857038 670124 41405
is_linear=0
shrinkage=0.05


Tree=177
num_leaves=31
num_cat=0
split_feature=6 4 5 5 12 4 5 12 5 5 12 9 11 1 5 0 5 1 1 9 12 4 5 6 5 6 6 9 5 6
split_gain=657.179 9324.17 2613.23 2473.15 2038.56 1872.87 1535.34 1878.13 1283.34 2346.35 7581.85 3194.25 1234.36 1885.27 2149.33 1223.22 1117.21 1040.26 1778.88 988.05 936.194 931.276 1283.6 1250.66 960.395 997.82 856.442 1104.01 835.166 985.861
threshold=0.048809523809523817 0.45981446090141748 0.19069264069264072 0.37544326241134757 10.500000000000002 0.55691091578624474 0.17083593912862208 42.500000000000007 0.18009009009009017 0.18212530712530714 20.500000000000004 1.0000000180025095e-35 6.5000000000000009 0.1980392156862745 0.18926915080761234 0.94672705314009675 0.091372912801484255 0.18274582560296845 0.13100686498855837 1.0000000180025095e-35 41.500000000000007 0.49946074748706332 0.21756661991584855 0.053342816500711245 0.2211032388663968 0.10762548262548265 0.050641025641025648 1.0000000180025095e-35 0.14717282261741912 0.087595907928388769
decision_type=2 2 2 2 2 2 2 2 2 2 2 2 2 2 2 2 2 2 2 2 2 2 2 2 2 2 2 2 2 2
left_child=1 8 4 16 -2 6 7 15 17 10 -10 -12 -8 -14 -15 -6 19 18 -1 -3 -20 22 -4 -24 25 -25 27 -9 29 -28
right_child=2 3 21 -5 5 -7 12 26 9 -11 11 -13 13 14 -16 -17 -18 -19 20 -21 -22 -23 23 24 -26 -27 28 -29 -30 -31
leaf_value=-0.054566345557059664 -0.021334389197233503 -0.050757569189060596 -0.028925333302193282 0.065938462280569363 -0.06368632245962029 0.054277061580172314 0.018180902900856413 -0.05268257826741847 -0.053131121480573223 0.053569551771634985 -0.050582537490866455 1.9072366369245914 0.027735593352854328 0.15035750541594217 0.60717183449086221 0.10753374730378609 -0.043315954747520348 0.0007909608173417899 0.15305444934422291 0.1141854696087225 0.0383030072417311 0.0001396453252082263 0.30540668154953571 0.23291977647786705 0.035808011614784689 -0.062039443885400142 -0.050815094394681494 0.24679389202191207 -0.076367446760157762 0.035705387504858313
leaf_weight=279.94917173325666 2119.6229181153903 157.47683402399707 508.02764289424522 555.29759448222467 135.71086273233232 5038.9735288341617 1583.9035315579822 61.816931695022504 23.022663554060273 329.55993715069781 2.6572907931986238 9.6458588615059853 398.00547992563224 261.47649002478283 28.561900928048999 450.85566195240244 16135.354406071521 129872.64632903917 346.6595466373692 214.41022188542411 364.76823114561557 1000716.6893980777 52.230858026989154 127.56630549521651 952.22493408860464 36.985877347411588 776.97575630896608 61.282597458688542 899.09354760807764 571.35648856521584
leaf_count=23114 249340 39403 15834 8008 14014 86450 30121 4368 1001 11921 546 91 17745 6552 546 3276 5527704 467831 11284 7189 11557 11890333 1001 819 18746 728 20839 546 28119 3913
internal_value=2.9759e-05 -0.00307935 0.000484098 -0.0378498 0.0233084 0.032524 0.0115617 -0.0121864 0.00144154 0.0950809 0.482347 1.48438 0.0424713 0.0983889 0.195343 0.0679194 -0.0413412 0.00118045 0.0522039 0.0443398 0.0942183 0.000202034 0.0374304 0.0662674 0.055083 0.166623 -0.0320079 0.0964057 -0.0390416 -0.014152
internal_weight=1.16307e+06 148291 1.01478e+06 17062.5 12387.6 10268 5229.04 2957.09 131229 364.886 35.3258 12.3031 2271.95 688.044 290.038 586.567 16507.2 130864 991.377 371.887 711.428 1.00239e+06 1677.04 1169.01 1116.78 164.552 2370.53 123.1 2247.43 1348.33
internal_count=18502939 6109649 12393290 5582304 465829 216489 130039 75075 527345 13559 1638 637 54964 24843 7098 17290 5574296 513786 45955 46592 22841 11927461 37128 21294 20293 1547 57785 4914 52871 24752
is_linear=0
shrinkage=0.05


Tree=178
num_leaves=31
num_cat=0
split_feature=6 5 12 12 1 0 12 12 6 4 5 6 5 12 11 0 2 6 0 12 1 1 1 12 12 5 9 5 4 1
split_gain=613.295 1752.18 1515.42 1525.72 1188.49 1566.58 1150.96 1804.15 1753.66 1161.55 1332.93 1082.27 3268.14 2181.06 1572.38 2623.73 1357.99 1137.24 1054.51 1050.25 1443.45 1049.48 1567.05 1040.79 3184.73 3690.53 2562.07 3046.76 1806.04 1760.7
threshold=0.65301003344481623 0.87108993157380266 9.5000000000000018 10.500000000000002 0.14854215918045707 0.53174181019925715 9.5000000000000018 12.500000000000002 0.86811594202898557 0.8913727434087354 0.87545620437956218 0.62731481481481499 0.66807909604519788 2.5000000000000004 8.5000000000000018 0.42224418093983324 0.19090909090909094 0.61721611721611735 0.75471406612710978 19.500000000000004 0.10762548262548262 0.035098522167487663 0.031754032258064509 5.5000000000000009 3.5000000000000004 0.78800719054956347 1.0000000180025095e-35 0.89402852049910886 0.86217891839009864 0.81016731016731025
decision_type=2 2 2 2 2 2 2 2 2 2 2 2 2 2 2 2 2 2 2 2 2 2 2 2 2 2 2 2 2 2
left_child=11 2 -2 -4 5 19 -3 8 9 10 -8 17 14 16 15 -13 -14 -1 -7 20 -5 22 -19 24 -23 -26 28 -28 29 -27
right_child=1 6 3 4 -6 18 7 -9 -10 -11 -12 12 13 -15 -16 -17 -18 21 -20 -21 -22 23 -24 -25 25 26 27 -29 -30 -31
leaf_value=-0.00075595336814013195 0.0097119727427433505 -0.0004750424578248174 -0.020127226314667082 0.0084528059523808555 0.0087138274263628222 -0.067715887376473119 -0.012345227564268597 0.047514160390369375 -0.0057800152257426766 -0.030375738167664531 -0.12346146802436522 -0.24685970492306392 0.041367007165690806 -0.035308351643470945 0.076424799627274942 0.019594837172703317 -0.015792931668790727 -0.026839009257024107 -0.7536988950053608 -0.034230843176393404 -0.055671917772757908 0.022752362369734457 -0.32271497648198189 0.022575227001744674 0.034863053909671086 -0.084822353667154349 0.038867622582781092 -1.6608112301902584 -0.085628251418060686 -0.29976355348484079
leaf_weight=780874.48571492929 94541.368979704566 191274.83518370183 8646.8164157820866 9253.6502776369452 28588.559099752922 924.6929065361619 378.09288555383682 883.03032681159675 3895.1690130685456 1863.4981544259936 943.12478225119412 100.18305887281895 1735.7761761005968 10063.566653388552 1326.7137521803379 1187.3117264807224 2588.8420556942001 778.24979292601347 5.6364090964198104 2424.6480384320021 969.53679539635777 4587.5701769907027 47.481206998229027 12128.554635423236 856.33152160327882 156.35165907628834 341.0447722710669 2.6571465004235497 797.05259704217315 243.90712144225836
leaf_count=15585206 716443 1567748 59696 30394 241423 4004 1183 4823 36309 12285 4914 637 5551 54236 2821 11102 15379 2639 91 10101 4641 28574 364 86541 4641 1638 2639 91 4732 2093
internal_value=2.56074e-05 0.0017949 0.00596914 -0.000994609 0.00292877 -0.00925154 -0.00125043 -0.0198759 -0.028281 -0.0558016 -0.0916633 -0.000719897 -0.0132029 -0.0225469 0.0382249 -0.00113863 0.00714941 -0.000454865 -0.0718719 -0.00464541 0.00237141 0.0113366 -0.0438525 0.0137208 -0.00165383 -0.0483576 -0.0946028 0.0257275 -0.129145 -0.215802
internal_weight=1.16241e+06 344593 145355 50813.5 42166.7 13578.2 199238 7962.92 7079.88 3184.72 1321.22 817816 17002.4 14388.2 2614.21 1287.49 4324.62 800814 930.329 12647.8 10223.2 19939.2 825.731 19113.5 6984.91 2397.34 1541.01 343.702 1197.31 400.259
internal_count=18502939 2694055 1066793 350350 290654 49231 1627262 59514 54691 18382 6097 15808884 89726 75166 14560 11739 20930 15719158 4095 45136 35035 133952 3003 130949 44408 15834 11193 2730 8463 3731
is_linear=0
shrinkage=0.05


Tree=179
num_leaves=31
num_cat=0
split_feature=6 4 5 4 12 4 1 4 5 0 6 5 12 5 4 6 5 12 6 5 6 4 5 1 5 0 0 10 0 4
split_gain=614.926 1803.31 1515.15 2374.71 3251.34 2142.6 1896.05 1777.78 2340.38 2657.67 1747.71 1557.91 3249.32 2943.4 2102.86 1547.89 1542.61 1567.3 2384.95 1473.39 1469.74 1462.93 1471.45 1457.2 2521.08 1415.99 1401.82 1378.8 1377.35 1683.71
threshold=0.78759398496240618 0.99222761596548015 0.8287593984962407 0.96843892137751797 1.5000000000000002 0.94744415456745323 0.23368794326241135 0.97210656064751488 0.88017094017094022 0.38747850017199864 0.78019323671497598 0.95500556736511799 1.0000000180025095e-35 0.93357843137254914 0.97210656064751488 0.61721611721611735 0.94771018455228995 4.5000000000000009 0.43875000000000003 0.97969490826633698 0.69397993311036799 0.7813336760705184 0.88413424866514123 0.05064102564102569 0.96680440771349874 0.99772727272727291 0.78091908091908102 1.0000000180025095e-35 0.36883862071960577 0.79284797486062575
decision_type=2 2 2 2 2 2 2 2 2 2 2 2 2 2 2 2 2 2 2 2 2 2 2 2 2 2 2 2 2 2
left_child=1 2 5 16 11 15 -7 8 10 -10 -6 13 14 -5 -13 -1 17 28 -19 -3 -11 -20 -23 24 -18 -12 -16 -14 -4 -30
right_child=-2 19 3 4 7 6 -8 -9 9 20 25 12 27 -15 26 -17 23 18 21 -21 -22 22 -24 -25 -26 -27 -28 -29 29 -31
leaf_value=-0.00073204527939611992 0.0031354064145768298 0.03898097168184278 0.018685012248341328 0.0079129523515314264 0.027514505660038074 -0.029012139144424406 0.030833959227555316 0.030245075837077681 -0.5048275044231566 -0.013933370389491141 -0.81727637711427181 0.073123002749652596 0.037881325540206241 -0.040128936954182383 -0.049915188602416102 0.0059412397657352262 -0.19639722379454916 0.041748683685206775 -0.13415172734530176 -0.035151681847433495 -0.12275636282393826 -0.0011097819542824775 -0.026140041316423435 0.028132283265156391 0.015192059796726783 -0.1209227573299837 -0.0056988098786250494 -0.24279383484369035 -0.11220118627208052 -0.014533110238517423
leaf_weight=717887.13055157114 139866.7784265232 4657.0255557699129 3141.2190785594285 5845.6113790748641 2393.9938303697854 1541.180379960686 9369.4948115800507 13820.109486901201 32.428940653800964 1015.1467767786235 10.418434446677564 775.81090960651636 5775.9159294078127 7013.32977772085 2040.7586490064859 98863.050964454189 205.92665493488312 2871.6141765657812 218.68117323331535 782.93305546790361 446.8424340588972 42797.58065044228 6805.2159928940237 4646.8640665151179 444.99476031213999 24.39185369759798 14736.391406224109 44.089543923735619 443.92735977098346 73645.485261562746
leaf_count=15313844 1331785 42224 10829 23842 21749 7462 83629 127218 364 5551 182 1547 40586 36127 14105 669032 1183 8372 1274 3367 4277 254618 37856 21749 1456 182 46956 273 3549 387751
internal_value=2.59886e-05 -0.00039943 -0.000553027 -0.00458982 0.00427651 0.000369752 0.0223804 0.0218126 -0.00789221 -0.0571247 0.0224 -0.00431117 0.0033791 -0.0182893 -0.00735575 7.57186e-05 -0.00812892 -0.00920731 -0.00255887 0.0283116 -0.047194 -0.00511268 -0.00454379 0.0183178 -0.0517467 -0.329336 -0.0110773 0.0357551 -0.0137434 -0.0151183
internal_weight=1.16216e+06 1.0223e+06 1.01686e+06 189197 53975.2 827661 10910.7 17743.3 3923.22 1494.42 2428.8 36231.9 23373 12858.9 17553 816750 135222 129924 52693.1 5439.96 1461.99 49821.5 49602.8 5297.79 650.921 34.8103 16777.2 5820.01 77230.6 74089.4
internal_count=18502939 17171154 17125563 1051596 322959 16073967 91091 159523 32305 10192 22113 163436 103467 59969 62608 15982876 728637 704249 302120 45591 9828 293748 292474 24388 2639 364 61061 40859 402129 391300
is_linear=0
shrinkage=0.05


Tree=180
num_leaves=31
num_cat=0
split_feature=11 11 12 0 1 6 6 6 0 1 4 4 4 4 4 0 6 4 4 0 1 1 6 12 1 0 0 7 12 12
split_gain=616.931 1404.07 1217.32 1141.25 2184.47 1374.73 2092.57 2190.78 1182.35 1474.86 1096.33 1079.78 1056.18 2196.77 1031.92 1778.07 1011.43 1010.95 1548.62 1272.24 952.081 2049.16 1302.42 1054.71 1015.7 1156.58 1136.99 972.475 956.087 1115.28
threshold=8.5000000000000018 11.500000000000002 74.500000000000014 0.42961256187062641 0.15849282296650721 0.3585714285714286 0.42582417582417587 0.58578431372549034 0.38373219373219375 0.11583184257602865 0.84651154486867386 0.82946387987128267 0.59101278416778036 0.59000360750360759 0.99912280701754397 0.37895144308187795 0.18634259259259262 0.91605170333264907 0.99222761596548015 0.48413160913160919 0.20864427860696524 0.21498599439775914 0.98148148148148151 64.500000000000014 0.68042553191489363 0.76723623598623614 0.92632862644415936 1.0000000180025095e-35 11.500000000000002 66.500000000000014
decision_type=2 2 2 2 2 2 2 2 2 2 2 2 2 2 2 2 2 2 2 2 2 2 2 2 2 2 2 2 2 2
left_child=-1 2 3 8 5 12 10 -8 14 -10 11 -7 13 -5 -2 -16 -4 19 -19 -9 22 23 -6 -22 26 -26 28 -24 -23 -30
right_child=1 -3 16 4 20 6 7 17 9 -11 -12 -13 -14 -15 15 -17 -18 18 -20 -21 21 24 27 -25 25 -27 -28 -29 29 -31
leaf_value=0.00063500663222890706 -0.0078826733004216856 0.00063988688233694406 0.065255988851694882 -0.050677198667898819 -0.041263011919861037 0.11633671954108793 -0.061139424738937354 0.0076667186588249619 -0.060991198354737187 -0.003550962931867534 -0.064066305095618503 0.30116864575838842 -0.055643078207390374 0.39847644230675161 -0.042540206498795689 -0.30306528246122855 -0.076253137605736279 -0.053973516392767353 0.042994880551477981 0.098248301618486078 0.04746851445426644 -0.010528986410731932 0.032484862494220702 0.2661212038748762 0.02966289649556822 -0.027828049115908998 0.023932456094488769 -0.10940099323884933 0.0077092656672071713 -0.089198468209172641
leaf_weight=907815.22096276644 11783.96622839749 162069.0544602983 923.6525231035921 79.120710239636537 4122.6846210294752 322.2294762916863 642.77022371906787 591.92706483229995 3095.9697465944919 1748.7646795890469 61.546310029923916 104.68897214531898 743.40100346582039 41.502531885111239 517.8122859057039 74.974939256906509 146.26830702088773 582.27272822335362 1405.8617209121585 1123.1901726927608 1192.8116324203293 35010.529024534968 1111.0438351831399 57.825929546175757 973.5015025890898 8629.5813756715506 3338.4567268859828 135.49205115437508 12547.851366603914 304.09273660484178
leaf_count=13816621 150969 3055052 20475 46865 334334 4732 11739 2639 70343 63063 637 273 163891 819 2457 546 1274 3822 2457 3640 35308 390390 2184 637 2730 38311 10647 546 258713 6825
internal_value=2.60423e-05 -0.00215488 -0.00710978 -0.00773768 -0.00501045 0.0247161 0.0350982 0.02407 -0.0193175 -0.0402575 0.13322 0.161661 -0.0333752 0.103862 -0.0111208 -0.0754911 0.0459104 0.0388597 0.0145954 0.0669865 -0.00752287 -0.00577516 -0.0277219 0.0575784 -0.00707824 -0.022 -0.00427957 0.0170626 -0.00624738 0.00541631
internal_weight=1.1613e+06 253483 91413.8 90343.9 73122.4 5698.51 4834.49 4346.02 17221.5 4844.73 488.465 426.918 864.024 120.623 12376.8 592.787 1069.92 3703.25 1988.13 1715.12 67423.9 62054.7 5369.22 1250.64 60804 9603.08 51200.9 1246.54 47862.5 12851.9
internal_count=18502939 4686318 1631266 1609517 1322139 241514 29939 24297 287378 133406 5642 5005 211575 47684 153972 3003 21749 12558 6279 6279 1080625 743561 337064 35945 707616 41041 666575 2730 655928 265538
is_linear=0
shrinkage=0.05


Tree=181
num_leaves=31
num_cat=0
split_feature=11 6 6 1 11 0 5 10 12 11 1 0 6 6 4 12 5 4 1 1 2 6 7 0 1 12 6 5 0 10
split_gain=607.585 850.008 762.19 744.85 1628.15 1859.78 1481.9 1551.47 1382.26 1243 1440.2 1395.92 1124.61 2364.24 1105.41 1575.95 1969.27 1414.25 1064.7 1160.2 969.905 1743.69 1379.61 1127.96 1982.24 1293.63 2020.44 1364.58 1062.49 1063.73
threshold=30.500000000000004 0.73798627002288331 0.1012820512820513 1.0000000180025095e-35 25.500000000000004 0.38224867724867734 0.32960789210789221 1.0000000180025095e-35 44.500000000000007 21.500000000000004 0.042109929078014148 0.37895144308187795 0.21583850931677021 0.19677419354838713 0.89409924340816793 33.500000000000007 0.45176799007444174 0.66687815902433079 0.032795698924731172 0.025320512820512845 0.43650793650793657 0.94590643274853814 1.0000000180025095e-35 0.30349511599511608 0.10471491228070175 7.5000000000000009 0.61721611721611735 0.68304757304998798 0.36528231663035587 1.0000000180025095e-35
decision_type=2 2 2 2 2 2 2 2 2 2 2 2 2 2 2 2 2 2 2 2 2 2 2 2 2 2 2 2 2 2
left_child=3 2 -2 4 5 6 -1 8 -8 18 -11 -12 13 -7 15 -13 -17 -18 19 -5 23 22 -22 24 25 26 27 -20 -25 -30
right_child=1 -3 -4 9 -6 12 7 -9 -10 10 11 14 -14 -15 -16 16 17 -19 20 -21 21 -23 -24 28 -26 -27 -28 -29 29 -31
leaf_value=-0.079896390263876682 0.062179460076954955 0.0065513885200905566 -0.062896079241453448 -0.071616481385469166 0.042540013933266035 -0.015018826343803299 -0.046272053453014939 0.0081792463623378952 0.12002872730971306 -0.026704645000759111 0.062470945457366672 -0.054886672284933408 0.015035335332545256 0.14326696957968618 0.013500612643910101 -0.074070998237069807 0.39864511454992968 0.083870950186879345 -0.0068975842619060845 0.0096428679814084366 0.00064067146622706346 0.044208763139738538 0.03151642621194975 -0.018178637629483296 0.0718138154815504 -0.069204810487957888 -0.037654067120026877 0.15961863099155513 -0.0034823684660166276 0.0026873212606225846
leaf_weight=719.73276117462956 134.88089097547345 1208.7014758363366 1256.2579815539066 444.83703907580639 3169.5934770210297 422.44592613801069 2459.8744628239074 6259.1433792460011 131.63809303380549 9241.7576937346821 885.33440004402655 1730.45685793343 6049.943348757457 534.26821757713333 3226.8899535685778 203.68185268837988 41.44704008102417 256.61503878375515 200.06024486443494 35071.516369851524 690305.45958634175 2321.4224196461728 3636.989553701831 10390.174144133867 1405.3282441123738 577.58669394231401 630.49982647970319 319.55844514071941 285247.26282596926 92523.400595474872
leaf_count=59514 39039 5642 42952 4095 18655 81809 27664 25298 1001 138957 14196 215670 32214 3913 21021 33033 91 910 11102 218855 6662656 480662 137774 195741 24843 39858 2457 637 9276995 685685
internal_value=2.42159e-05 -0.02412 -0.0507691 7.84034e-05 0.00970615 0.00342819 -0.0109015 -0.00529091 -0.0378247 -8.85609e-05 -0.0141116 0.00423237 0.0230012 0.0733744 -0.00521254 -0.0322644 0.045757 0.127642 0.000106053 0.00862511 -0.000172154 0.000947214 0.000802493 -0.00216394 0.0277165 -0.0081525 0.0225078 0.0955076 -0.00240512 -0.00197129
internal_weight=1.16101e+06 2599.84 1391.14 1.15841e+06 19746.6 16577 9570.39 8850.66 2591.51 1.13866e+06 15586.2 6344.43 7006.66 956.714 5459.09 2232.2 501.744 298.062 1.12307e+06 35516.4 1.08756e+06 696264 693942 391294 3133.03 1727.71 1150.12 519.619 388161 377771
internal_count=18502939 87633 81991 18415306 250068 231413 113477 53963 28665 18165238 423878 284921 117936 85722 270725 249704 34034 1001 17741360 222950 17518410 7281092 6800430 10237318 78897 54054 14196 11739 10158421 9962680
is_linear=0
shrinkage=0.05


Tree=182
num_leaves=31
num_cat=0
split_feature=8 11 9 2 2 2 0 11 6 1 11 11 6 12 5 5 1 12 0 0 6 6 0 1 12 4 4 5 12 5
split_gain=605.931 573.826 1263.63 3403.45 3391.03 1982.52 1484.08 1309.97 1396.81 1256.09 1008.8 1423.53 936.57 1107.59 1352.09 1055.7 2273.1 5845.69 941.2 911.678 992.269 1227.46 957.597 929.19 953.997 898.436 1341.64 1087.82 1187.23 1077.77
threshold=1.0000000180025095e-35 8.5000000000000018 1.0000000180025095e-35 0.26136363636363641 0.63068181818181823 0.78888888888888908 0.93135579017931969 10.500000000000002 0.69397993311036799 0.73746867167919816 15.500000000000002 13.500000000000002 0.84412955465587058 24.500000000000004 0.88017094017094022 0.88413424866514123 0.19098277608915912 7.5000000000000009 0.8282560386473431 0.68817201317201315 0.43875000000000003 0.20942982456140355 0.89045548654244322 0.64611005692599621 14.500000000000002 0.87661889473430366 0.88578179283369018 0.80569039913700113 4.5000000000000009 0.28215467328370558
decision_type=2 2 2 2 2 2 2 2 2 2 2 2 2 2 2 2 2 2 2 2 2 2 2 2 2 2 2 2 2 2
left_child=-1 -2 9 -4 10 7 -7 8 25 12 11 -5 -3 14 -14 16 17 -16 -17 -9 21 -21 23 24 -22 29 -27 -28 -29 -6
right_child=1 2 3 4 5 6 -8 19 -10 -11 -12 -13 13 -15 15 18 -18 -19 -20 20 22 -23 -24 -25 -26 26 27 28 -30 -31
leaf_value=-0.052716489147623474 0.00063479531534160207 -0.0017689516901067881 -0.04212915670038276 0.013897418906777526 0.037359231894305865 0.058941431327361418 -0.097182284172125835 -0.054857126001610503 -0.084968155692101269 -0.038521803947687783 0.044704197556382622 -0.052041450034367089 0.032224910999944005 -0.20447267689711743 -0.81874952284581737 0.0063036359539885862 0.040183110840580738 -0.082320413986366692 -0.047859675868477447 0.074041448301890814 0.0038774444223119691 -0.10750620758306191 -0.044866547160370446 0.10688611602765599 0.12705762469500537 0.073449564450955948 -0.090016593893375296 -0.053946499764485657 0.059513929205060545 -0.056887865318172498
leaf_weight=544.36851079855114 906759.55464243493 185060.72698082734 7020.3941783033079 9704.6314377074013 340.23444716189988 1069.5760134571465 177.472894424689 731.4568207571283 1540.5910514220595 2177.5708012571558 2325.0929022120545 893.90182194812223 4792.551768520847 61.686040312051773 31.295989781618118 28355.688902282622 224.4462335370481 193.92462977766991 825.41626035119407 127.92514373920858 1258.6249479050748 342.03652125597 435.13465882651508 383.13618035567924 179.61389648914337 440.60458415746689 455.38761150836945 448.19087550416589 474.81802555918694 2797.3359902692027
leaf_count=651105 13393835 3744013 422604 44226 2275 4186 1456 2730 7553 11102 24570 12831 15925 364 546 111748 1092 819 19110 1092 4823 1547 2275 1365 182 910 2093 2730 910 12922
internal_value=2.26802e-05 4.74377e-05 -0.00205876 -0.0114893 -0.00257333 -0.0227077 0.0367228 -0.0301524 -0.0433843 -0.000734022 0.014879 0.008336 -0.000359223 0.00720596 0.00758529 0.00360001 -0.0724283 -0.184652 0.00477157 -0.00529056 0.00800714 -0.0580883 0.0217728 0.0376932 0.0192608 -0.0304593 -0.00250152 -0.0267793 0.00442028 -0.0466678
internal_weight=1.16017e+06 1.15963e+06 252869 31146.2 24125.8 11202.1 1247.05 9955.09 6497.16 221723 12923.6 10598.5 219546 34485 34423.3 29630.8 449.667 225.221 29181.1 3457.93 2726.47 469.962 2256.51 1821.38 1438.24 4956.57 1819 1378.4 923.009 3137.57
internal_count=18502939 17851834 4457999 553280 130676 49049 5642 43407 29393 3904719 81627 57057 3893617 149604 149240 133315 2457 1365 130858 14014 11284 2639 8645 6370 5005 21840 6643 5733 3640 15197
is_linear=0
shrinkage=0.05


Tree=183
num_leaves=31
num_cat=0
split_feature=6 4 5 5 12 4 5 12 5 4 5 4 6 11 4 0 0 12 12 5 5 5 5 12 12 9 4 5 6 5
split_gain=599.142 8764.74 2340.17 2295.39 1826.65 1698.98 1657.98 1701.49 1077.56 1160.28 1048.23 1002.67 1357.11 975.197 1232.83 969.131 3416.3 979.402 1009.29 910.529 1419.91 852.903 2061.05 2591.26 1118.06 835.597 824.118 1123.23 976.967 1798.63
threshold=0.048809523809523817 0.45981446090141748 0.19069264069264072 0.37544326241134757 10.500000000000002 0.56055365482784847 0.17083593912862208 42.500000000000007 0.13900966183574878 0.52317938950180587 0.091372912801484255 0.56187807881773411 0.05634920634920635 6.5000000000000009 0.49052618559861755 0.4778219987897408 0.50005260942760954 12.500000000000002 11.500000000000002 0.20977698128235769 0.21073190789473686 0.12132034632034634 0.11437177280550777 4.5000000000000009 3.5000000000000004 1.0000000180025095e-35 0.49946074748706332 0.21756661991584855 0.10762548262548265 0.29280610987928068
decision_type=2 2 2 2 2 2 2 2 2 2 2 2 2 2 2 2 2 2 2 2 2 2 2 2 2 2 2 2 2 2
left_child=1 15 4 10 -2 6 7 8 9 -6 25 12 -7 -8 -15 -1 -17 18 19 21 -21 22 -18 24 -24 -3 27 -4 29 -29
right_child=2 3 26 -5 5 11 13 -9 -10 -11 -12 -13 -14 14 -16 16 17 -19 -20 20 -22 -23 23 -25 -26 -27 -28 28 -30 -31
leaf_value=-0.067264863836887331 -0.020466027205005476 -0.0507259666640568 -0.027475307116012676 0.061897545357234657 0.089911590410280254 0.41715110379956433 0.020534936228133349 -0.031329199434055835 -0.00083167217099474374 0.36822145346525437 -0.042979140417590121 0.047458175635233031 0.099556225272874013 -0.089633496394430093 0.1079544698428814 0.12297414537506851 0.017180596229345754 0.00064644680966285983 0.15600464478365977 0.37721582787180719 0.052561817831357396 -0.052478619427359909 -0.05240507231568603 -0.052252377001795795 0.86237183817160767 0.10090169040476567 0.00012930021518646459 0.087534303066265362 0.022864558125140634 0.4470189279534143
leaf_weight=512.58059634559322 2095.9687315745687 150.120884489319 506.30699915251171 561.66272897826275 238.43753224710235 40.011274913762463 1727.3737417090306 2440.6779025192809 314.90884433912288 44.427083912407397 15442.990930179694 4432.4107795131567 211.10645061984542 88.46338843824924 733.65129173800233 577.39216885493079 518.92731878117775 128808.66288199859 174.86044185521314 43.498689031228423 149.19160137278959 370.26676901057363 3.9846762195229557 19.942050594254397 20.652577415225096 230.17853671120247 997886.05609170382 465.54452872123511 692.89168670252548 37.606015489553101
leaf_count=30121 249340 39403 15834 8008 2457 637 31304 59969 14742 1365 5527704 77259 2275 4732 21749 7917 8099 457002 2548 273 1820 18291 91 910 273 7189 11890333 13104 7735 455
internal_value=2.20053e-05 -0.00295412 0.000456048 -0.0374338 0.0220725 0.0307528 0.0121358 -0.0128121 0.062792 0.133623 -0.0409596 0.0529647 0.150159 0.0418685 0.0866931 0.00135188 0.00162101 0.00108248 0.0442418 0.026893 0.125851 0.0064724 0.0452077 0.371459 0.714422 0.0410476 0.000188598 0.0349478 0.0613727 0.114403
internal_weight=1.15954e+06 147585 1.01196e+06 16385 12367.4 10271.5 5587.94 3038.45 597.773 282.865 15823.3 4683.53 251.118 2549.49 822.115 131200 130687 130110 1301.32 1126.46 192.69 933.773 563.507 44.5793 24.6373 380.299 999588 1702.35 1196.04 503.151
internal_count=18502939 6109649 12393290 5582304 465829 216489 136318 78533 18564 3822 5574296 80171 2912 57785 26481 527345 497224 489307 32305 29757 2093 27664 9373 1274 364 46592 11927461 37128 21294 13559
is_linear=0
shrinkage=0.05


Tree=184
num_leaves=31
num_cat=0
split_feature=11 11 1 11 0 11 5 4 6 5 5 12 1 12 0 5 6 4 6 0 0 11 4 5 6 4 5 11 6 0
split_gain=573.228 678.51 599.707 1164.73 1670.01 1106.22 1237.38 1093.41 1355.74 1661.37 1085.54 1757.48 992.355 1184.69 950.534 941.94 2416.95 1253.26 937.613 901.774 1217.61 882.539 892.886 1078.65 1731.91 1047.91 1242.63 923.264 1850.53 974.783
threshold=31.500000000000004 47.500000000000007 1.0000000180025095e-35 25.500000000000004 0.37121212121212127 21.500000000000004 0.79324593901396423 0.6249405738713133 0.72902097902097907 0.82063376874697636 0.83398950131233607 5.5000000000000009 0.029857397504456321 60.500000000000007 0.35808694229746868 0.44749373433583961 0.21583850931677021 0.55265880293930791 0.47722567287784684 0.36790753338372389 0.36445214690650801 11.500000000000002 0.83261318913644511 0.27669072948328272 0.35388994307400384 0.82661732769978669 0.59537185660781178 20.500000000000004 0.71714285714285719 0.36069685826749848
decision_type=2 2 2 2 2 2 2 2 2 2 2 2 2 2 2 2 2 2 2 2 2 2 2 2 2 2 2 2 2 2
left_child=2 -2 3 4 7 12 -7 -1 14 -10 -8 18 13 19 -9 17 -17 -6 -12 20 21 -4 23 -23 -25 -26 -27 -24 29 -29
right_child=1 -3 5 -5 15 6 10 8 9 -11 11 -13 -14 -15 -16 16 -18 -19 -20 -21 -22 22 27 24 25 26 -28 28 -30 -31
leaf_value=-0.081520211469778447 -0.036158456978650673 0.089462598212573435 -0.22786532743167398 0.035746056485802306 0.069893883432247506 -0.026158169928102871 0.03985755090310529 0.0091170216597416132 -0.14131839953738642 -0.021979761650872134 0.11375836021655426 -0.068632429084654098 -7.5289049795505424e-05 -0.065134707434808189 -0.10194651808479592 0.14037951332552301 0.01917156705024739 -0.057530513868060233 -9.1759324450658597e-06 0.060589863441547577 -0.017167690315574864 0.062622674121096261 0.041297821231068704 -0.043285270513515828 0.024890279024722441 -0.60939212149279465 -0.056733303294344541 -0.25235568924348273 -0.17554497683562348 0.048369849331724113
leaf_weight=524.54968485738209 1687.5331866827619 114.80349395351368 35.914243377745152 3311.5413886699243 260.03852361670579 8526.7965047110338 1492.9102656450123 5820.8352465799107 341.66352613270283 1991.8558199033141 188.22670022957027 990.63711161352694 1106124.9702224014 472.35916862048907 199.24216496291046 440.480447548558 6205.7283974327147 748.08659022989741 4785.5783760151826 1023.0883969736751 2847.5136310446542 714.91244313394418 4978.6852173767984 1701.5999404328177 2753.5390983447433 13.706135109066961 39.435633480548859 28.911799594759941 151.54890751838684 396.477752789855
leaf_count=34125 67977 2366 273 20748 13377 402675 5278 60515 1820 7007 637 4823 17654819 4823 3458 2184 25116 83811 25662 3549 19201 11739 17927 20293 6552 182 182 182 819 819
internal_value=1.91239e-05 -0.0281568 6.30112e-05 0.00868026 0.00325884 -8.735e-05 -0.0131482 -0.0114966 -0.0070996 -0.0394528 0.00172747 -0.00781655 9.88357e-05 0.0128055 0.00544123 0.0203735 0.0272047 -0.0246623 0.0042962 0.0153125 0.0119219 0.0195812 0.0204057 0.00556406 -0.00348416 0.020646 -0.199273 0.0343592 -0.0255177 0.0279309
internal_weight=1.15891e+06 1802.34 1.15711e+06 19844 16532.5 1.13727e+06 15984.1 8878.15 8353.6 2333.52 7457.35 5964.44 1.12128e+06 15157.7 6020.08 7654.33 6646.21 1008.13 4973.81 14685.3 13662.2 10814.7 10778.8 5223.19 4508.28 2806.68 53.1418 5555.62 576.938 425.39
internal_count=18502939 70343 18432596 252161 231413 18180435 439075 106925 72800 8827 36400 31122 17741360 86541 63973 124488 27300 97188 26299 81718 78169 58968 58695 38948 27209 6916 364 19747 1820 1001
is_linear=0
shrinkage=0.05


Tree=185
num_leaves=31
num_cat=0
split_feature=8 11 1 0 0 1 4 6 0 1 0 4 5 4 11 1 1 6 6 5 11 12 5 6 4 5 5 6 0 6
split_gain=570.712 549.003 1250.4 1267.13 1111.85 2102.3 1512.36 1214.98 1416.07 1306.26 1189.1 1309.35 2054.87 1119.47 1030.23 959.515 926.282 1312.59 2170.83 1175.15 1720.25 1333.97 1320.4 2465.6 1206.2 1027.34 924.014 1553.42 903.574 1523.93
threshold=1.0000000180025095e-35 18.500000000000004 0.033908045977011476 0.34780767907702898 0.36883862071960577 0.036375661375661401 0.88286091815161594 0.3585714285714286 0.37744769991146815 0.032795698924731172 0.39887757026976051 0.67257474818048257 0.40078740157480319 0.69046814399668377 32.500000000000007 0.17274535809018574 0.035098522167487663 0.72902097902097907 0.72474747474747481 0.62031176746366634 8.5000000000000018 19.500000000000004 0.74431524547803629 0.6132478632478634 0.66083061222908801 0.8287593984962407 0.55603864734299535 0.37715517241379315 0.38224867724867734 0.73798627002288331
decision_type=2 2 2 2 2 2 2 2 2 2 2 2 2 2 2 2 2 2 2 2 2 2 2 2 2 2 2 2 2 2
left_child=-1 2 3 -2 14 7 10 -6 9 13 11 12 -7 -9 15 -3 17 18 19 20 21 -4 23 -21 -23 -24 -15 -28 -13 -30
right_child=1 4 16 -5 5 6 -8 8 -10 -11 -12 28 -14 26 -16 -17 -18 -19 -20 22 -22 24 25 -25 -26 -27 27 -29 29 -31
leaf_value=-0.052616002663492936 -0.015591073945534162 0.0038222940828499564 -0.054384330477315425 0.012064247992034526 -0.059097981084008148 -0.070910265196296826 0.011302840362311155 0.052560782857667826 -0.059601580181392777 -0.13226990134296499 -0.035504926359265471 0.024919549468116489 0.12347095855416131 -0.092101007371690399 -0.066685028717880374 0.17135003182048386 4.7160069993432114e-05 0.016131916507638327 -1.3105102696822593 -0.084429844505743173 -0.02580005189238245 -0.055358046075560878 0.0034761696826995283 -0.37712503513994089 0.56915461370355491 -0.17988128663298386 0.24464143488548201 -0.0089459328159004359 -0.10486610439819805 0.063495893429481351
leaf_weight=514.78542545693927 4681.4399632351124 21938.388067704887 25.011565068853088 35941.59304629307 2759.1806766513037 189.74976164381951 9457.0830097238068 811.34339535236359 1654.8924474818632 197.11384120583534 4212.3401841794839 639.73444698075764 479.63045183615759 329.45294865965843 520.65683664029348 85.805199595866725 1064269.1826222097 1721.2543173059821 3.3394653312861911 309.19566743820906 2947.7828684847336 10.383190407999789 406.79861703515053 93.770612478256226 30.277431547641754 94.05701782554388 61.440974831581116 3534.5790709108114 484.38881620112807 186.02235758304596
leaf_count=651105 69797 183001 637 294567 114114 18655 56784 1547 8645 1001 497588 4914 1092 2184 13286 1092 16523143 6825 91 1456 26936 455 1274 819 91 546 91 13013 7917 273
internal_value=1.83191e-05 4.1716e-05 0.000266964 0.00887722 -0.00521987 -0.0124815 -0.00127447 -0.0312426 -0.0195776 -0.00615319 -0.0204843 0.0114789 0.0683696 -0.000905081 0.00283159 0.00447497 -5.99557e-05 -0.020266 -0.0362457 -0.0351594 -0.0201614 0.232937 -0.0851645 -0.15254 0.409678 -0.030957 -0.0119558 -0.00461318 -0.0175877 -0.0581499
internal_weight=1.15859e+06 1.15808e+06 1.11053e+06 40623 47541.8 24997 15648.9 9348 6588.82 4933.93 6191.87 1979.53 669.38 4736.82 22544.9 22024.2 1.06991e+06 5641.87 3920.62 3917.28 3013.46 65.6722 903.822 402.966 40.6606 500.856 3925.47 3596.02 1310.15 670.411
internal_count=18502939 17851834 16926637 364364 925197 727818 587223 140595 26481 17836 530439 32851 19747 16835 197379 184093 16562273 39130 32305 32214 28119 1183 4095 2275 546 1820 15288 13104 13104 8190
is_linear=0
shrinkage=0.05


Tree=186
num_leaves=31
num_cat=0
split_feature=8 2 6 7 1 5 11 6 2 5 4 1 5 11 12 1 11 2 5 6 0 2 1 0 9 6 1 12 6 0
split_gain=541.58 547.152 1675.56 1286.38 928.751 1300.41 944.317 2219.74 1886.3 1138.89 1118.97 1008.05 993.958 1339.25 1083.79 982.006 1437.39 2467.73 2138.48 2493.63 1809.53 2384.98 2225.17 2132.27 3859.16 4199.27 4911.18 3020.65 2217.77 1710.07
threshold=1.0000000180025095e-35 0.43650793650793657 0.94590643274853814 1.0000000180025095e-35 0.29217479674796754 0.27308238636363641 13.500000000000002 0.72474747474747481 0.5634920634920636 0.88017094017094022 0.8913727434087354 0.36939571150097472 0.88413424866514123 18.500000000000004 8.5000000000000018 0.53950103950103967 6.5000000000000009 0.88194444444444453 0.43427698032961198 0.30901856763925734 0.99772727272727291 0.63068181818181823 0.81016731016731025 0.85748893760402711 1.0000000180025095e-35 0.55277777777777792 0.80196078431372564 30.500000000000004 0.52786377708978338 0.93648926237161534
decision_type=2 2 2 2 2 2 2 2 2 2 2 2 2 2 2 2 2 2 2 2 2 2 2 2 2 2 2 2 2 2
left_child=-1 -2 3 4 5 -3 15 8 11 -10 -9 -8 13 -12 -14 -6 20 18 -18 -20 21 22 23 -17 27 26 28 -25 -26 -21
right_child=1 2 -4 -5 6 -7 7 10 9 -11 12 -13 14 -15 -16 16 17 -19 19 29 -22 -23 -24 24 25 -27 -28 -29 -30 -31
leaf_value=-0.052496073913405585 -0.0012926169644204913 -0.079729693150957237 0.044015702648049465 0.030879504360400069 0.0092412700562283286 0.023733237246045952 0.038520109072653158 -0.14214090837262439 0.038260132045423501 -0.11548342174452438 0.032276971217743908 -0.043231645861584456 -0.083951980721171729 -0.38052739882855491 -0.50020425541360503 0.0055211640272542226 0.01891445467660809 0.039141957385738196 -0.062805055967034604 -0.0067666086366038897 0.00010111096310081657 0.01903441830567007 0.014761805022834246 -0.0061852222804318546 -0.21074242627648532 -0.049596658729105514 -1.8048595001087766 -0.14650803373873103 -1.6588581334324954 -0.035975282798268747
leaf_weight=490.76952325552702 462691.23093718453 318.48160866461694 2248.8218462620862 3533.1311869805213 31560.440972912591 6545.4993870914914 444.10002865968272 448.61912548542023 2155.7841991721652 127.58464647829533 384.06924052536488 2498.4332726614084 348.70313938707113 20.707054741680622 16.371882244944572 6151.8474138153251 6204.5683609193657 2789.8331420025788 2317.5662763118744 47819.767022661865 525593.06655787933 30225.530878792051 10741.803390592802 5192.3178227471653 432.97003483609296 918.62526204250753 4.9410052769817403 414.10270097386092 2.6601776815950862 5597.6335197165608
leaf_count=651105 10642268 11284 483210 137774 146783 19838 2002 2093 10283 637 1274 12831 1547 182 182 35854 63427 11011 8463 158340 5764031 186641 78078 35945 5005 7189 273 3640 91 21658
internal_value=1.73595e-05 3.962e-05 0.000926473 0.000786608 0.000632356 0.0189327 0.000448284 -0.018601 -0.00443137 0.0296696 -0.0793731 -0.0308933 -0.0427961 0.0111592 -0.102619 0.000629891 0.000208141 -0.00685861 -0.00893053 -0.0120303 0.000997245 0.00970582 -0.00211188 -0.0159296 -0.0348744 -0.11046 -0.237364 -0.0165498 -0.219585 -0.0098274
internal_weight=1.15824e+06 1.15775e+06 695058 692809 689276 6863.98 682412 6444.37 5225.9 2283.37 1218.47 2942.53 769.851 404.776 365.075 675968 644407 64729.4 61939.5 55735 579678 54084.8 23859.3 13117.5 6965.62 1359.2 440.571 5606.42 435.63 53417.4
internal_count=18502939 17851834 7209566 6726356 6588582 31122 6557460 31031 25753 10920 5278 14833 3185 1456 1729 6526429 6379646 262899 251888 188461 6116747 352716 166075 87997 52143 12558 5369 39585 5096 179998
is_linear=0
shrinkage=0.05


Tree=187
num_leaves=31
num_cat=0
split_feature=6 4 5 5 12 4 5 12 0 5 0 0 5 11 1 1 4 6 9 12 4 6 6 6 0 4 5 12 4 12
split_gain=546.13 8238.59 2134.03 2096.85 1641.53 1541.84 1469.27 1513.2 1007.53 986.179 903.869 2922.09 856.799 843.187 1084.1 796.681 774.663 763.672 851.479 762.218 758.06 2187.69 2419.46 3529.37 3176.04 3557.28 3229.66 2917.58 2710.36 4048.76
threshold=0.048809523809523817 0.45981446090141748 0.37544326241134757 0.19069264069264072 10.500000000000002 0.56055365482784847 0.17083593912862208 42.500000000000007 0.94672705314009675 0.091372912801484255 0.4778219987897408 0.50005260942760954 0.18009009009009017 6.5000000000000009 0.1980392156862745 0.20638945233265724 0.56187807881773411 0.050641025641025648 1.0000000180025095e-35 49.500000000000007 0.62222401070961475 0.19677419354838713 0.12660256410256412 0.087595907928388769 0.79492963177173703 0.64669210247328135 0.38829240434037698 19.500000000000004 0.65350836971321902 2.5000000000000004
decision_type=2 2 2 2 2 2 2 2 2 2 2 2 2 2 2 2 2 2 2 2 2 2 2 2 2 2 2 2 2 2
left_child=1 10 9 4 -2 6 7 8 -6 -3 -1 -12 -13 19 -15 -16 -7 18 -9 -8 -5 22 23 -22 -25 26 -26 -28 29 -27
right_child=3 2 -4 20 5 16 13 17 -10 -11 11 12 -14 14 15 -17 -18 -19 -20 -21 21 -23 -24 24 25 28 27 -29 -30 -31
leaf_value=-0.066331425724526855 -0.019679468027626205 0.038178240262866259 0.058199506142094695 0.0053541244201829544 -0.062999262139998041 0.13264411708242937 -0.044369191126338151 -0.052443927942383395 0.092268864570978243 -0.042632021147182661 0.11115515145164673 0.00078707764046663195 0.07260682740491857 0.021280277984678412 0.32431132059942325 0.11089833316295616 0.045228800252914272 -0.036546516409451585 0.20687150368740637 0.036561233080783323 -0.036086621026263858 0.00036269996303811357 -0.019110159634818977 -0.034908906251236105 -0.039698923391046539 0.38960250095470461 0.0033623057376245564 0.26879776732105964 0.03782960247275232 0.088457156796161923
leaf_weight=492.57159760223294 2074.0765193415064 387.43181052340515 567.34604705148377 66079.076532465406 133.85718699064455 268.86911318036437 370.02151670456806 58.00172037705488 476.06207185704261 14786.902668784031 605.02854642787133 129622.61075205442 416.60536907322239 403.0921647795185 49.321296486101346 385.77394367143279 4416.9174334517375 2294.3671204138227 69.693052354967222 1361.1855458152131 3896.4033586753576 886489.54397233319 30181.836822213867 2225.6691912261667 2325.3727375105955 128.08791923173703 259.63896140526049 172.17577791586518 5735.8460179512622 867.68117162818089
leaf_count=30121 249340 46592 8008 2168621 15015 2912 15106 4641 3549 5527704 7917 477022 12285 18655 728 7098 77259 54782 546 16198 958412 6525428 808080 1314677 53690 2548 2912 455 80626 12012
internal_value=1.84239e-05 -0.00283046 -0.0370091 0.000432425 0.0208992 0.0290806 0.011376 -0.0121975 0.0581926 -0.0405688 0.00127234 0.00152723 0.00101717 0.0391937 0.080358 0.13509 0.0502447 -0.029923 0.0890848 0.0192635 0.000179015 -0.000187791 -0.0108446 0.00513589 0.0188471 0.031456 -0.0163795 0.109198 0.0510488 0.127194
internal_weight=1.1576e+06 146878 15741.7 1.01072e+06 12361.2 10287.2 5601.38 3031.98 609.919 15174.3 131137 130644 130039 2569.39 838.187 435.095 4685.79 2422.06 127.695 1731.21 998361 932282 45792.7 15610.9 11714.5 9488.8 2757.19 431.815 6731.62 995.769
internal_count=18502939 6109649 5582304 12393290 465829 216489 136318 78533 18564 5574296 527345 497224 489307 57785 26481 7826 80171 59969 5187 31304 11927461 9758840 3233412 2425332 1466920 152243 57057 3367 95186 14560
is_linear=0
shrinkage=0.05


Tree=188
num_leaves=31
num_cat=0
split_feature=6 4 5 5 4 12 4 7 1 12 5 4 6 6 5 6 4 4 12 12 11 0 5 4 6 4 4 6 4 5
split_gain=525.968 1664.76 1408.8 1386.11 2145.43 3008.3 1974.45 1792.63 1717.28 1454.37 1779.61 1557.53 1745.5 1543.28 2456.22 3485.1 1785.71 2104.98 1671.8 1494.45 1552.65 1861.19 1543.91 2020.19 6906.56 2092.42 1488.18 1915.1 1428.84 1558.56
threshold=0.78759398496240618 0.99222761596548015 0.97315315315315332 0.8287593984962407 0.96843892137751797 1.5000000000000002 0.94744415456745323 1.0000000180025095e-35 0.12933094384707292 2.5000000000000004 0.2211032388663968 0.92499961861174695 0.78019323671497598 0.70710784313725505 0.66807909604519788 0.41421568627450983 0.70845555119537962 0.82142483952828793 15.500000000000002 16.500000000000004 7.5000000000000009 0.36069685826749848 0.77158385093167714 0.85433160035260658 0.70185185185185195 0.78710929072559799 0.88578179283369018 0.54195804195804198 0.97210656064751488 0.88017094017094022
decision_type=2 2 2 2 2 2 2 2 2 2 2 2 2 2 2 2 2 2 2 2 2 2 2 2 2 2 2 2 2 2
left_child=1 3 -3 6 -5 -6 9 -8 -7 10 -1 -12 -13 14 15 18 -17 -18 -11 20 21 26 23 24 25 -23 27 -16 29 -10
right_child=-2 2 -4 4 5 8 7 -9 28 13 11 12 -14 -15 19 16 17 -19 -20 -21 -22 22 -24 -25 -26 -27 -28 -29 -30 -31
leaf_value=-0.035459590689662833 0.0029002350652439822 0.043548812581062919 -0.013825587125744641 -0.0077424610646244681 -0.0041650433650444489 -0.030259840808816482 0.028632584092973201 -0.039097927351607505 0.024233184089188797 -0.0066098021866653773 0.0050420638756783209 0.030497406976280096 -0.95099029430586668 0.010659685243157819 0.2073314054125911 0.025335795359119801 -0.0028253688763877419 0.014218911171180513 0.0006446319900034257 -0.025886923048566737 -0.014016614962339555 0.0052162494156821771 -0.0098919517951308392 0.0081334037327960053 -1.3278973338701261 -0.01691272509541418 -0.057865490849432183 0.02660771445255285 0.034082383947032516 -0.043044150302599837
leaf_weight=2562.1739106183959 139030.32551138836 3831.7364524137229 1484.4193271510303 135220.62385000382 35978.195686897729 1486.1200125105679 9583.2155842483044 1087.8190323407762 2243.8473776043393 108411.0777838541 92071.978356523687 6793.4172865487635 4.5329333804547778 28603.775596308522 280.7368325535208 15088.033603825606 33320.624641778413 39694.458840650506 296957.44121332362 9026.4733047564514 38024.619718943257 20013.061673589051 52234.371900063939 46603.874652959872 9.8923067897558195 22912.126010646112 162.81743581779301 306.77239648997784 12299.43700445164 1396.6800955915824
leaf_count=819637 1331785 36036 9555 728637 163436 6370 74711 16380 21385 6268353 1276275 33215 91 196287 1183 83447 206934 255892 5810805 57876 200291 106925 266084 285740 273 111384 1183 1001 122577 9191
internal_value=1.56159e-05 -0.000378461 0.0275283 -0.000525003 -0.00439131 0.00409387 0.000360312 0.021728 0.0211454 7.9878e-05 0.00568114 0.00674729 0.0298429 -0.000718475 -0.00119496 0.00066344 0.00967657 0.00644071 -0.00129548 -0.00603244 -0.00503982 -0.00264486 -0.00306053 0.000924724 -0.00689994 -0.00659551 0.0758957 0.112965 0.025938 -0.00157761
internal_weight=1.15672e+06 1.01769e+06 5316.16 1.01238e+06 188625 53404.3 823753 10671 17426.1 813082 101432 98869.9 6797.95 711650 683046 493472 88103.1 73015.1 405369 189575 180548 142524 141773 89539 42935.1 42925.2 750.327 587.509 15940 3640.53
internal_count=18502939 17171154 45591 17125563 1051596 322959 16073967 91091 159523 15982876 2129218 1309581 33306 13853658 13657371 12625431 546273 462826 12079158 1031940 974064 773773 770406 504322 218582 218309 3367 2184 153153 30576
is_linear=0
shrinkage=0.05


Tree=189
num_leaves=31
num_cat=0
split_feature=0 2 2 6 6 9 11 6 4 12 6 6 0 4 0 12 6 2 4 4 5 6 6 5 4 1 1 11 11 0
split_gain=523.42 1993.97 1782.02 3549.86 1355.32 1064.71 1932.88 1413.48 1703.21 1417.86 1211.93 1032.86 1057.26 1009.74 1516.69 1309.2 1088.23 972.625 946.613 927.855 920.54 920.051 2596.83 6502.59 1890.73 1679.57 889.819 2135.05 1797.22 1793.85
threshold=0.93135579017931969 0.88194444444444453 0.73214285714285732 0.26491228070175443 0.92450142450142458 1.0000000180025095e-35 4.5000000000000009 0.267948717948718 0.76598173581492834 1.0000000180025095e-35 0.85357142857142865 0.70710784313725505 0.95279581529581547 0.61785527767983917 0.99772727272727291 61.500000000000007 0.061553030303030311 0.78888888888888908 0.93758399495241618 0.86957066531369953 0.62031176746366634 0.05634920634920635 0.070197044334975381 0.30034965034965044 0.57584729582587857 0.68042553191489363 0.68042553191489363 6.5000000000000009 7.5000000000000009 0.94672705314009675
decision_type=2 2 2 2 2 2 2 2 2 2 2 2 2 2 2 2 2 2 2 2 2 2 2 2 2 2 2 2 2 2
left_child=1 -1 3 19 5 -4 7 8 13 10 -9 12 17 14 -7 -15 -17 -8 20 21 -11 -2 23 24 -23 -24 -5 -28 29 -29
right_child=2 -3 4 26 -6 6 11 9 -10 18 -12 -13 -14 15 -16 16 -18 -19 -20 -21 -22 22 25 -25 -26 -27 27 28 -30 -31
leaf_value=-0.0012777493141702513 0.020381531899191285 0.038582446163556473 -0.00096982502643141284 0.030574056437395875 0.047148579227605861 -0.31278629436315253 -0.075860822218726587 -0.011575840364430164 0.038511050682148211 0.023976799679779639 -0.16007170511711188 0.016381364454400308 -0.11772647381374202 -0.016034735835683597 0.0026330842976014933 0.26112402870988172 0.03609133511568767 0.021640127584360281 0.030538631018653985 -0.13990351143863045 0.0060962715789652268 0.3030025224929363 -0.4021818201711711 1.2478977289215147 -0.00055122693775620237 0.051806823538562231 0.0057431872063576734 -0.12313396779353586 0.0038451510016532424 -0.0025307061425214163
leaf_weight=569166.28067486617 2492.8906275272602 3154.857722702669 427414.92745643808 2962.7324019963853 1539.7382848397829 38.143087521195412 578.45833036047406 3715.5576718873344 2824.689508956857 10024.363238506019 142.67693227902055 555.37178070750087 565.68829904997256 13779.799195525236 46581.709679591702 59.081459964625537 592.49255716428161 458.53310570574831 7637.6528740935028 68.619034569710493 25531.548808600288 104.11787408590317 20.468309985008091 14.532642260193823 101.11698002135381 4360.1762579921633 28920.540178802446 887.48938580835238 1141.8802910852246 472.46463403245434
leaf_count=11763934 36218 16289 4421144 13195 379834 364 3549 38493 11921 120757 1638 2184 3276 185003 559195 455 2548 1911 187642 546 445263 182 364 91 819 14196 280826 5005 4550 1547
internal_value=1.63768e-05 -0.00105802 0.00107004 0.0110498 0.000305097 0.000171652 0.00448594 0.0053977 0.000553584 0.0119739 -0.0170672 -0.0423801 -0.0627425 -0.00120261 0.00237502 -0.01276 0.0564962 -0.0327482 0.014568 0.0430738 0.0111374 0.0448439 0.0580997 0.225818 0.153445 0.0496856 0.00437962 0.00190982 -0.0424029 -0.0812349
internal_weight=1.15591e+06 572321 583587 41547 542040 540501 113086 110928 63875.9 47051.8 3858.23 2158.05 1602.68 61051.2 46619.9 14431.4 651.574 1036.99 43193.6 7161.92 35555.9 7093.3 4600.41 219.767 205.235 4380.64 34385.1 31422.4 2501.83 1359.95
internal_count=18502939 11780223 6722716 357539 6365177 5985343 1564199 1553279 759486 793793 40131 10920 8736 747565 559559 188006 3003 5460 753662 52416 566020 51870 15652 1092 1001 14560 305123 291928 11102 6552
is_linear=0
shrinkage=0.05


Tree=190
num_leaves=31
num_cat=0
split_feature=8 2 6 7 0 0 4 10 2 0 1 11 2 0 11 4 11 11 5 6 11 4 4 0 0 6 5 6 5 11
split_gain=509.896 495.755 1526 1196.79 871.568 2278.81 1232.46 868.483 2806.53 1793.74 1289.89 1659.11 1185.04 1186.92 1166.71 1165.13 1150.28 1122.2 2539.86 1061.41 1169.64 1541.45 2729.26 1253.84 2255.2 2198.59 2186.77 1934.84 1640.99 1577.81
threshold=1.0000000180025095e-35 0.43650793650793657 0.94590643274853814 1.0000000180025095e-35 0.58305485937064894 0.59606410746116645 0.75600130307653191 1.0000000180025095e-35 0.07417582417582419 0.41921134421134426 0.12403846153846156 1.5000000000000002 0.066964285714285726 0.39635934833703595 21.500000000000004 0.85027719744603758 32.500000000000007 16.500000000000004 0.88017094017094022 0.81534090909090928 1.0000000180025095e-35 0.88578179283369018 0.85027719744603758 0.37895144308187795 0.3760162314083883 0.27429467084639503 0.57962779973649547 0.267948717948718 0.58740079365079378 14.500000000000002
decision_type=2 2 2 2 2 2 2 2 2 2 2 2 2 2 2 2 2 2 2 2 2 2 2 2 2 2 2 2 2 2
left_child=-1 7 3 4 6 -6 -3 -2 9 10 12 -12 13 16 -10 -16 19 -15 -19 20 21 22 -9 24 -22 26 -25 28 -28 -26
right_child=1 2 -4 -5 5 -7 -8 8 14 -11 11 -13 -14 17 15 -17 -18 18 -20 -21 23 -23 -24 25 29 -27 27 -29 -30 -31
leaf_value=-0.052407277796967681 -0.0027849270795243658 0.037270212950089913 0.043548708879114724 0.030218180159921528 -0.12175183729277464 0.00041940404458072709 0.0038993488913714931 -0.052576776944357063 0.052294136864494793 -0.051441230092759138 0.18022253595154406 -0.10412289847617986 -0.37406477678247396 -0.01152610314587116 0.092790744319878146 -0.12138656133561854 -0.064451203705515048 -0.052167257318273187 -0.43509900429749915 0.012103401972874175 0.00018092554829501808 0.040909183864334467 -0.32930608330365302 0.028622483816055411 -0.054327202530358165 0.0022098330862101059 0.29068915581917304 0.36813815040700792 -0.057365609446024715 -0.0037273352830830028
leaf_weight=463.66261564916931 305289.70847303455 3797.9507496518781 2089.4028835805366 3429.2538212637883 381.90628387103789 672891.31442029541 10190.722027372569 600.79985191120068 3498.5938878210727 1629.3133553787484 206.41759593971074 68.267043041996658 21.045277811586857 7054.4571449318901 93.890873908996582 196.16918528079987 644.51138447591802 728.47067210479872 46.038571551442146 23924.342424511909 80607.604945612489 305.0160993039608 104.61369145661592 7105.0539497355348 3356.6213845114689 23417.521471803077 53.812320172786713 88.618414700031281 91.358015921898186 2847.6387410802417
leaf_count=651105 9445709 34034 483210 137774 2457 6523426 28665 9828 11739 33397 364 1729 182 62790 91 910 19838 12831 455 95641 635362 1001 819 166348 35490 78078 91 182 1001 28392
internal_value=1.57966e-05 3.68456e-05 0.000882848 0.00075378 0.00060676 0.000350104 0.0129596 -0.00123181 0.00179423 0.000740881 0.00130292 0.109555 0.001106 0.00115829 0.0443049 -0.0520585 0.00219507 -0.0177985 -0.0749296 0.0024965 0.000558218 -0.0530072 -0.0936161 0.00101858 -0.00205486 0.00969356 0.0335734 0.184037 0.0716527 -0.0311028
internal_weight=1.15522e+06 1.15476e+06 692781 690691 687262 673273 13988.7 461980 156690 152902 151272 274.685 150998 150976 3788.65 290.06 143148 7828.97 774.509 142503 118579 1010.43 705.414 117568 86811.9 30756.4 7338.84 233.789 145.17 6204.26
internal_count=18502939 17851834 7209566 6726356 6588582 6525883 62699 10642268 1196559 1183819 1150422 2093 1148329 1148147 12740 1001 1072071 76076 13286 1052233 956592 11648 10647 944944 699244 245700 167622 1274 1092 63882
is_linear=0
shrinkage=0.05


Tree=191
num_leaves=31
num_cat=0
split_feature=6 4 5 5 12 6 1 4 12 9 11 4 4 12 5 4 12 12 5 9 6 4 5 6 0 0 5 12 0 5
split_gain=504.094 7676.9 1986.89 1919.76 1384.65 1551.15 1345.36 1093.27 1255.14 1406.18 1144.66 1058.56 1056.34 1051.71 1035 990.407 1754.73 1143.57 1122.52 1251.37 939.714 2390.77 938.705 881.748 864.621 2513.79 835.616 832.797 794.051 787.351
threshold=0.048809523809523817 0.45981446090141748 0.37544326241134757 0.18926915080761234 66.500000000000014 0.11583184257602865 0.53950103950103967 0.55691091578624474 71.500000000000014 1.0000000180025095e-35 29.500000000000004 0.49946074748706332 0.66687815902433079 10.500000000000002 0.18212530712530714 0.51856137909709343 56.500000000000007 69.500000000000014 0.21756661991584855 1.0000000180025095e-35 0.061553030303030311 0.51586944086944098 0.091372912801484255 0.05634920634920635 0.4778219987897408 0.50005260942760954 0.21886405109489052 12.500000000000002 0.36445214690650801 0.28852607124419211
decision_type=2 2 2 2 2 2 2 2 2 2 2 2 2 2 2 2 2 2 2 2 2 2 2 2 2 2 2 2 2 2
left_child=1 24 22 4 5 12 14 8 -6 10 -10 -11 -2 -8 28 16 18 -18 -5 20 21 -20 -3 -23 -1 -26 -22 -27 -7 -28
right_child=3 2 -4 15 7 6 13 -9 9 11 -12 -13 -14 -15 -16 -17 17 -19 19 -21 26 23 -24 -25 25 27 29 -29 -30 -31
leaf_value=-0.06609334662164866 -0.024734719496789674 0.035863782876361792 0.055075110358707761 -0.065426145128899202 0.072104855232609927 0.076840363936748229 0.015217473866942345 0.06211161024817638 -0.066073294004695457 0.098536895848857067 0.11934576793050751 -0.020864686098166649 0.088209164151298092 0.083204944306478457 0.053234017193011143 8.2025397631983182e-05 0.11556136228768632 0.01942927811833306 0.056778152898469762 -0.054949694377526351 0.19276238846866078 -0.052626439509873807 -0.042244289015265758 0.67114475927689643 0.10125565556475523 0.040283705789812697 -0.018908879296165349 0.00051481806445557033 -0.07221379376074652 0.07164880551460881
leaf_weight=476.17887684357993 3277.8975929324661 395.43991053707578 569.71731584973168 507.27697114186594 696.59753351354448 104.49951774976216 1061.2540855286643 2677.5648393286247 855.93667964094493 403.96461650403216 92.201528979800059 343.43807107905741 220.97927427777904 1225.8852217271924 359.69403441401664 993217.17837310024 714.28065015088941 545.71991788194282 108.47025032852252 416.83811763109406 73.104747002013028 5.0187057048315209 14110.965833017071 26.052131444215775 627.2908797688724 1330.032775021682 594.85144339283579 128552.17590258924 616.38254154384776 402.39388530375436
leaf_count=30121 318864 46592 8008 28392 8008 1001 6643 23660 29757 1729 364 4550 12285 3185 8463 11857846 7189 4823 4004 8736 910 455 5527704 91 7917 32305 25571 457002 31759 5005
internal_value=1.53177e-05 -0.00272997 -0.0365179 0.000412901 0.0203459 0.00571321 0.0299359 0.0401651 0.0155999 -0.00761468 -0.0480423 0.0436708 -0.0176015 0.0516581 -0.0160411 0.000174165 0.0271379 0.0739255 -0.000487354 0.0197631 0.0455035 0.167545 -0.0401151 0.554238 0.00115894 0.00140431 0.029593 0.000922063 -0.0506068 0.0176316
internal_weight=1.15461e+06 146062 15076.1 1.00855e+06 11936.3 6866.59 3367.72 5069.7 2392.14 1695.54 948.138 747.403 3498.88 2287.14 1080.58 996611 3394.01 1260 2134.01 1626.73 1209.89 139.541 14506.4 31.0708 130986 130509 1070.35 129882 720.882 997.245
internal_count=18502939 6109649 5582304 12393290 450268 382200 51051 68068 44408 36400 30121 6279 331149 9828 41223 11943022 85176 12012 73164 44772 36036 4550 5574296 546 527345 497224 31486 489307 32760 30576
is_linear=0
shrinkage=0.05


Tree=192
num_leaves=31
num_cat=0
split_feature=6 6 4 1 1 4 7 1 4 4 12 4 4 6 5 6 5 5 4 4 11 12 6 5 5 9 4 12 5 5
split_gain=497.106 3139.33 2618.1 1489 4269.58 2862.64 2380.04 1791.26 1603.77 1174.94 1319.72 2571.55 3438.88 2828.06 2044.61 1975.23 1855.05 1669.39 1554.26 1397.85 2591.85 1329.37 1394.28 1263.03 3131.67 24307.5 33371.7 14917 1217.21 1154.94
threshold=0.47722567287784684 0.47213622291021679 0.73449661031740543 0.15301003344481609 0.15470085470085473 0.70532092006646852 1.0000000180025095e-35 0.032795698924731172 0.71868117470489601 0.97657880461357338 7.5000000000000009 0.81711599808393987 0.69973025969582159 0.29520697167755999 0.43881221553369559 0.17445652173913045 0.66807909604519788 0.21756661991584855 0.58301601675922499 0.58095313801196169 1.0000000180025095e-35 34.500000000000007 0.13714733542319751 0.27308238636363641 0.27241805813234388 1.0000000180025095e-35 0.55923399157755027 5.5000000000000009 0.79324593901396423 0.51869322152341035
decision_type=2 2 2 2 2 2 2 2 2 2 2 2 2 2 2 2 2 2 2 2 2 2 2 2 2 2 2 2 2 2
left_child=1 9 3 6 5 -5 7 -2 -7 10 17 12 13 -12 -15 -13 -16 -1 19 23 -21 -14 -23 24 -19 -26 27 -27 -17 -9
right_child=2 -3 -4 4 -6 8 -8 29 -10 -11 11 15 21 14 16 28 -18 18 -20 20 -22 22 -24 -25 25 26 -28 -29 -30 -31
leaf_value=-0.031144778587800778 0.034521788587282623 -0.077104574965177253 0.00049939956770700476 -0.054251302697227922 0.029509827659782273 0.67771496967002887 0.20195812325957069 0.0093113491495673446 -0.051797901271123672 0.042658803068359452 -0.00070394137885893557 0.054586981330924947 -0.011101854366970405 0.026107952485088723 0.0027328917518633701 0.0072994887123803203 -1.0400622346467587 0.034459071798584102 -0.0043327165393751048 -0.074851635403668904 0.25154597970913523 0.087127288061805974 -0.065859015597458589 -0.015226893532141315 0.14686683725742639 10.119849608349371 -0.050854640701029345 -0.050248265955384112 0.053769225669181457 -0.051291967519520004
leaf_weight=5751.6612739304837 1778.4490146264434 1352.2916124211624 553902.26848769642 26.230183124542236 10111.40482633654 51.619916647672653 141.49038833379745 1287.0994407143444 8.821313511580227 1548.6862637307495 266573.85481378622 2439.3214735279325 51881.008556008281 18033.3146720652 18640.413857298903 51538.022616733331 4.2657716181129208 945.36440661844244 160975.04557075625 91.28926990396576 182.23592959554662 162.44785039726412 1789.8958752357867 1084.6026983798802 89.51693949761102 1.8576235231012099 2.6919574753846973 0.44738995889201749 1448.7913780128583 2019.8990300670266
leaf_count=1880788 4641 9919 3846206 364 60606 182 273 5369 273 5005 8023743 73255 680862 99190 126490 299754 182 198107 3044678 6734 10920 4095 27846 70525 3185 91 364 91 5460 13741
internal_value=1.36393e-05 -0.00101058 0.00106522 0.0213834 0.0325051 0.381944 -0.000315594 -0.00594338 0.571244 -0.000834131 -0.000949937 0.000575064 -0.00098026 0.0010871 0.0141043 0.0105953 0.00249431 -0.00466956 -0.00373748 0.0362198 0.14261 -0.012626 -0.0531295 0.0225221 0.0618947 0.336316 3.73016 8.14589 0.00857009 -0.0277049
internal_weight=1.15386e+06 584537 569327 15425 10198.1 86.6714 5226.94 5085.45 60.4412 583185 581636 412511 357085 303252 36678 55426.1 18644.7 169125 163373 2398.01 273.525 53833.4 1952.34 2124.48 1039.88 94.5139 4.99697 2.30501 52986.8 3307
internal_count=18502939 14571284 3931655 85449 61425 819 24024 23751 455 14561365 14556360 9340877 8962408 8249605 225862 378469 126672 5215483 3334695 290017 17654 712803 31941 272363 201838 3731 546 182 305214 19110
is_linear=0
shrinkage=0.05


Tree=193
num_leaves=31
num_cat=0
split_feature=6 4 6 12 5 5 12 4 6 4 4 12 5 6 5 4 4 12 0 0 12 6 12 5 4 4 5 6 5 12
split_gain=481.106 5321.34 2343.02 2072.7 1853.69 1780.56 2053.25 1584.59 1470.46 1403.34 2075.88 1267.65 1257.41 1150.48 1089.79 28956.7 12277.4 1188.67 2205.95 2331.1 1447.87 1080.52 1073.55 1041.78 1280.29 2416.02 2168.27 2149.98 1442.16 1150.89
threshold=0.065591397849462371 0.44347452395479253 0.048809523809523817 58.500000000000007 0.37544326241134757 0.22778543677152527 28.500000000000004 0.5497621591371592 0.12060606060606062 0.61515478028635928 0.61606720160259187 61.500000000000007 0.18926915080761234 0.067424242424242428 0.22994252873563223 0.59000360750360759 0.60032241820952736 46.500000000000007 0.99772727272727291 0.9648090815273479 49.500000000000007 0.084523809523809543 12.500000000000002 0.22994252873563223 0.61864627291239371 0.61428859813907855 0.26483157365510307 0.05634920634920635 0.31770203408466197 34.500000000000007
decision_type=2 2 2 2 2 2 2 2 2 2 2 2 2 2 2 2 2 2 2 2 2 2 2 2 2 2 2 2 2 2
left_child=1 22 4 23 -3 6 8 -8 -2 -5 -11 21 -13 14 15 -7 -17 18 19 -16 -19 -9 -1 -4 25 29 -27 -28 -29 -25
right_child=5 2 3 9 -6 13 7 11 -10 10 -12 12 -14 -15 17 16 -18 20 -20 -21 -22 -23 -24 24 -26 26 27 28 -30 -31
leaf_value=0.048017048062304862 -0.043289562832320758 -0.040079220150208025 -0.058203285058384638 0.022724546989663173 0.051465800830226553 -0.062613484618991258 0.0036348307715613052 0.08817075893740578 0.0087869361921357279 0.51737859715503787 0.091388398548928634 0.044743477272903516 -0.0055496843624630284 2.0851077422152135e-05 0.029733059993443792 5.704109398930397 -0.050165608516032439 0.26351255306433785 -0.055977469627176313 0.30571199009730793 0.0064979020534118781 0.038035353481801482 0.00074891356417141946 -0.052048703889336793 -0.05370186259242641 -0.054178060990146618 -0.051110301256534631 0.60018377222613828 -0.053468924614931912 0.031912478004824225
leaf_weight=1212.4858801590162 2197.7391139427928 14397.492871481227 1368.3764981500062 2239.5120612908868 575.06322384730447 54.366064422320051 6116.4677377320913 1566.5475421272131 3537.2441906345193 33.001810419373214 214.33841365974513 2348.8032956144452 2639.2870857085654 978139.21754074038 296.22968057153776 3.2830036282539359 1.2916767822316613 116.48883956646023 508.78183699585497 103.16206094622612 103.4685563967796 3422.8118008477468 129318.08443828154 629.00575185238995 918.88744834262616 47.689368301747891 23.408089387870859 57.816457789638662 9.8804743531509285 1162.3988437505541
leaf_count=17472 486850 5629533 247793 86632 8008 1638 97279 36127 95095 273 7189 19292 24570 10589215 100009 91 1001 3185 12922 182 5005 37856 456183 140868 296387 8554 7826 4550 2093 79261
internal_value=-2.81256e-06 -0.00262184 -0.0255633 -0.00099748 -0.0365632 0.000395363 0.0145189 0.0236729 -0.0111696 0.0352069 0.148227 0.0359569 0.0181325 8.05523e-05 0.049274 0.258866 4.07937 0.0383235 0.0130651 0.101018 0.142612 0.0537768 0.00118798 -0.0223456 -0.00512367 0.0180024 0.218972 0.361954 0.504782 0.00243166
internal_weight=1.15336e+06 152207 21676.9 6704.32 14972.6 1.00116e+06 21828.9 16093.9 5734.98 2486.85 247.34 9977.45 4988.09 979326 1187.07 58.9407 4.57468 1128.13 908.174 399.392 219.957 4989.36 130531 4217.46 2849.09 1930.2 138.794 91.105 67.6969 1791.4
internal_count=18502939 6992622 6518967 881426 5637541 11510317 797069 215124 581945 94094 7462 117845 43862 10713248 124033 2730 1092 121303 113113 100191 8190 73983 473655 787332 539539 243152 23023 14469 6643 220129
is_linear=0
shrinkage=0.05


Tree=194
num_leaves=31
num_cat=0
split_feature=4 5 5 6 2 12 12 6 1 0 6 6 5 12 4 12 4 4 5 1 2 6 12 12 5 0 4 11 12 6
split_gain=485.407 1458.59 1079 1373.31 1344.44 1856.22 1708.13 1671.53 1889.44 3581.07 1883.91 1916.85 2395.71 3191.29 2309.88 1978.24 1626.38 1470.27 1386.44 1346.73 1340.98 1323.5 3476.59 2360.09 2560.99 3668.69 1384.41 1319.5 1221.99 1819.2
threshold=0.90526678215525103 0.69592735277930662 0.79324593901396423 0.55277777777777792 0.23611111111111113 9.5000000000000018 12.500000000000002 0.91833333333333345 0.47140522875816998 0.68401073489824793 0.76696832579185525 0.55777777777777793 0.87108993157380266 1.5000000000000002 0.8888932345988042 6.5000000000000009 0.8913727434087354 0.74192634472806895 0.84753833736884598 0.46770833333333339 0.58571428571428574 0.86038961038961048 3.5000000000000004 1.5000000000000002 0.83398950131233607 0.99772727272727291 0.84651154486867386 20.500000000000004 5.5000000000000009 0.55277777777777792
decision_type=2 2 2 2 2 2 2 2 2 2 2 2 2 2 2 2 2 2 2 2 2 2 2 2 2 2 2 2 2 2
left_child=2 -2 3 -1 18 7 -7 10 9 -9 11 14 16 -14 -6 20 17 -13 -4 -11 -16 26 23 -23 25 -25 -12 -20 29 -22
right_child=1 -3 4 -5 5 6 -8 8 -10 19 21 12 13 -15 15 -17 -18 -19 27 -21 28 22 -24 24 -26 -27 -28 -29 -30 -31
leaf_value=-0.00090725357166382631 0.024170666475020072 0.0011098037487857319 -0.0068745328640079642 0.0051010159225893499 0.0096330928588607215 -0.039053572287417251 0.0019899908480051618 0.050762571144191741 -0.12130726913917476 -3.0752426255651404 0.029615066922669103 -0.89473062782111534 0.0075100484483500768 -0.082078468004593896 -0.16159009248429279 0.023404336196725835 0.01145863746684706 -0.019629814976611953 0.015867368721723819 -1.2625294115630548 -0.016025566735379339 0.052566631493223576 -0.0047596224429579635 -3.8497952496167445 -0.29895704430581083 -0.76544971508844184 -0.0036557323378744902 -0.043450101328722984 -0.11193789297361963 -0.15793186854584362
leaf_weight=594248.68724336172 7004.2126493479591 325775.8167707352 18702.685488828458 113227.57433822006 17386.900702737272 8567.3180727711879 3600.2270841784775 5.5908232368528825 150.17239798465744 1.4555020760744808 7533.3969945646822 4.8011472336947909 1490.2785198427737 2985.1941938819364 239.47201437875628 1351.0329480431974 5492.8274108860642 16806.192838743795 16937.682957955636 3.4611519239842892 2800.8212794754654 50.28141226619482 1200.6910476125777 1.1665310813114036 125.47693771123886 5.5559352450072765 5345.0252920379862 992.4632441084832 498.17595400381833 245.65694776922464
leaf_count=14713335 49686 2425241 98280 713804 49959 58604 27573 91 3003 91 59787 91 4732 19201 1274 4186 39312 89271 68432 91 9191 455 11102 91 1456 91 44681 5642 2912 1274
internal_value=-1.53863e-05 0.00159518 -0.000669001 5.4336e-05 -0.00521686 -0.00901401 -0.0269093 -0.00559704 -0.166661 -0.814851 -0.00518989 -0.00981959 -0.0188611 -0.0522466 0.000930944 -0.0285333 -0.0121619 -0.0198797 0.00264958 -1.79916 -0.0470764 0.0108147 -0.0356627 -0.238999 -0.349895 -1.30067 0.0158064 0.012584 -0.03934 -0.0274684
internal_weight=1.15278e+06 332780 820000 707476 112524 75891.2 12167.5 63723.6 160.68 10.5075 63562.9 49301.4 26779.3 4475.47 22522.1 5135.16 22303.8 16811 36632.8 4.91665 3784.13 14261.6 1383.17 182.481 132.199 6.72247 12878.4 17930.1 3544.65 3046.48
internal_count=18502939 2474927 16028012 15427139 600873 428519 86177 342342 3276 273 339066 221403 152607 23933 68796 18837 128674 89362 172354 182 14651 117663 13195 2093 1638 182 104468 74074 13377 10465
is_linear=0
shrinkage=0.05


Tree=195
num_leaves=31
num_cat=0
split_feature=8 11 11 0 1 0 12 6 12 6 12 1 5 1 1 1 12 6 6 6 12 1 1 6 2 2 9 1 4 6
split_gain=476.054 480.594 1199.5 959.809 2427.11 1276.89 1163.01 1164.01 1112.7 1399.42 1052.6 1005.21 999.149 1597.52 1552.65 1564.54 981.332 1700.65 1695.27 2133.07 1029.54 939.743 1663.64 1216.62 877.62 1860.87 1808.87 1249.77 1215.74 1611.35
threshold=1.0000000180025095e-35 8.5000000000000018 11.500000000000002 0.42961256187062641 0.15849282296650721 0.38072466748937345 19.500000000000004 0.79057017543859665 61.500000000000007 0.17752100840336138 36.500000000000007 0.30495169082125612 0.82487113402061862 0.39339826839826847 0.29217479674796754 0.30495169082125612 53.500000000000007 0.3585714285714286 0.40370370370370373 0.58578431372549034 14.500000000000002 0.20864427860696524 0.21498599439775914 0.98148148148148151 0.61250000000000016 0.26136363636363641 1.0000000180025095e-35 0.65751879699248128 0.54680217870875458 0.2834821428571429
decision_type=2 2 2 2 2 2 2 2 2 2 2 2 2 2 2 2 2 2 2 2 2 2 2 2 2 2 2 2 2 2
left_child=-1 -2 3 5 16 8 7 12 10 -10 11 -3 14 -14 -7 -16 17 -5 20 -20 -19 23 -23 -6 25 26 27 -24 -26 -30
right_child=1 2 -4 4 21 6 -8 -9 9 -11 -12 -13 13 -15 15 -17 -18 18 19 -21 -22 22 24 -25 28 -27 -28 -29 29 -31
leaf_value=-0.052333752240076331 0.00054703757843758353 -0.0048050437728300727 0.00067597411714223783 -0.054502298776808428 -0.040395147329815917 -0.046821017075244734 -0.080129176146628928 -0.076651299054387667 0.093334054046040393 -0.085402950842952269 -0.067925834064208324 -0.12021890624335506 0.046052897333523982 -0.15254420063874671 0.31799379068992545 0.021894051379228386 0.09732261460431417 0.16500749406951323 -0.061443033704782726 0.037013707534159182 -0.05546061685577465 0.051377541343200939 -0.0067966533029914554 0.016276790568228901 0.04474210317701427 0.011484985109751211 -0.068516959897184052 -0.40656680066061357 -0.060939273901488546 -0.010649656849967236
leaf_weight=434.56263893144205 901668.74478837545 9998.4210653787595 159960.8816116318 656.08935811027186 4008.4790749381646 2221.1766860165517 1191.404402502696 880.11397186107934 519.97968620120082 138.72894550487399 761.46424585970817 192.28914898360381 1024.2627974431962 112.36956114321947 50.077563865168486 408.74155140371295 456.07016029872466 335.04470643866807 646.54216392152011 3688.6037095077336 62.893066129647195 1282.7446871646971 10232.655920170189 1239.9646946052089 929.08679047646001 15996.775892629579 1380.987173155474 19.587577141821384 1680.4831916145631 30544.065561073599
leaf_count=651105 13393835 112112 2909179 189007 317590 75803 48503 4004 5915 910 18018 2275 4641 546 273 3640 10374 3185 12649 12558 1365 34034 394940 2730 6461 92729 65247 182 21658 107471
internal_value=-1.10423e-05 8.69016e-06 -0.00192815 -0.00652292 -0.00400683 -0.0170422 -0.0360085 -0.0248166 -0.00742396 0.0556907 -0.0112199 -0.0069828 -0.0128636 0.0264192 -0.0295241 0.0542117 0.0268984 0.0209386 0.0313961 0.0223299 0.130163 -0.00669047 -0.00497254 -0.0270062 -0.00616172 0.000419479 -0.0147966 -0.00756044 -0.0116464 -0.0132722
internal_weight=1.15272e+06 1.15229e+06 250620 90659.1 73160.1 17499 5888.15 4696.74 11610.9 658.709 10952.2 10190.7 3816.63 1136.63 2680 458.819 5845.24 5389.17 4733.08 4335.15 397.938 67314.8 62066.4 5248.44 60783.6 27630 11633.2 10252.2 33153.6 32224.5
internal_count=18502939 17851834 4457999 1548820 1272180 276640 137410 88907 139230 6825 132405 114387 84903 5187 79716 3913 229138 218764 29757 25207 4550 1043042 722722 320320 688688 553098 460369 395122 135590 129129
is_linear=0
shrinkage=0.05


Tree=196
num_leaves=31
num_cat=0
split_feature=11 1 0 0 1 4 6 0 1 4 5 4 5 11 0 0 6 11 6 5 5 1 6 6 5 5 7 11 4 6
split_gain=480.799 1132.65 1130.28 1000.66 1983.46 1370.53 1173.39 1280.56 1132.27 1098.7 2027.03 996.611 992.583 1485.25 1425.31 959.209 950.425 904.096 837.655 831.516 820.515 818.15 1136.39 1086.44 2363.66 1283.41 812.051 992.104 807.105 1230.44
threshold=18.500000000000004 0.033908045977011476 0.34780767907702898 0.36883862071960577 0.036375661375661401 0.88286091815161594 0.3585714285714286 0.37744769991146815 0.032795698924731172 0.67257474818048257 0.40078740157480319 0.65871874270372233 0.83889506859473506 29.500000000000004 0.37477211135747729 0.38224867724867734 0.79057017543859665 32.500000000000007 0.53589743589743599 0.66807909604519788 0.86219390304847587 0.035098522167487663 0.72902097902097907 0.6132478632478634 0.74431524547803629 0.8287593984962407 1.0000000180025095e-35 21.500000000000004 0.76080849281877538 0.65301003344481623
decision_type=2 2 2 2 2 2 2 2 2 2 2 2 2 2 2 2 2 2 2 2 2 2 2 2 2 2 2 2 2 2
left_child=1 2 -1 17 6 9 -5 8 12 10 -6 -12 13 28 -15 19 -14 -2 -17 -11 -9 22 23 -3 -25 -26 -7 -28 -8 -30
right_child=3 21 -4 4 5 26 7 20 -10 15 11 -13 16 14 -16 18 -18 -19 -20 -21 -22 -23 -24 24 25 -27 27 -29 29 -31
leaf_value=-0.014695861701028549 0.0041751443823087311 -0.024593622579169874 0.011456608516165777 -0.058391555050963717 -0.033706790881183363 0.0041708226974467516 0.037306702156990161 -0.040006811327304201 -0.12143125569071699 0.058791611835171488 0.024679548354154035 0.14254439921267267 -0.10191716863082656 -0.061363698293901293 0.25199125599195404 -0.066999259025131236 -0.010425502973563698 -0.065079049691454824 -0.019751004331128665 -0.069659826223344642 -0.12995594757016479 -1.0342647944515308e-05 0.015272746156563509 -0.28692981877068141 0.020209811522373642 -0.23976726180281605 0.069370858608591851 -0.013473749730018561 -0.062501167284611012 0.019043302893371836
leaf_weight=4673.0252727565894 21935.196895445486 3541.1164372921921 35648.141246252453 2646.6934173921982 927.72583661005046 7763.0743634616956 1238.1858020424843 1326.8395984899253 204.20549388974905 465.96179107065836 397.05117916926974 327.09881652606418 398.17411181330681 52.101781398057938 119.56907051801682 1788.3238388595273 988.65345380455256 481.6087611959374 1973.0107849398628 172.67883940786123 313.42011258006096 1059276.4514220865 1689.3620294556022 129.90198558568954 239.12635192275047 59.230068609118462 1123.9035606221296 532.65610154997557 786.19278258085251 1123.9494834914804
leaf_count=74802 187278 31486 305669 116116 379561 48685 3822 7098 1001 3822 13286 6461 2002 455 182 154882 3458 13286 12194 1183 1547 17110821 6825 910 728 364 4095 4004 3913 3003
internal_value=-1.0987e-05 0.000199816 0.00842567 -0.00495917 -0.0119074 -0.000975813 -0.0302948 -0.0189439 -0.00616843 -0.0195419 0.0152278 0.0779191 -0.00116775 0.0136722 0.156889 -0.0325955 -0.0366938 0.00268727 -0.0422152 0.0240603 -0.0571943 -0.000111636 -0.019073 -0.0336905 -0.10891 -0.0314011 0.0109524 0.0427327 0.00586291 -0.0145195
internal_weight=1.15234e+06 1.10526e+06 40321.2 47086.3 24669.5 15471.5 9197.99 6551.29 4911.03 6051.85 1651.88 724.15 4706.83 3320 171.671 4399.98 1386.83 22416.8 3761.33 638.641 1640.26 1.06494e+06 5658.74 3969.37 428.258 298.356 9419.63 1656.56 3148.33 1910.14
internal_count=18502939 17531605 380471 971334 770770 628173 142597 26481 17836 571389 399308 19747 16835 11375 637 172081 5460 200564 167076 5005 8645 17151134 40313 33488 2002 1092 56784 8099 10738 6916
is_linear=0
shrinkage=0.05


Tree=197
num_leaves=31
num_cat=0
split_feature=2 6 7 1 5 11 6 2 5 4 5 4 1 6 12 11 2 0 2 1 11 11 2 1 9 2 11 0 5 0
split_gain=465.898 1442.91 1120.98 827.411 1193.48 807.208 1920.14 1724.81 1065.43 915.045 1186.78 908.069 884.82 1385.4 1563.96 1334.29 2151.69 1547.3 2200.62 2041.25 1810.2 1640.56 2035.52 2427.01 1435.3 1861.01 2377.03 6502.96 2749.85 2572.67
threshold=0.43650793650793657 0.94590643274853814 1.0000000180025095e-35 0.29217479674796754 0.27308238636363641 13.500000000000002 0.72474747474747481 0.5634920634920636 0.83398950131233607 0.93123244500198898 0.66298241328773833 0.8913727434087354 0.56330128205128216 0.40370370370370373 44.500000000000007 6.5000000000000009 0.88194444444444453 0.99772727272727291 0.63068181818181823 0.81016731016731025 5.5000000000000009 4.5000000000000009 0.73214285714285732 0.78647416413373872 1.0000000180025095e-35 0.78888888888888908 7.5000000000000009 0.92128008192524324 0.32960789210789221 0.91663398692810472
decision_type=2 2 2 2 2 2 2 2 2 2 2 2 2 2 2 2 2 2 2 2 2 2 2 2 2 2 2 2 2 2
left_child=-1 2 3 4 -2 12 7 9 -9 10 -7 -8 13 -5 -15 17 24 18 19 20 -14 -20 -23 -24 25 26 27 -17 -29 -28
right_child=1 -3 -4 5 -6 6 11 8 -10 -11 -12 -13 15 14 -16 16 -18 -19 21 -21 -22 22 23 -25 -26 -27 29 28 -30 -31
leaf_value=-0.001242170963025024 -0.077916000848428313 0.043244692258190935 0.029589363349278908 0.025021224859170355 0.022605233714123363 -0.0068216551032891735 -0.12784314544858724 0.038845094261140051 -0.092390831613510804 0.037278883599676405 -0.075570020306627683 -0.039864133879250398 -0.029425289233351776 0.00283113150814031 -0.47514712797707959 0.0084825476903623766 0.037390641014704427 1.9697095548516606e-05 0.027569568554721199 0.013677632723795796 0.010884959166212436 0.019777576538146255 0.01432596365270602 -0.05930520685786958 -0.023479086785135821 -0.036886763930586826 -0.0058304589792260199 0.070806981512544137 -0.087774005979067871 0.024408524952237127
leaf_weight=460753.51316883822 309.50625171733554 1997.5050770051312 3338.6679256057832 9083.9231367999455 6425.4007720577065 1275.345056791557 468.89963779598475 2085.1592923590215 167.04244387149811 443.01071316003799 1236.2561815679073 783.13788893818855 8448.6064021134516 27860.827974786051 17.124380640685558 6278.3968115684984 2609.6509902351536 523229.71657172637 17866.996150719235 10543.404332087375 4154.6383585471194 7328.7132238096092 2207.0236902940087 2270.4790088873124 13220.61427042319 4071.1100108916289 18496.461912499857 297.21289247646928 3407.3547788709402 11349.93942512825
leaf_count=11217297 16198 483210 137774 83993 19838 9373 2093 10101 819 910 4550 3185 64701 88452 182 28756 10647 5832463 120484 78078 19474 36673 11557 17563 52325 20020 73346 4368 15288 39221
internal_value=-1.0557e-05 0.000810351 0.000687377 0.000546701 0.0179857 0.000373777 -0.017218 -0.00384955 0.0291115 -0.0289747 -0.0406609 -0.0728131 0.000542672 0.00806323 0.00253753 0.000105456 -0.00700786 0.000843037 0.00899899 -0.00255634 -0.0161371 0.0180127 0.00354988 -0.0230114 -0.00903626 -0.00468681 -0.00139553 -0.0225159 -0.0750512 0.00566877
internal_weight=1.15203e+06 691272 689275 685936 6734.91 679201 6458.85 5206.81 2252.2 2954.61 2511.6 1252.04 672742 36961.9 27878 635780 59730.7 576050 52819.9 23146.6 12603.2 29673.2 11806.2 4477.5 57121.1 43900.5 39829.4 9982.96 3704.57 29846.4
internal_count=18502939 7285642 6802432 6664658 36036 6628622 31031 25753 10920 14833 13923 5278 6597591 172627 88634 6424964 243971 6180993 348530 162253 84175 186277 65793 29120 233324 180999 160979 48412 19656 112567
is_linear=0
shrinkage=0.05


Tree=198
num_leaves=31
num_cat=0
split_feature=6 6 4 1 1 7 1 4 4 12 4 4 6 5 6 5 5 4 4 1 6 5 1 5 11 11 4 4 6 6
split_gain=458.996 2812.49 2384.76 1537.89 2478.62 1972.1 1396.05 1202.05 1080.63 1199.21 2329.24 3044.4 2607.11 1884.92 1733.99 1482 1269.97 2723.55 1588.12 1443.58 1208.72 1412.07 1258.99 1132.43 1123.1 1813.24 1774.12 1100.23 1584.31 2344.35
threshold=0.47722567287784684 0.47213622291021679 0.73803876387209733 0.15301003344481609 0.15470085470085473 1.0000000180025095e-35 0.032795698924731172 0.70532092006646852 0.97657880461357338 7.5000000000000009 0.81711599808393987 0.69973025969582159 0.29520697167755999 0.39489928525016249 0.17445652173913045 0.21756661991584855 0.53386644577545572 0.77034296658459778 0.73449661031740543 0.0439613526570048 0.09232954545454547 0.40078740157480319 0.056349206349206378 0.79324593901396423 25.500000000000004 26.500000000000004 0.71518551646458628 0.62840555633326201 0.087595907928388769 0.11882352941176472
decision_type=2 2 2 2 2 2 2 2 2 2 2 2 2 2 2 2 2 2 2 2 2 2 2 2 2 2 2 2 2 2
left_child=1 8 3 5 7 6 -2 -5 9 15 11 12 27 -14 -12 -1 18 24 -13 -20 21 -21 -22 -16 -18 26 -26 -11 -29 -30
right_child=2 -3 -4 4 -6 -7 -8 -9 -10 10 14 16 13 -15 23 -17 17 -19 19 20 22 -23 -24 -25 25 -27 -28 28 29 -31
leaf_value=-0.03002423598780565 0.029084157983153447 -0.072794284934639408 0.00043126681474367967 -0.054020484459133322 0.027439940422743433 0.17280708067930586 -0.024751908408474198 0.33502432665219756 0.041452111945646131 0.00096709814806709223 0.051380420348941906 -0.035471651720396874 0.031505795868642605 0.0063362835190842633 0.0069704509783896883 -0.003625438133367135 0.0019615050837735945 -0.026186443019185025 -0.065921625521169022 0.15792719317308607 0.073711526649585024 -0.062796662114147236 -0.0090354303530456818 0.052574222213707361 0.51423437221516077 -0.065332424114632914 0.11810029629500106 -0.037924681486596057 0.030530917666188186 -0.0077124183394736484
leaf_weight=5495.3108190259081 1792.1077898815274 1360.7208164264448 551223.48007460521 25.018021859228611 11397.436609122902 156.71202249825001 3670.6343219000846 96.202834419906139 1507.470474652946 208157.49667378774 2430.0584870766615 10387.855009347244 10418.246001065476 26007.249436256476 51282.134781754576 163320.68695891235 23527.38433446968 11690.657343756291 883.13079130114056 245.3346259858663 496.89346694748383 102.830782341538 6138.4188446472108 1398.4057081490755 33.172068647807464 118.15542871830985 191.04264931660146 3825.1264070662291 4359.0645424230024 49657.053655462965
leaf_count=1880788 5005 9919 3834194 364 69342 273 22022 455 5005 5394389 73255 291837 58695 167167 299754 3334695 199381 78442 15197 7644 3640 3003 110201 5460 182 2184 1092 1186731 510692 931931
internal_value=-8.75807e-06 -0.000994419 0.00100235 0.0193704 0.0298319 -0.00207357 -0.00709044 0.254732 -0.000826456 -0.00093631 0.000519963 -0.000959891 0.000989923 0.0135351 0.0100858 -0.00448477 -0.0119173 -0.00641406 -0.0226378 -0.00569068 0.00192613 0.0927363 -0.00283882 0.008181 0.00326983 0.093177 0.176707 -0.000728002 -0.00682828 -0.00462621
internal_weight=1.1514e+06 583034 568362 17138.1 11518.7 5619.45 5462.74 121.221 581673 580166 411350 356239 302424 36425.5 55110.6 168816 53814.9 35560.4 18254.5 7866.61 6983.48 348.165 6635.31 52680.5 23869.8 342.37 224.215 265999 57841.2 54016.1
internal_count=18502939 14571284 3931655 97461 70161 27300 27027 819 14561365 14556360 9340877 8962408 8249605 225862 378469 5215483 712803 281281 431522 139685 124488 10647 113841 305214 202839 3458 1274 8023743 2629354 1442623
is_linear=0
shrinkage=0.05


Tree=199
num_leaves=31
num_cat=0
split_feature=8 11 1 0 0 1 4 6 0 0 1 4 4 0 0 5 6 5 4 5 0 5 11 4 4 4 1 11 4 5
split_gain=451.274 439.326 1043.72 1001.58 896.805 1816.56 1248.8 1150.43 1144.78 1024.64 978.057 975.997 1656.48 924.051 1221.64 1011 1412.11 1039.26 1167.46 1134.03 922.267 1180.58 1440.6 952.678 867.553 1085.53 932.938 844.701 807.212 1036.81
threshold=1.0000000180025095e-35 18.500000000000004 0.032795698924731172 0.34780767907702898 0.36883862071960577 0.036375661375661401 0.88286091815161594 0.3585714285714286 0.37744769991146815 0.74363155363155375 0.032795698924731172 0.53878263460440257 0.5372181993954126 0.68817201317201315 0.39887757026976051 0.64888572783309639 0.77525252525252542 0.40078740157480319 0.67257474818048257 0.53386644577545572 0.37121212121212127 0.83889506859473506 29.500000000000004 0.94744415456745323 0.74192634472806895 0.91105120100449632 0.029857397504456321 32.500000000000007 0.55265880293930791 0.17669683257918559
decision_type=2 2 2 2 2 2 2 2 2 2 2 2 2 2 2 2 2 2 2 2 2 2 2 2 2 2 2 2 2 2
left_child=-1 2 3 -2 27 7 9 -6 10 11 20 12 -7 14 15 17 -17 -13 -19 -20 24 22 -22 -23 -9 -26 -27 -3 29 -5
right_child=1 4 -4 28 5 6 -8 8 -10 -11 -12 13 -14 -15 -16 16 -18 18 19 -21 21 23 -24 -25 25 26 -28 -29 -30 -31
leaf_value=-0.052232483357616301 -0.012883408334066905 0.0039127826515570957 -6.6370105292245981e-05 -0.064393257083484229 -0.057632960849266904 0.020450871337564742 0.010502902159418239 0.0294588663427117 -0.054075725721783499 -0.081191908662272327 -0.11107754277829261 -0.066717751309038273 0.36326501665536709 0.042424366272855965 -0.045208176535873466 -0.11439542584276469 0.059458306638003805 0.119549410659541 -0.086389926530530903 0.052157812800378671 0.022402133886320532 -0.12070633356267775 0.18162040132713744 -0.0053098326746631487 -0.10568834847269803 -0.11561774987540184 0.043748091756233995 -0.064404807097259098 0.010471899888215119 0.074388068296767293
leaf_weight=413.51185016846284 4646.545536132151 21901.882484130183 1068665.5084650791 157.31650962296408 2539.050225467523 164.14527888808516 9388.8406978733838 376.74627429246902 1646.4907984016463 591.95163596488419 211.52099870145321 229.36947165441234 44.870181179780047 595.25138509253156 2709.6431527261884 328.11495540756732 181.35780486837029 392.57404091442004 207.09536550397752 514.92970159836113 2152.5119313374162 232.72998707741499 152.10815646126866 772.61913227662444 563.2045524418354 128.35717375576496 322.73857539892197 462.002126567706 29108.147455311526 931.09342161694076
leaf_count=651105 69615 184093 16598582 5096 114114 35217 56784 1274 8645 11557 1001 22204 1092 3367 447811 2457 364 1001 3913 1456 6461 1274 364 2730 3276 637 819 13286 242788 10556
internal_value=-8.73471e-06 1.00385e-05 0.000211289 0.0087273 -0.00473427 -0.0113536 -0.000859764 -0.0290565 -0.0179943 -0.0187616 -0.00590117 -0.0118763 0.0940441 -0.0161682 -0.0238115 0.00746936 -0.0525084 0.0302058 0.0501513 0.0124188 -0.00116878 0.0131881 0.0329108 -0.0320232 -0.0353308 -0.0593959 -0.00159871 0.00250145 0.0120527 0.0543289
internal_weight=1.15073e+06 1.15032e+06 1.10351e+06 34843.1 46810.1 24446.2 15348.1 9098.08 6559.03 5959.3 4912.54 5367.35 209.015 5158.34 4563.08 1853.44 509.473 1343.97 1114.6 722.025 4701.02 3309.97 2304.62 1005.35 1391.05 1014.3 451.096 22363.9 30196.6 1088.41
internal_count=18502939 17851834 16926637 328055 925197 727818 587223 140595 26481 530439 17836 518882 36309 482573 479206 31395 2821 28574 6370 5369 16835 10829 6825 4004 6006 4732 1456 197379 258440 15652
is_linear=0
shrinkage=0.05


Tree=200
num_leaves=31
num_cat=0
split_feature=6 4 6 12 5 5 12 4 6 4 12 9 5 5 4 4 4 12 12 12 6 5 12 12 12 5 12 4 4 6
split_gain=435.678 4861.95 2223.41 1854.81 1719 1624.09 1750.95 1414.92 1404.89 1174.14 1117.39 1065.17 1270.57 1020.07 1834.04 1049.26 1878.15 989.858 983.743 1039.1 1435.17 969.089 946.617 1421.9 935.806 902.933 900.742 946.504 2189.94 1637.8
threshold=0.065591397849462371 0.44347452395479253 0.048809523809523817 58.500000000000007 0.37544326241134757 0.22778543677152527 28.500000000000004 0.5497621591371592 0.12060606060606062 0.61065207112202013 30.500000000000004 1.0000000180025095e-35 0.22648879716981132 0.24152298850574719 0.51856137909709343 0.61864627291239371 0.61428859813907855 12.500000000000002 59.500000000000007 82.500000000000014 0.05634920634920635 0.26483157365510307 58.500000000000007 43.500000000000007 22.500000000000004 0.18926915080761234 35.500000000000007 0.58603698401233617 0.5850056214994297 0.053342816500711245
decision_type=2 2 2 2 2 2 2 2 2 2 2 2 2 2 2 2 2 2 2 2 2 2 2 2 2 2 2 2 2 2
left_child=1 17 4 13 -3 6 8 -8 -2 18 -9 22 -13 -4 -15 16 26 -1 -5 -20 -21 -18 23 -12 -23 -24 -16 28 -28 -30
right_child=5 2 3 9 -6 -7 7 10 -10 -11 11 12 -14 14 15 -17 21 -19 19 20 -22 24 25 -25 -26 -27 27 -29 29 -31
leaf_value=0.045896272735512889 -0.04275235757753551 -0.039535244889929891 -0.050490164760784079 0.19486949923735961 0.048568834372619905 6.9609860778780316e-05 0.0033319622690467007 0.13707493371300658 0.0090650136369607153 0.10413632962902136 -0.040265751815004483 0.055215070104958346 -0.5856434365595754 0.28406390986234714 -0.052256019516313174 -0.053595315681483228 -0.054420049685651263 0.00065883114785317027 -0.016248528118010985 0.09690284246313674 -0.084063512149110592 -0.050734509234214409 0.032371798664994393 0.061044061592207433 0.30528484254614341 -0.01642914797084475 0.038604073370430189 -0.056719618212532054 -0.053258876681252267 0.64050774048720804
leaf_weight=1220.6788848172291 2080.4036291951852 13719.175750478767 1758.74283853206 74.482507785338385 576.91837124049198 977360.11966951389 6111.8874351161867 255.59057423866034 3523.4761556451122 469.04839971281763 418.52216374302225 3389.4769023334375 7.7518443255103184 55.421134055999573 534.95335411428096 792.37271282221627 35.071728304923454 129178.37577782097 1307.3998034799952 538.67474917563959 137.53116385203612 22.411306523252279 1619.3876667751465 2008.2576422760394 104.62996888509952 2285.6975255404395 549.1195365251624 221.6785485293658 12.375282868859356 27.214928361354396
leaf_count=17472 486850 5629533 312039 5824 8008 10713248 97279 5187 95095 9828 27391 21203 637 3094 122668 273637 6188 456183 61243 12922 4277 7371 15834 25025 7098 22568 28847 24752 910 728
internal_value=-8.70803e-06 -0.00250879 -0.0248744 -0.000968354 -0.0359798 0.00037 0.0138992 0.0222793 -0.0101718 0.0327461 0.0338775 0.0311664 0.0537528 -0.0216784 -0.000163692 -0.007013 0.0174724 0.0010823 0.0164759 0.00977737 0.0600967 0.178248 0.0190482 0.0435722 0.24248 0.00380797 -0.00190102 0.0313393 0.0644979 0.423647
internal_weight=1.1504e+06 151336 20937.2 6641.13 14296.1 999061 21700.5 16096.6 5603.88 2527.14 9984.68 9729.09 3397.23 4113.99 2355.25 2299.83 1507.45 130399 2058.09 1983.61 676.206 162.113 6331.86 2426.78 127.041 3905.09 1345.34 810.388 588.71 39.5902
internal_count=18502939 6992622 6518967 881426 5637541 11510317 797069 215124 581945 94094 117845 112658 21840 787332 475293 472199 198562 473655 84266 78442 17199 20657 90818 52416 14469 38402 177905 55237 30485 1638
is_linear=0
shrinkage=0.05


Tree=201
num_leaves=31
num_cat=0
split_feature=0 2 2 6 6 4 5 6 6 5 1 11 5 4 5 6 5 6 6 6 5 12 5 12 12 12 4 4 5 5
split_gain=438.178 1760.01 1522.27 3159.97 1211.21 946.57 4086.09 5310.83 926.6 3399.33 1614.39 1158.86 1142.9 1196.17 1090.05 2347.79 1952.33 1632.17 1401.45 3488.29 2312.34 2372.99 2026.22 1639.9 1923.64 1505.19 1496.14 1853.4 2413.48 1582.43
threshold=0.93135579017931969 0.88194444444444453 0.73214285714285732 0.26491228070175443 0.8973684210526317 0.89666399019002252 0.95500556736511799 0.93095238095238109 0.267948717948718 0.48584779706275044 0.85275519421860901 4.5000000000000009 0.27798663324979123 0.6249405738713133 0.15564663023679418 0.048809523809523817 0.37544326241134757 0.087595907928388769 0.13423423423423428 0.16064516129032261 0.30242329489935516 27.500000000000004 0.45176799007444174 26.500000000000004 41.500000000000007 61.500000000000007 0.6714137082357613 0.67378321433070765 0.34528091812264478 0.34839972761321081
decision_type=2 2 2 2 2 2 2 2 2 2 2 2 2 2 2 2 2 2 2 2 2 2 2 2 2 2 2 2 2 2
left_child=1 -1 3 -2 8 6 -6 -8 10 -10 11 12 -4 -14 17 16 -16 -12 26 20 23 -22 -23 -20 -25 -21 -17 28 -28 -30
right_child=2 -3 4 -5 5 -7 7 -9 9 -11 14 -13 13 -15 15 18 -18 -19 19 25 21 22 -24 24 -26 -27 27 -29 29 -31
leaf_value=-0.0011974656758132333 0.040730902483850466 0.037129835141746635 0.032176392683603297 0.003930786458007365 -0.017761141636977906 0.046807042742086746 -2.6887558557377496 0.050511386557081928 0.021202514477585435 0.00045065702912430792 -0.00016052761388475858 0.013985205728139688 0.30714431690376354 0.099963682924415931 -0.035877744235863249 -0.00013965161405429677 0.052608957786872759 0.04681536199799486 0.043211041259370801 -0.005760078217079201 -0.032186692496691045 -0.11569541083986382 0.077277659836679433 -0.1231053216521957 -0.0091138587665844789 0.031019003171724836 0.024869733349249259 0.020676536616044749 0.4480781580207765 0.14103902716634928
leaf_weight=566501.4935986182 7038.8022721817251 3011.2079397719353 311.53384648816427 34064.512954805628 327.3099624728784 2186.6719153937884 3.3215275797992936 3.7866207435727119 21194.79418102093 286367.32923699263 119097.30267921663 1016.8192740908707 102.88487169146538 215.78916350007057 9055.8456790419004 30581.34312399081 669.43987616151571 1878.234442380257 1120.017570130527 49530.961183067411 3172.0584215670824 1864.2569502815604 146.73636746406555 450.72334253787994 2069.0639947280288 2947.355894992128 219.64994268934242 4364.8948094798252 74.704063564538956 95.750356261618435
leaf_count=11763934 52416 16289 2002 305123 9555 413686 182 91 113113 1987076 717626 12922 182 455 2275273 542633 3276 22204 4459 147147 13286 7917 182 1911 7098 12467 5187 63700 182 1365
internal_value=-9.59722e-06 -0.000994816 0.000957521 0.0102327 0.000250301 0.0348257 -0.0435171 -1.22951 8.78409e-05 0.00188071 -0.00232026 0.0470035 0.100277 0.166853 -0.0026776 -0.00637002 -0.0297868 0.000568808 -0.00401344 -0.00858498 -0.0376739 -0.0591244 -0.101615 -0.00712853 -0.0295039 -0.00369444 0.00391723 0.0300087 0.134427 0.275603
internal_weight=1.14968e+06 569513 580172 41103.3 539069 2521.09 334.418 7.10815 536547 307562 228985 1647.03 630.208 318.674 227338 106363 9725.29 120976 96637.5 61301.2 8822.86 5183.05 2010.99 3639.8 2519.79 52478.3 35336.3 4755 390.104 170.454
internal_count=18502939 11780223 6722716 357539 6365177 423514 9828 273 5941663 2100189 3841474 15561 2639 637 3825913 3086083 2278549 739830 807534 194467 34853 21385 8099 13468 9009 159614 613067 70434 6734 1547
is_linear=0
shrinkage=0.05


Tree=202
num_leaves=31
num_cat=0
split_feature=6 5 4 4 4 1 6 5 6 11 12 5 12 6 4 12 5 0 2 6 9 12 11 2 6 6 9 11 4 6
split_gain=438.804 2292.48 1847.06 2255.54 2083.31 1804.67 1514.05 2447.28 1361.39 4624.76 1300.04 1449.63 1870.5 3019.22 2703.33 2060.05 1744.49 2277.86 1436.31 1427.16 1373.98 1735.07 1739.86 3513.63 1365.88 1341.3 3051.21 1242.13 1705.85 1444.59
threshold=0.55277777777777792 0.79324593901396423 0.8913727434087354 0.84651154486867386 0.78710929072559799 0.23606811145510839 0.87867647058823539 0.82063376874697636 0.88562091503267981 15.500000000000002 1.5000000000000002 0.87108993157380266 4.5000000000000009 0.72902097902097907 0.87661889473430366 2.5000000000000004 0.96313285762827061 0.73320234348314062 0.38750000000000007 0.67333333333333345 1.0000000180025095e-35 13.500000000000002 2.5000000000000004 0.30952380952380959 0.6858552631578948 0.72474747474747481 1.0000000180025095e-35 1.0000000180025095e-35 0.85818651392118561 0.82480818414322254
decision_type=2 2 2 2 2 2 2 2 2 2 2 2 2 2 2 2 2 2 2 2 2 2 2 2 2 2 2 2 2 2
left_child=-1 8 3 4 6 -5 7 -3 -2 -10 19 18 15 14 -14 -13 -17 -18 20 -7 21 -12 23 -23 -21 26 -16 28 29 -15
right_child=1 2 -4 5 -6 10 -8 -9 9 -11 11 12 13 27 25 16 17 -19 -20 24 -22 22 -24 -25 -26 -27 -28 -29 -30 -31
leaf_value=-0.00081800643427340351 0.0068434706707000015 -0.017053212565519761 0.00079957739505110814 -0.00091021214535059948 0.0039457067466940965 0.033323567296428706 0.15054638264016618 -0.11031593877978399 -0.075771704447935087 -1.4929907370279951 -0.081403697411190412 -0.1296409870671604 -0.15147775551842108 -0.64050711025381957 -0.45794632151301307 -0.0027995012733159066 -0.12837784571128416 -1.1298718918582542 -0.015481220617143363 -0.48931120101834574 -0.026633676265869568 -1.9122491026290387 -0.15874139890421871 -0.38843847599992243 -0.034320096184086581 0.051246012689804749 -1.4492453939741123 -0.037830227070923567 -0.091183877882747358 -0.20393119222773159
leaf_weight=680857.37872799207 136176.56507642963 2873.1844553686678 264815.53909376054 9713.886603532359 32730.561035234481 1689.5618446879089 107.32018995285034 931.44335844647139 251.99675912689418 5.8910228908061972 1078.5350255835801 422.15320501290262 164.24360613524914 26.046120101585984 53.043546319007874 2021.797012980096 21.638370960950855 7.6973834671080104 10587.017269956646 16.774674236774445 1670.6890837308019 4.634126320481303 49.840555839240551 20.596790801733732 988.68977873865515 8.9636666476726514 9.0932607874274236 1012.1357399187982 469.93262664228678 69.528796061873436
leaf_count=15090439 902629 14287 2148328 38857 179361 5187 182 6097 3640 182 6097 3458 1001 364 546 10465 91 182 68068 273 7735 182 364 273 5278 91 273 4095 4186 728
internal_value=-7.85418e-06 0.00117078 -0.00107402 -0.00850723 -0.000175976 -0.0186472 -0.0346614 -0.0398857 0.00662612 -0.108146 -0.027096 -0.0320225 -0.0573351 -0.095914 -0.262974 -0.0290558 -0.0083539 -0.391159 -0.0239326 0.00525496 -0.0556129 -0.0975815 -0.330005 -0.668315 -0.0419109 -0.520533 -0.603016 -0.0709929 -0.130347 -0.322907
internal_weight=1.14886e+06 467999 331565 66749 36642.5 30106.5 3911.95 3804.63 136434 257.888 20392.6 17697.6 4286.27 1812.99 235.344 2473.29 2051.13 29.3358 13411.3 2695.03 2824.3 1153.61 75.0715 25.2309 1005.46 71.1005 62.1368 1577.64 565.508 95.5749
internal_count=18502939 3412500 2506049 357721 199927 157794 20566 20384 906451 3822 118937 108199 25480 11284 1911 14196 10738 273 82719 10738 14651 6916 819 455 5551 910 819 9373 5278 1092
is_linear=0
shrinkage=0.05


Tree=203
num_leaves=31
num_cat=0
split_feature=6 5 12 4 4 4 2 7 11 0 1 11 5 10 1 12 6 12 6 4 12 4 0 6 11 11 12 6 1 12
split_gain=432.972 1062.67 1925.08 1771.04 958.438 3484.8 1352.67 1225.65 1335.62 1832.45 1724.83 1050.46 934.609 982.93 1673.23 1153.39 4537.62 985.068 3359.57 7049.83 958.278 4455.06 913.985 1431.85 901.926 864.782 1545.1 2899.17 1110.79 1143.8
threshold=0.82480818414322254 0.90336728919071885 6.5000000000000009 0.94069986234841318 0.99912280701754397 0.97657880461357338 0.23611111111111113 1.0000000180025095e-35 13.500000000000002 0.62333546462063105 0.11215932914046124 18.500000000000004 0.91704892966360874 1.0000000180025095e-35 0.1980392156862745 9.5000000000000018 0.8377192982456142 2.5000000000000004 0.89087301587301593 0.96843892137751797 11.500000000000002 0.91105120100449632 0.35808694229746868 0.98148148148148151 1.0000000180025095e-35 3.5000000000000004 7.5000000000000009 0.91833333333333345 0.71010186757215632 1.5000000000000002
decision_type=2 2 2 2 2 2 2 2 2 2 2 2 2 2 2 2 2 2 2 2 2 2 2 2 2 2 2 2 2 2
left_child=-1 2 -2 -4 5 12 7 11 9 10 -9 -6 13 14 -3 17 -17 18 -16 -20 -14 -22 23 -15 -12 26 -7 -28 -27 -30
right_child=1 4 3 -5 6 25 -8 8 -10 -11 24 -13 20 22 15 16 -18 -19 19 -21 21 -23 -24 -25 -26 28 27 -29 29 -31
leaf_value=-0.00031680922997113625 0.026298344658335266 -0.087677475086792023 -0.0040726202217428202 0.033560938456808583 0.0082500276029243754 -0.050863939175421105 0.033767174704716893 0.00078637138745957366 0.014241565381206632 0.023132364683278592 0.033074410021711333 -0.018666321694516732 0.011111465208880095 -0.42938839552305846 -0.10247209943321989 -2.6802023879169572 -0.066613138515597331 0.014860905634489769 -6.0023323920186362 0.050178118295634545 -3.0006545766310619 0.050722794196270619 0.031128120708993536 0.055410138386252174 -0.096711804178390037 -0.015862947781750243 -2.5857845379149715 0.050256393730011298 -0.19199544839254029 0.051132821413056799
leaf_weight=1040994.8226879175 12079.128558670869 884.80010676197708 20078.273123797961 3702.7222065126989 30279.086708670482 3608.9122823071666 3551.1751362442737 821.64948998391628 1814.6289523988962 900.868552736938 145.40598894655704 4117.802351988852 14483.553564453032 28.075408518314362 100.84078806638718 1.6659631393849839 526.72316075256094 2092.0248666610569 0.75172411650419158 1.3364771530032158 1.4910690877586592 6.0486683384515345 1284.7418873943388 33.289914757013321 1685.9262541607022 5346.0740258051082 1.725595861673354 2.6370681244879961 176.10408057272434 66.695506204850972
leaf_count=17364711 105378 3913 162981 41223 101192 26299 504595 2093 4004 4914 273 13286 99554 273 1092 91 7098 24661 91 91 91 182 4277 91 6643 21294 91 182 1001 1274
internal_value=-4.41164e-06 0.00301165 0.0100434 0.00178696 -0.000492303 -0.00758772 0.00420027 0.00155985 -0.0206597 -0.0384806 -0.0594025 0.00502775 0.00440873 -0.0143386 -0.0279418 -0.00853393 -0.0748535 0.00743113 -0.143579 -2.12864 0.0108181 -0.552722 0.0221238 -0.166391 -0.0864069 -0.0329378 -0.0520007 -0.992396 -0.0206133 -0.12521
internal_weight=1.14882e+06 107824 35860.1 23781 71964 28647.5 43316.5 39765.4 5368.48 3553.85 2652.98 34396.9 19445.3 4954.25 3608.14 2723.34 528.389 2194.95 102.929 2.0882 14491.1 7.53974 1346.11 61.3653 1831.33 9202.15 3613.27 4.36266 5588.87 242.8
internal_count=18502939 1138228 309582 204204 828646 191646 637000 132405 17927 13923 9009 114478 141505 41678 37037 33124 7189 25935 1274 182 99827 273 4641 364 6916 50141 26572 273 23569 2275
is_linear=0
shrinkage=0.05


Tree=204
num_leaves=31
num_cat=0
split_feature=2 6 7 10 2 0 1 11 9 0 11 4 6 6 5 0 12 4 4 5 4 1 1 6 0 4 11 11 4 5
split_gain=439.646 1262.99 1033.99 796.727 2602.93 1633.32 1146.25 1456.51 1102.02 1166.15 1036.1 1006.57 980.394 1213.46 2162.4 2063.84 2251.25 3834.58 5278.06 1562.71 1538.6 1480.4 1409.59 1242.05 1212.29 3025.27 1412.09 2295.88 5914.31 2020.32
threshold=0.43650793650793657 0.94590643274853814 1.0000000180025095e-35 1.0000000180025095e-35 0.07417582417582419 0.41921134421134426 0.12403846153846156 1.5000000000000002 1.0000000180025095e-35 0.39635934833703595 21.500000000000004 0.85027719744603758 0.81534090909090928 0.25403225806451618 0.55603864734299535 0.38747850017199864 18.500000000000004 0.65157907593968989 0.65057133064651873 0.25681874535085553 0.73093975874921124 0.059714795008912643 0.023532668881506128 0.18834459459459463 0.37895144308187795 0.63663717771683748 20.500000000000004 19.500000000000004 0.6714137082357613 0.37217789848922089
decision_type=2 2 2 2 2 2 2 2 2 2 2 2 2 2 2 2 2 2 2 2 2 2 2 2 2 2 2 2 2 2
left_child=3 2 -2 -1 5 6 8 -8 9 12 -6 -12 13 14 15 21 17 18 23 -15 -16 24 -19 -17 -5 -26 27 29 -29 -27
right_child=1 -3 -4 4 10 -7 7 -9 -10 -11 11 -13 -14 19 20 16 -18 22 -20 -21 -22 -23 -24 -25 25 26 -28 28 -30 -31
leaf_value=-0.002683376573742239 0.0005568552262313405 0.042526600216922311 0.02886292278838043 0.00092737732719866948 0.051189915194879192 -0.04988477743938164 0.16581051871642835 -0.10399242840276893 0.039731744918363517 -0.018704290176047612 0.0882277003045146 -0.11165019808393602 0.010941991716505933 -0.12541359540599112 -0.056510972507876615 0.25317650705005929 0.020266019032142514 0.13325377117752144 1.1555457382313767 -0.0027308331407342769 0.12051435373803468 -0.04770899216626534 -0.052867268192377095 -0.055405120307195237 -0.055734735888712209 0.0022177559374402952 -0.055882108408602887 1.2687093678609624 -0.051727883335269689 0.11975312860586125
leaf_weight=304341.53531312401 683918.71970039315 1808.7422249632655 3241.5454694561195 20194.294735265728 3368.8939610532252 1578.3795734327286 213.35062274152006 65.341883436762146 1819.4877021230641 7444.4590366382035 92.779296398162842 196.15962815284729 23415.942542277277 260.32495668530464 149.85765860229731 243.75955416244688 1911.4696131279343 177.18953281221911 15.641747772693632 89287.245312591083 678.36522174999118 1417.7014560156167 238.8686527996615 37.645278856158257 635.74494014332595 571.2708479349385 195.72326594448532 14.308280486147849 20.819711268879473 1015.6050234062131
leaf_count=9998261 6664658 483210 137774 475111 11739 35217 364 1820 8554 80080 91 910 95732 1729 2275 10556 40404 273 91 319501 2821 51233 14287 455 34125 14196 10283 273 1456 5460
internal_value=1.23957e-06 0.000800216 0.000690384 -0.00119647 0.00171816 0.000712553 0.00124488 0.102553 0.00105633 0.000580627 0.0433967 -0.0474687 0.00160258 -0.000265524 0.00891746 0.00644843 0.0485503 0.124366 0.261586 -0.00308749 0.0884836 0.00185681 0.0263974 0.211896 0.00495952 0.0381477 0.0709829 0.0862914 0.486111 0.0774407
internal_weight=1.14857e+06 688969 687160 459602 155261 151603 150024 278.693 149746 147926 3657.83 288.939 140482 117066 27518.3 26690 2624.57 713.105 297.047 89547.6 828.223 24065.5 416.058 281.405 22647.8 2453.47 1817.73 1622 35.128 1586.88
internal_count=18502939 7285642 6802432 11217297 1219036 1206296 1171079 2184 1168895 1160341 12740 1001 1080261 984529 663299 658203 66066 25662 11102 321230 5096 592137 14560 11011 540904 65793 31668 21385 1729 19656
is_linear=0
shrinkage=0.05


Tree=205
num_leaves=31
num_cat=0
split_feature=8 11 9 2 2 2 0 11 6 1 11 11 4 4 5 12 1 5 0 6 6 0 1 12 4 12 11 1 0 1
split_gain=424.681 425.595 1114.79 2986.43 2821.23 1623.05 1310.2 1173.63 1250.31 1013.71 992.266 1153.2 826.648 1200.82 989.873 1079.45 946.991 1062.6 812.594 922.851 1045.92 862.192 957.849 850.409 805.311 1098.56 764.4 736.691 1634.39 1785.15
threshold=1.0000000180025095e-35 8.5000000000000018 1.0000000180025095e-35 0.26136363636363641 0.63068181818181823 0.78888888888888908 0.93135579017931969 10.500000000000002 0.69397993311036799 0.73746867167919816 15.500000000000002 13.500000000000002 0.87661889473430366 0.88578179283369018 0.80569039913700113 4.5000000000000009 0.46770833333333339 0.28215467328370558 0.68817201317201315 0.43875000000000003 0.20942982456140355 0.91147186147186166 0.64611005692599621 14.500000000000002 0.89409924340816793 1.0000000180025095e-35 11.500000000000002 0.045983086680761072 0.36339188453159038 0.04040816326530617
decision_type=2 2 2 2 2 2 2 2 2 2 2 2 2 2 2 2 2 2 2 2 2 2 2 2 2 2 2 2 2 2
left_child=-1 27 9 -4 10 7 -7 8 12 -3 11 -5 16 -14 -15 -16 -6 -18 26 20 -20 22 23 24 25 -21 -9 28 29 -2
right_child=1 2 3 4 5 6 -8 18 -10 -11 -12 -13 13 14 15 -17 17 -19 19 21 -22 -23 -24 -25 -26 -27 -28 -29 -30 -31
leaf_value=-0.052151017146173886 -0.012305328150903223 -0.0002253087440060789 -0.040037381234366301 0.012289988261978248 0.11311033336848773 0.057774550823779351 -0.09391010515116037 -0.0093434959727517579 -0.080048876452394363 -0.034612422367816156 0.043893175612684465 -0.047132664613438145 0.070762843641157716 -0.085723156671344961 -0.052029892597219768 0.057643393258521441 0.03556610235373573 -0.059500709918100893 0.065088518654700056 0.10702543685295861 -0.1020332071839531 -0.079662206848471834 0.10259978771145424 0.11651522322813897 0.029532235728822093 -0.081739358660258568 -0.11338923550208041 0.00031806655632521781 0.017562460965973224 -0.17273850458782966
leaf_weight=390.24399436218664 3166.0006873382663 216510.97238163376 6779.3429151971359 9522.6579139617388 93.192021131515503 970.30147131625563 166.84108141553588 444.85827088356018 1511.8336805328727 2164.6310611441731 2237.6882753485115 893.04198123258539 440.19270557165146 441.58127707242966 426.39302505552769 473.50520867109299 331.27926957583986 2607.5602659052238 129.78710635332391 94.054039359092712 335.96535708010197 191.16902281576768 383.56814354658127 183.42670238018036 960.71951981540769 426.99361623823643 292.66007132362574 880432.79555825191 14899.26496422707 183.43686886847718
leaf_count=651105 51688 3893617 422604 44226 91 4186 1456 1274 7553 11102 24570 12831 910 2093 2730 910 2275 12831 1092 91 1547 1183 1365 182 3731 2093 1456 13162240 177996 1911
internal_value=-3.98145e-07 1.73343e-05 -0.0018118 -0.0107935 -0.00237835 -0.0210156 0.0355194 -0.0275966 -0.040383 -0.000565701 0.013685 0.00719509 -0.0279252 -0.000895333 -0.0244092 0.0056776 -0.0438084 -0.0487843 -0.00410657 0.00857502 -0.0554629 0.0218905 0.0313664 0.0149581 0.00238647 -0.0476655 -0.0506307 0.000524166 0.0104677 -0.0210917
internal_weight=1.14809e+06 1.1477e+06 249014 30338.6 23559.3 10905.9 1137.14 9768.74 6325.54 218676 12653.4 10415.7 4813.7 1781.67 1341.48 899.898 3032.03 2938.84 3443.2 2705.68 465.752 2239.93 2048.76 1665.19 1481.77 521.048 737.518 898681 18248.7 3349.44
internal_count=18502939 17851834 4457999 553280 130676 49049 5642 43407 29393 3904719 81627 57057 21840 6643 5733 3640 15197 15106 14014 11284 2639 8645 7462 6097 5915 2184 2730 13393835 231595 53599
is_linear=0
shrinkage=0.05


Tree=206
num_leaves=31
num_cat=0
split_feature=4 5 11 6 4 12 12 0 5 1 2 12 2 11 5 6 11 0 4 0 4 5 1 12 6 6 12 0 11 0
split_gain=424.871 1691.12 1087.36 1068.78 967.357 1459.5 901.411 980.007 917.604 1359.91 1416.81 842.59 1092.66 790.858 1161.77 1320.94 1132.07 1040.82 1026.2 2025.97 829.93 757.499 1245.69 1881.79 1567.26 1226.13 1798.95 1432.8 1140.81 887.392
threshold=0.86217891839009864 0.73363914373088701 27.500000000000004 0.56385869565217395 0.93438591387872816 13.500000000000002 15.500000000000002 0.61761982570806107 0.58740079365079378 0.077935222672064777 0.30952380952380959 21.500000000000004 0.47222222222222227 7.5000000000000009 0.66807909604519788 0.69397993311036799 19.500000000000004 0.36612436612436622 0.91105120100449632 0.48700846318695296 0.91341179135247119 0.61170759565962318 0.14854215918045707 7.5000000000000009 0.54195804195804198 0.37268518518518523 1.0000000180025095e-35 0.91147186147186166 4.5000000000000009 0.38891033891033894
decision_type=2 2 2 2 2 2 2 2 2 2 2 2 2 2 2 2 2 2 2 2 2 2 2 2 2 2 2 2 2 2
left_child=-1 2 3 4 21 -6 13 8 -8 -10 -11 -3 -13 17 16 -16 18 20 -15 -20 -5 22 23 24 -2 26 27 -24 29 -25
right_child=1 11 -4 6 5 -7 7 -9 9 10 -12 12 -14 14 15 -17 -18 -19 19 -21 -22 -23 25 28 -26 -27 -28 -29 -30 -31
leaf_value=-0.00083623295147724314 -0.07759297885528614 -6.5617429615354026e-05 -0.10391518606943198 -0.099752715585693957 0.050276289713218625 -0.36443331511749189 0.070138272825727696 0.024051169067147715 -0.0013723664813375335 -0.093940403337947273 0.054796744803740666 -0.075673735536754952 0.05194508022439235 0.044203029061417362 -0.026866410223222871 0.027754088106783904 -0.15845053263410719 0.025736663722130789 -0.68737510949486369 -0.02881408324282312 -0.70736588324257799 -0.0017184875081990671 -0.052937614907887724 -0.20133948030822069 0.076028145156203486 0.036551358659821578 -0.0018574333088211548 -0.94242679791266948 0.035042501710337425 -0.020043140212209008
leaf_weight=654098.52275911882 1216.2075032900902 413180.12099873176 217.24952247063629 93.897932596504688 1400.4440651927143 21.541988112032413 258.85949695110321 2005.2830854970962 1869.3187363818288 990.58997634798288 190.97473911195993 744.74997391551733 216.47598613426089 2726.4443082083017 3350.2263627685606 1653.0898080393672 77.444834426045418 18033.582980478648 12.260352373123167 246.02046034485102 5.9776479229331008 33976.535176434554 8.9674599887803215 75.829417414963245 192.27489972114563 5762.9517915323377 2458.6084631597623 9.1436309739947301 1910.1712736502523 614.1654691491276
leaf_count=15050308 9373 2903264 1820 455 6643 182 546 20657 7553 5187 637 4004 2821 9464 14560 5915 455 186277 182 1183 91 193011 273 455 455 46501 21749 182 6006 2730
internal_value=-5.71718e-07 0.00110699 0.00779243 0.008099 0.00337408 0.0439938 0.0152427 -0.00353181 -0.0202436 -0.0279122 -0.0699002 -0.000174397 -0.0469329 0.0190515 0.00602581 -0.00881986 0.0302823 0.0248452 0.0351794 -0.0600754 -0.136119 0.00212453 0.012785 -0.0100759 -0.0566218 0.0239069 -0.0055148 -0.502008 0.0151375 -0.0399673
internal_weight=1.14762e+06 493519 79378.1 79160.8 47646.8 1421.99 31514 5315.03 3309.74 3050.88 1181.56 414141 961.226 26198.9 8065.49 5003.32 3062.17 18133.5 2984.73 258.281 99.8756 46224.9 12248.3 4008.65 1408.48 8239.67 2476.72 18.1111 2600.17 689.995
internal_count=18502939 3452631 542542 540722 287560 6825 253162 34580 13923 13377 5824 2910089 6825 218582 31759 20475 11284 186823 10829 1365 546 280735 87724 19019 9828 68705 22204 455 9191 3185
is_linear=0
shrinkage=0.05


Tree=207
num_leaves=31
num_cat=0
split_feature=12 6 5 4 12 1 5 0 12 12 12 12 12 5 12 4 6 6 6 11 6 5 4 5 12 11 0 4 12 0
split_gain=418.232 408.076 1564.21 1388.85 1346.39 1543.02 1268.7 1585.89 1333.66 1248.41 1242.94 1445.33 1040.59 1496.1 1280.9 1159.39 1048.94 1176.31 1018.87 1085.12 994.767 2697.52 1885.02 1720.4 1493.21 1409.59 2071.02 1308.6 1411.6 2101.76
threshold=157.50000000000003 0.65301003344481623 0.87108993157380266 0.94069986234841318 5.5000000000000009 0.20864427860696524 0.83398950131233607 0.38224867724867734 6.5000000000000009 14.500000000000002 9.5000000000000018 10.500000000000002 15.500000000000002 0.88935969868173259 9.5000000000000018 0.90795562770562788 0.84807692307692317 0.7633053221288516 0.92450142450142458 15.500000000000002 0.62731481481481499 0.66807909604519788 0.81068356246927686 0.68304757304998798 2.5000000000000004 8.5000000000000018 0.42224418093983324 0.93123244500198898 4.5000000000000009 0.94672705314009675
decision_type=2 2 2 2 2 2 2 2 2 2 2 2 2 2 2 2 2 2 2 2 2 2 2 2 2 2 2 2 2 2
left_child=1 20 3 10 -5 6 7 -6 -8 -10 -3 -12 14 -14 -4 -15 17 -16 -13 -20 -1 25 23 -23 -24 26 -22 -26 29 -29
right_child=-2 2 12 4 5 -7 8 -9 9 -11 11 18 13 15 16 -17 -18 -19 19 -21 21 22 24 -25 27 -27 -28 28 -30 -31
leaf_value=-0.00035017707204061904 -0.24840304514960981 0.0074399457334312653 -0.00074593858594622061 -0.002646985025887675 0.039608351207851424 0.039113679570013986 -0.05078123103387875 -0.073408385053792588 0.059851038718445139 -0.12585466918605584 -0.021830260918143399 0.002333921901732261 0.12057097254135463 -1.2850717020108482 0.0089933632534942264 0.050418558165608557 -0.0074703101062979357 -0.064431794799117079 -0.088708164739149498 0.067575901277106901 -0.20825929205068094 -0.31261812033147868 0.012043798308281662 -0.054137365221805858 -0.018492291638215648 0.072308732029957662 0.017622411375505617 -0.077808290710073169 -0.051180548792623716 -0.4385691070283903
leaf_weight=790506.35197008634 16.944790656678379 79097.042547355231 188568.02352435159 5134.5364020080306 459.21532396972179 8651.9374135860708 443.47196052223444 957.87773085385561 1405.8240626007318 96.726021409034729 8251.8916525957175 37889.809193483554 243.28448618389666 3.4028972424566737 734.25046066939831 3.1107258200645447 4927.8371248540934 2121.6278703138232 569.4817789257504 137.9783790782094 111.38129607588053 66.190795216709375 4026.8057333584875 2345.7174401208758 7240.4759645266458 1268.7572590112686 1141.0358832608908 108.32806625217199 640.42827056627721 64.357758110389113
leaf_count=15718794 364 561379 1567748 52143 1729 119392 2184 4823 3822 455 55055 259441 637 91 3003 91 42679 13013 5915 455 637 819 19201 12831 37947 2821 11102 546 3094 728
internal_value=3.2859e-07 3.99759e-06 0.00145794 0.00543491 0.018784 0.0279423 -0.000797159 -0.0367848 0.025409 0.0478963 0.00361722 -0.00283682 -0.00143668 0.100549 -0.00156642 -0.647279 -0.0214434 -0.0455541 0.00122387 -0.0582275 -0.00060763 -0.0125698 -0.0208738 -0.0612309 -0.0128163 0.0351637 -0.00246594 -0.0252465 -0.0853898 -0.212259
internal_weight=1.14723e+06 1.14722e+06 339697 143096 17149.6 12015.1 3363.12 1417.09 1946.02 1502.55 125946 46849.2 196602 249.798 196352 6.51362 7783.72 2855.88 38597.3 707.46 807520 17013.5 14492.3 2411.91 12080.4 2521.17 1252.42 8053.59 813.114 172.686
internal_count=18502939 18502575 2694055 1066793 184548 132405 13013 6552 6461 4277 882245 320866 1627262 819 1626443 182 58695 16016 265811 6370 15808520 89726 75166 13650 61516 14560 11739 42315 4368 1274
is_linear=0
shrinkage=0.05


Tree=208
num_leaves=31
num_cat=0
split_feature=6 4 4 12 5 12 1 0 11 2 1 12 4 0 6 5 7 11 0 1 2 11 5 4 5 4 6 4 5 1
split_gain=407.265 994.61 2838.99 1786.74 1313.64 3166.6 1229.14 1963.35 1284.39 1214.28 1190.81 1140.9 1503.6 1200.26 1199.54 1105.57 1091.94 1232.78 1255.65 1519.2 1024.51 1071.15 1560.69 1521.44 1015.34 1061.01 1026.42 3723.39 979.043 1103.32
threshold=0.82480818414322254 0.97210656064751488 0.99912280701754397 9.5000000000000018 0.91704892966360874 1.5000000000000002 0.20864427860696524 0.38891033891033894 8.5000000000000018 0.23611111111111113 0.26138716356107666 12.500000000000002 0.8913727434087354 0.36339188453159038 0.86811594202898557 0.85516781083142657 1.0000000180025095e-35 11.500000000000002 0.62609461688409074 0.15655637254901963 0.07417582417582419 11.500000000000002 0.92340286831812268 0.91341179135247119 0.87545620437956218 0.79885892921026314 0.86038961038961048 0.88286091815161594 0.92888748419721889 0.42997198879551829
decision_type=2 2 2 2 2 2 2 2 2 2 2 2 2 2 2 2 2 2 2 2 2 2 2 2 2 2 2 2 2 2
left_child=-1 3 4 6 5 -3 7 -2 10 16 -8 12 14 -13 24 -15 -4 18 19 -18 21 23 -23 -9 26 -26 -5 -28 -6 -30
right_child=1 2 9 11 28 -7 8 20 -10 -11 -12 13 -14 15 -16 -17 17 -19 -20 -21 -22 22 -24 -25 25 -27 27 -29 29 -31
leaf_value=-0.00030101467161476782 0.021387991124650299 -0.87925887053629936 0.0048344817901811374 -0.039469994709963596 -0.072188278713072623 0.02427399203587095 0.060645985781006301 -0.07793305399081589 -0.0029416488227954995 0.032834749342642681 0.022655132019249458 -0.073686738091785733 -0.0033713090027662727 0.0062405635599469171 -0.0074281885229027502 0.062004541085698507 -0.021163929441740757 0.0082556397463540345 0.01518805999714431 -0.10271613804223748 0.033280189717057505 0.03868727864804164 -0.091448989438824096 -0.016227013677884497 0.060172107721684479 -0.14426854839670419 0.05061638903360275 -2.7315416871299365 -0.0081175093201588909 -0.044580295983184678
leaf_weight=1039792.4029756139 7736.5100216399878 9.7590104155242425 34259.73750417307 1189.413532724604 1264.2904575611465 1530.7337002125569 2412.4267044439912 1321.701952856034 4145.6338743278757 3364.9509902817663 14225.679537015269 352.50222250074148 8721.9173117571045 3096.531433376018 1324.5555445756763 1246.6793422875926 1241.9973088800907 2299.2890949100256 767.82392672076821 1057.11445235461 1004.0618648678064 1295.5913440063596 280.2168377712369 4090.6303000394255 71.558668747544289 561.00827379152179 4.545224215835332 1.6352353729307649 4487.7949339412153 3858.2368913665414
leaf_count=17364711 28756 182 114478 7280 9828 15470 5096 6734 17927 504595 216034 1547 84721 25116 9009 7280 3458 5369 4732 4368 3094 3549 1365 12831 182 3094 91 91 14469 27482
internal_value=1.53559e-06 0.00293547 -0.0018328 0.00779885 -0.0243141 0.0185501 0.0139786 0.00343309 0.0219592 0.00399831 0.0281636 -0.00581804 -0.0140683 0.0150455 -0.0436614 0.0222471 0.00154958 -0.0194223 -0.0401725 -0.058661 -0.0139474 -0.0207331 0.0155459 -0.0312957 -0.0699133 -0.121141 -0.0428095 -0.685491 -0.031185 -0.0249737
internal_weight=1.14702e+06 107225 54141.7 53082.8 11150.8 1540.49 36512.5 15728.7 20783.7 42990.9 16638.1 16570.3 11874.6 4695.71 3152.72 4343.21 39626 5366.22 3066.94 2299.11 7992.2 6988.14 1575.81 5412.33 1828.16 632.567 1195.59 6.18046 9610.32 8346.03
internal_count=18502939 1138228 704431 433797 67431 15652 295386 56329 239057 637000 221130 138411 104468 33943 19747 32396 132405 17927 12558 7826 27573 24479 4914 19565 10738 3276 7462 182 51779 41951
is_linear=0
shrinkage=0.05


Tree=209
num_leaves=31
num_cat=0
split_feature=2 6 7 0 0 4 6 4 5 12 5 4 5 12 6 9 6 4 4 4 0 0 6 6 4 4 4 5 6 12
split_gain=414.428 1146.79 952.113 746.595 1937.99 1073.25 797.428 771.679 2425.38 1345.15 1972.63 2247.23 1449.96 2824.56 1918.79 1623.5 1591.29 3636.54 7396.29 2013.46 6730.92 1663.8 1369.62 1320.96 3692.33 3603.2 1129.74 4505.64 2196.35 1684.23
threshold=0.43650793650793657 0.94590643274853814 1.0000000180025095e-35 0.58305485937064894 0.59606410746116645 0.75600130307653191 0.2834821428571429 0.85433160035260658 0.59537185660781178 7.5000000000000009 0.83398950131233607 0.91605170333264907 0.88935969868173259 8.5000000000000018 0.78019323671497598 1.0000000180025095e-35 0.85357142857142865 0.89666399019002252 0.89409924340816793 0.91341179135247119 0.99772727272727291 0.91663398692810472 0.86811594202898557 0.58957219251336912 0.93438591387872816 0.9579003598740442 0.78710929072559799 0.48584779706275044 0.79057017543859665 6.5000000000000009
decision_type=2 2 2 2 2 2 2 2 2 2 2 2 2 2 2 2 2 2 2 2 2 2 2 2 2 2 2 2 2 2
left_child=-1 2 3 5 -5 -2 -7 26 -9 -10 -11 12 22 15 -15 16 -14 18 -18 21 -21 -19 -12 24 -13 -26 -6 -28 -29 -30
right_child=1 -3 -4 4 7 6 -8 8 9 10 11 23 13 14 -16 -17 17 19 -20 20 -22 -23 -24 -25 25 -27 27 28 29 -31
leaf_value=-0.0011614437726334256 0.034978946387111999 0.041970646190664845 0.028124251716928783 -0.1103532358531959 0.00039180760160179143 -0.13509650722197128 0.0050067972995080576 0.032106853325492575 -0.00030930005359165687 0.012505904497560545 -0.031550493756586827 -0.038122429861396467 -0.28064512871611286 -0.32952463804444393 -0.030059600115669369 -0.058000510915630701 -1.2110366379267739 -0.81813748334255443 -7.0361987704045621 -5.6046069564654992 0.050202922484947933 0.050597764601737351 0.044404230705925835 0.015485293445630974 -2.1766990584564394 -0.40843372508018039 0.031502580767802449 -0.011924685721777486 0.035193333813081443 -0.020787179114271675
leaf_weight=458611.69289840024 3728.7199718679767 1685.540345053887 3145.2877005133778 395.36362222756725 316344.14266513614 102.60785668343306 9972.1772864460945 6729.9068673113361 197229.06375993695 49735.681457134895 4528.6129335016012 71.767766686156392 54.116658017039299 58.18030122667551 663.54184920480475 41.808563904836774 3.601992096751931 10.440240204334264 0.64206075994297851 0.80458960775285882 1.521077323704958 11.674478428438304 683.03209069184959 5524.4851183155552 4.0846070572733852 9.7763574570417404 7323.3497591828927 73505.699482572265 4518.5328005189076 1912.1887804223225
leaf_count=11217297 37037 483210 137774 2457 4385654 546 28119 61152 1187368 392301 32396 273 546 546 9100 910 91 182 91 91 91 273 18200 66612 182 91 38493 338247 50778 12831
internal_value=2.8365e-06 0.000778934 0.00067777 0.000551407 0.000314043 0.0120617 0.0035799 0.000379448 0.00247377 0.00170269 0.00816519 -0.0103372 -0.0314535 -0.0921552 -0.0542004 -0.311984 -0.440227 -0.741298 -2.0923 -0.506698 -1.90614 -0.359527 -0.021596 0.0124647 -0.182414 -0.929514 -0.000997534 -0.00603434 -0.00947327 0.0185474
internal_weight=1.14661e+06 687996 686311 683166 669362 13803.5 10074.8 668967 265363 258633 61403.8 11668.1 6057.98 846.332 721.722 124.61 82.8011 28.6844 4.24405 24.4404 2.32567 22.1147 5211.65 5610.11 85.6287 13.861 403604 87259.8 79936.4 6430.72
internal_count=18502939 7285642 6802432 6664658 6598956 65702 28665 6596499 1770496 1709344 521976 129675 62517 11921 9646 2275 1365 819 182 637 182 455 50596 67158 546 273 4826003 440349 401856 63609
is_linear=0
shrinkage=0.05


Tree=210
num_leaves=31
num_cat=0
split_feature=8 0 2 2 5 6 9 11 5 5 4 12 6 4 6 2 6 5 6 6 5 12 6 0 1 12 6 4 4 6
split_gain=402.873 400.616 1586.36 1407.26 2942.61 1127.62 868.652 1628.22 1254.8 1125.56 1050.33 972.309 937.095 1021.67 925.788 938.26 890.732 866.894 1458.19 857.258 1258.28 818.604 1178.8 809.208 794.597 771.277 1430.35 1364.56 1055.42 873.714
threshold=1.0000000180025095e-35 0.93135579017931969 0.88194444444444453 0.73214285714285732 0.47304562627143282 0.8973684210526317 1.0000000180025095e-35 4.5000000000000009 0.42912946428571436 0.40930735930735934 0.77034296658459778 10.500000000000002 0.17752100840336138 0.5403909112509756 0.70710784313725505 0.88194444444444453 0.098387096774193564 0.26202034211742953 0.12060606060606062 0.24621212121212124 0.41696642685851321 3.5000000000000004 0.14119601328903655 0.99772727272727291 0.95916666666666683 1.0000000180025095e-35 0.86811594202898557 0.987266214824983 0.90243157918559957 0.42582417582417587
decision_type=2 2 2 2 2 2 2 2 2 2 2 2 2 2 2 2 2 2 2 2 2 2 2 2 2 2 2 2 2 2
left_child=-1 2 -2 4 -3 6 -5 8 9 10 11 12 17 -14 15 -9 -10 18 -8 20 -11 22 -20 -13 -6 26 29 -28 -27 -18
right_child=1 3 -4 5 24 -7 7 14 16 19 -12 23 13 -15 -16 -17 25 -19 21 -21 -22 -23 -24 -25 -26 28 27 -29 -30 -31
leaf_value=-0.052049023848979317 -0.001105636801318771 0.03758805125143666 0.035998345249664818 -0.00090647923974769779 0.0014740665739212224 0.035155189499415478 -0.030320044197629521 -0.073023257729546126 0.073819919634333972 -0.15071468959627995 0.055750922546939301 -0.18438323814311974 -0.32368784006971923 0.0056126823223433637 0.017120442204752295 0.044566678855555097 0.067056803312442501 -0.056509634691971879 0.35130151676720195 -0.0043785669568454332 -0.023837366492054236 -0.073341510523374384 0.07538322782479806 0.0030166689875419923 0.034645077075994964 0.0067688763280578284 0.050700948727900132 -0.57577978841327515 0.023409704971444248 -0.01548990656187707
leaf_weight=371.50267907581292 564482.30070754013 7770.7437540139654 2895.4902614091989 424323.16905561311 31160.66324517777 2307.0001573385671 1493.8877155501395 1387.2721844944172 556.36418591439724 340.68625250831246 870.36927510239184 57.670235626399517 23.733084447681904 3123.9483655840158 541.27952425554395 193.27137480955571 352.21864917129278 1995.1884070865344 46.472315050661564 785.35393408313394 458.25683780387044 66.887483809143305 231.74575544893742 51057.929370480822 1916.4178414922208 29754.509003306273 14.532931767404078 21.626475062221289 14016.902704041451 3566.4249046766199
leaf_count=651105 11181625 62153 16289 4329871 278278 423514 262080 7735 819 2457 7371 455 182 10920 2002 1001 1911 55965 273 5551 2275 819 455 417053 16744 401856 273 273 324688 36946
internal_value=1.08285e-05 2.77076e-05 -0.000916285 0.000953656 0.00990051 0.00027384 0.000123505 0.0040624 0.00490811 0.00011405 0.00123143 0.000414663 -0.0170872 0.0031298 -0.0393165 -0.0586442 0.0109204 -0.0336844 -0.00892055 -0.041475 -0.0779405 0.0837133 0.121471 0.00280524 0.00339593 0.0101872 -0.0109589 -0.323989 0.0120978 -0.00807038
internal_weight=1.14618e+06 1.14581e+06 567378 578435 40847.8 537587 535280 110957 108835 60552.1 58967.8 58097.5 6981.86 3147.68 2121.82 1580.54 48282.6 3834.18 1838.99 1584.3 798.943 345.106 278.218 51115.6 33077.1 47726.2 3954.8 36.1594 43771.4 3918.64
internal_count=18502939 17851834 11197914 6653920 357175 6296745 5873231 1543360 1532622 765856 755573 748202 330694 11102 10738 8736 766766 319592 263627 10283 4732 1547 728 417508 295022 765947 39403 546 726544 38857
is_linear=0
shrinkage=0.05


Tree=211
num_leaves=31
num_cat=0
split_feature=1 11 4 10 1 1 12 0 6 12 12 1 6 5 4 1 4 5 0 1 11 11 5 0 5 10 12 5 11 0
split_gain=395.881 1006.46 1342.08 1306.64 1556.66 1274.84 852.16 797.205 1364.33 1391.91 2202.84 1081.56 910.865 1298.97 1047.54 1011.51 896.773 1534.84 786.257 778.41 639.829 1313.15 1583 1177.44 1387.32 1546.42 1274.41 837.682 680.01 1351.31
threshold=1.0000000180025095e-35 23.500000000000004 0.89666399019002252 1.0000000180025095e-35 0.028174603174603189 0.025320512820512845 4.5000000000000009 0.30349511599511608 0.24621212121212124 20.500000000000004 21.500000000000004 0.17425810904071778 0.72902097902097907 0.77823315118397096 0.8913727434087354 0.065942028985507231 0.90243157918559957 0.75721220527045785 1.0000000180025095e-35 0.028174603174603189 25.500000000000004 27.500000000000004 0.26837452938287776 0.38747850017199864 0.32960789210789221 1.0000000180025095e-35 44.500000000000007 0.33442982456140358 2.5000000000000004 0.43814559623383159
decision_type=2 2 2 2 2 2 2 2 2 2 2 2 2 2 2 2 2 2 2 2 2 2 2 2 2 2 2 2 2 2
left_child=20 5 19 -4 6 -2 -5 8 -7 12 -11 -12 13 16 -14 -16 17 -10 -15 -3 23 -22 -23 24 -1 26 -26 -27 -25 -30
right_child=1 2 3 4 -6 7 -8 -9 9 10 11 -13 14 18 15 -17 -18 -19 -20 -21 21 22 -24 28 25 27 -28 -29 29 -31
leaf_value=-0.078148172917029052 -0.070354816715522989 -0.017283389660308467 0.025311759433030663 0.018218397571450346 -0.10983808536022795 -0.072891490130602574 -0.061155027192826977 -1.3594304454534243e-05 -0.0024380044296034007 0.50062639606408155 -0.056055768848789461 0.13274042492741583 -0.15420828260658995 0.043629653630323402 -0.14720159617195078 0.013837299968281688 0.088288235551111607 -0.34249538097196131 0.12697425555155611 -0.054669403483740754 0.058724077967210499 0.080924228441266177 -0.025020156844911434 0.010693119808991375 -0.043022761595309197 0.11415941544128352 0.11698755350779699 0.0069522233912424807 0.071127852044858011 -0.064123218004796714
leaf_weight=663.77592712012847 642.871274539968 3724.2724357584702 2943.197927265428 1198.2768995314837 440.6152640581131 365.32675306173041 471.09242168068886 1108715.4998971559 1373.033952337224 33.997120105661452 104.89009109232575 274.06996440887451 125.02691061794758 806.50500237196684 107.8737521469593 1014.9130472512916 273.51981867104769 34.003419175744057 435.92899016663432 2223.5490210871467 1662.0439431431005 454.62282578909071 1570.9528444681782 5301.1318100864082 2542.3776745757641 187.72825780138373 130.84205244854093 6198.2841062368825 1177.3384208111092 219.03557010585791
leaf_count=62517 7462 81445 18382 3549 2184 69615 1820 17808973 10829 273 2275 455 637 2457 546 4095 546 273 728 225316 7917 6734 15015 88725 29211 637 1001 25298 13741 10283
internal_value=1.08325e-05 -0.000113424 -0.0151628 0.00378419 -0.0262444 3.51505e-05 -0.00418061 7.57837e-05 0.0200986 0.0275099 0.115073 0.0804847 0.0188402 0.034107 -0.0169222 -0.0016348 0.00544766 -0.0106561 0.0728725 -0.0312599 0.0069646 0.0257853 -0.00124186 0.00273796 -0.00837429 -0.00326191 -0.035191 0.0101038 0.01887 0.0499123
internal_weight=1.14542e+06 1.12531e+06 11001 5053.18 2109.98 1.11431e+06 1669.37 1.11366e+06 4949.09 4583.76 412.957 378.96 4170.8 2922.99 1247.81 1122.79 1680.56 1407.04 1242.43 5947.82 20108.1 3687.62 2025.58 16420.5 9723.01 9059.23 2673.22 6386.01 6697.51 1396.37
internal_count=18502939 18241860 332696 25935 7553 17909164 5369 17901702 92729 23114 3003 2730 20111 14833 5278 4641 11648 11102 3185 306761 261079 29666 21749 231413 118664 56147 30212 25935 112749 24024
is_linear=0
shrinkage=0.05


Tree=212
num_leaves=31
num_cat=0
split_feature=6 4 5 12 12 4 1 5 0 1 5 6 12 4 0 5 4 0 6 1 0 0 0 4 12 4 11 0 5 2
split_gain=384.615 925.939 2549.75 2032.28 1644.95 1445.94 1511.3 1375.57 1211.3 1328.39 1828.81 1156.98 1033.1 1270.54 1066.23 1061.22 1017.69 999.579 1463.93 1974.68 1806.62 1334.7 2337.76 2478.99 2060.47 1487.55 1230.12 1742.7 1621.55 2384.51
threshold=0.82480818414322254 0.97210656064751488 0.97969490826633698 2.5000000000000004 9.5000000000000018 0.99222761596548015 0.045983086680761072 0.92888748419721889 0.57032432259414378 0.056349206349206378 0.88935969868173259 0.86038961038961048 12.500000000000002 0.8913727434087354 0.36339188453159038 0.85516781083142657 0.987266214824983 0.57532101553840698 0.90238095238095251 0.035098522167487663 0.36612436612436622 0.63011417870752917 0.63196015585721488 0.90526678215525103 3.5000000000000004 0.79885892921026314 3.5000000000000004 0.92128008192524324 0.83889506859473506 0.63068181818181823
decision_type=2 2 2 2 2 2 2 2 2 2 2 2 2 2 2 2 2 2 2 2 2 2 2 2 2 2 2 2 2 2
left_child=-1 4 3 5 11 6 7 -3 9 -5 -11 -2 13 -6 -14 -16 -4 18 19 -13 -21 -19 -23 24 -24 -26 -27 -28 29 -29
right_child=1 2 16 8 12 -7 -8 -9 -10 10 -12 17 14 -15 15 -17 -18 21 -20 20 -22 22 23 -25 25 26 27 28 -30 -31
leaf_value=-0.00028347311526993012 0.022642639472847885 -0.43335407740258003 0.07366309450655345 0.019692773472964366 -0.040139876034673214 -0.0107678719103226 -0.11361319953515268 0.0060342283746415018 0.019459788986923951 0.065746511045973163 -0.082497985520393058 0.028628961256513503 -0.068220252551793856 -0.0033309803303111711 0.0059743905061129888 0.06140729051298869 0.001791014563790577 0.054157090483222314 0.015870371814445294 -0.19309946378329593 -0.033542278833094866 -0.29362337774123415 -0.1489145081965729 0.027307987808233972 -0.47783292267719379 0.029214113111914436 -0.16559862465799796 -2.1667793264818651 0.053742989224611959 0.05039875187440012
leaf_weight=1038658.0610441125 17829.743549472245 18.527570560574532 497.83568480610847 801.54249758273363 3209.1070327581838 906.6429601572454 1412.3040651129559 461.55181530117989 2086.5855512935668 246.54841776192188 1332.0599819961935 1366.6957122087479 358.91864741593599 8699.7852502143942 3083.323041123338 1199.1895685964264 46243.876262241916 1898.5907575264573 4204.4910860415548 185.86561417579651 3898.7736477237195 64.212341248989105 362.4317497392185 4912.6850427417085 17.042962670326233 810.80322329048067 240.68897971790284 2.05143436230719 203.56615043804049 2.9658552594482899
leaf_count=17364711 148330 182 1365 3003 19747 3731 8736 1274 28847 455 6279 4823 1547 84721 25116 7280 650559 3822 16289 1092 14924 455 3185 88270 182 11102 1638 91 1092 91
internal_value=1.00194e-05 0.00287078 -0.00172681 -0.029282 0.00759581 -0.0626871 -0.0875617 -0.010923 -0.00834915 -0.0327282 -0.059345 0.0135938 -0.0054511 -0.0132499 0.014559 0.0214967 0.00255651 0.00471479 -0.00629779 -0.0233956 -0.0408027 0.0172028 0.00659873 0.00954092 -0.0436956 -0.0138357 -0.00755998 -0.0739263 0.0318564 -0.856146
internal_weight=1.14522e+06 106558 54007.5 7265.76 52550.9 2799.03 1892.38 480.079 4466.74 2380.15 1578.61 36000.6 16550.3 11908.9 4641.43 4282.51 46741.7 18170.9 9655.83 5451.33 4084.64 8515.04 6616.45 6552.24 1639.55 1277.12 1260.08 449.272 208.583 5.01729
internal_count=18502939 1138228 704431 52507 433797 13923 10192 1456 38584 9737 6734 295386 138411 104468 33943 32396 651924 147056 37128 20839 16016 109928 106106 105651 17381 14196 14014 2912 1274 182
is_linear=0
shrinkage=0.05


Tree=213
num_leaves=31
num_cat=0
split_feature=8 0 2 4 4 2 9 1 2 9 11 11 10 1 0 1 11 12 4 4 0 5 0 1 11 7 0 1 11 1
split_gain=382.111 372.252 2882.85 2128.68 3078.95 2018.05 1713.89 1834.81 1659.51 2684.28 2833.83 2566.75 2155.1 1905.05 1788.76 1717.57 4133.66 1935.54 1745.36 1618.42 1615.81 1613.46 1608.88 1925.61 1678.96 1583.83 1494.47 1765.86 1485.49 1799.83
threshold=1.0000000180025095e-35 0.63196015585721488 0.10555555555555557 0.62667580330004358 0.61689605308653261 0.21111111111111114 1.0000000180025095e-35 0.33712121212121221 1.0000000180025095e-35 1.0000000180025095e-35 5.5000000000000009 2.5000000000000004 1.0000000180025095e-35 0.40212765957446817 0.56273219814241504 0.16807909604519775 3.5000000000000004 2.5000000000000004 0.82661732769978669 0.71868117470489601 0.74363155363155375 0.32701294033069739 0.72279980368215668 0.15470085470085473 1.0000000180025095e-35 1.0000000180025095e-35 0.4907521437693852 0.077935222672064777 6.5000000000000009 0.26975051975051983
decision_type=2 2 2 2 2 2 2 2 2 2 2 2 2 2 2 2 2 2 2 2 2 2 2 2 2 2 2 2 2 2
left_child=-1 8 3 4 20 -4 7 22 9 11 12 26 -11 15 19 17 18 -13 -17 -10 -3 -6 23 24 -5 -7 27 -2 -18 -30
right_child=1 2 5 6 21 25 -8 -9 14 10 -12 13 -14 -15 -16 16 28 -19 -20 -21 -22 -23 -24 -25 -26 -27 -28 -29 29 -31
leaf_value=-0.051954226526660464 -0.015493177348251017 -0.014659696271371937 -0.029925916071059284 -0.11309938403437719 0.23040677855332714 -3.1280831720479102e-05 -0.01513811456270475 0.029008173823427477 0.035387336056079424 -0.015112604663783953 -0.047771190441134634 0.010159571213990966 0.046328739878494909 0.062901432905497365 -0.0060787266217596 -0.017871552928210618 -0.029566003982541073 -0.00084918446012503855 0.036373878169806743 0.0082203451213701314 0.090422453587603133 0.079100799169133762 0.036242998555936982 -0.0094727087396716241 0.053048013102170201 0.028039337876787036 -0.023064671538744048 0.01275955140576906 -0.014061063965127008 0.01997014984390735
leaf_weight=353.64743562089279 13874.636147052224 1051.9680927992449 5615.8623052203329 164.11928503011586 318.32917826116318 736826.61644269549 5432.6590415081882 13802.604033085721 7051.1687945309241 10691.342396385968 6467.6111085506273 55588.49164636113 1647.0776247708127 1216.1614986842033 16394.526117567453 1927.6876387983648 11957.452865707892 141715.20827012189 6426.047497042804 24636.262828534032 560.86488644155907 394.5987479123869 3352.8816909157031 12879.803746386053 2067.9539954488864 5059.5947473351844 19382.635615335283 9196.5486697295564 24254.552920487564 4626.3037596033973
leaf_count=651105 240058 85449 331331 3367 11921 7892157 49322 90272 417235 498953 546091 517790 8463 3640 537446 176813 632268 2783053 24661 92365 4004 5460 16471 149877 12194 214032 757575 251615 1358084 139867
internal_value=1.09386e-05 2.69946e-05 0.000634149 0.0137074 0.0601315 -6.58736e-05 0.0108435 0.0152178 -0.00131216 -0.00265686 -0.0209631 -0.00147041 -0.00691069 0.000476399 0.0073288 0.000168406 -0.00819038 0.00225243 0.0238563 0.0142656 0.0218828 0.14666 0.0049094 -0.0020426 0.0408316 0.000160158 -0.0128298 -0.00423118 -0.0147457 -0.00860975
internal_weight=1.14494e+06 1.14458e+06 787528 40025.8 2325.76 747502 37700 32267.4 357054 308972 18806 290166 12338.4 247712 48082 246496 49192 197304 8353.74 31687.4 1612.83 712.928 18464.8 15111.9 2232.07 741886 42453.8 23071.2 40838.3 28880.9
internal_count=18502939 17851834 8865857 428337 106834 8437520 321503 272181 8985977 7938931 1053507 6885424 507416 5636176 1047046 5632536 2331693 3300843 201474 509600 89453 17381 181909 165438 15561 8106189 1249248 491673 2130219 1497951
is_linear=0
shrinkage=0.05


Tree=214
num_leaves=31
num_cat=0
split_feature=1 11 1 1 4 1 1 5 2 1 1 1 12 0 0 11 4 5 6 1 11 4 11 6 0 4 5 5 9 1
split_gain=376.672 941.139 1229.87 1066.12 808.688 1411.51 1137.36 910.498 923.375 1026.62 769.355 753.207 1052.2 883.489 1063.6 775.502 812.374 907.031 1545.25 896.647 1631.3 1299.97 835.457 1526.66 756.11 737.637 721.032 1077.64 703.223 669.122
threshold=1.0000000180025095e-35 21.500000000000004 0.0439613526570048 0.045983086680761072 0.89409924340816793 0.070598006644518277 0.065942028985507231 0.86219390304847587 0.19090909090909094 0.15849282296650721 0.028174603174603189 0.029857397504456321 60.500000000000007 0.36790753338372389 0.36445214690650801 11.500000000000002 0.83261318913644511 0.27669072948328272 0.35388994307400384 0.026671408250355581 19.500000000000004 0.72656056557274173 20.500000000000004 0.71714285714285719 0.36069685826749848 0.66376345853121343 0.82487113402061862 0.85770528683914526 1.0000000180025095e-35 0.32529069767441865
decision_type=2 2 2 2 2 2 2 2 2 2 2 2 2 2 2 2 2 2 2 2 2 2 2 2 2 2 2 2 2 2
left_child=-1 11 10 -4 5 6 -5 -6 9 -9 -3 12 13 14 15 -2 17 -17 -19 20 -20 -22 -18 24 -24 -14 -15 -28 -7 -11
right_child=1 2 3 4 7 28 -8 8 -10 29 -12 -13 25 26 -16 16 22 18 19 -21 21 -23 23 -25 -26 -27 27 -29 -30 -31
leaf_value=0.0068129452092691185 -0.21067896412120027 -0.013810113498005339 0.074833736345722435 -0.025535260619290203 0.053948919535859334 -0.06680691895231626 0.11335646979745161 0.0057867691765847839 0.044852492576855196 -0.087483828795554497 -0.044101976119586619 -8.5774647774604839e-05 -0.098219626965259099 0.0792776328479885 -0.016868436946448538 0.056757959473941577 0.039369432976049924 -0.042160679192917438 -0.27263686572672458 0.031987214271638954 0.060323142843211885 -0.12946746968662515 -0.19738927437322684 -0.15262390389745562 0.047356617252848343 0.04743275497960131 -0.18450971748593833 0.061845881846758301 0.006989975070646315 0.046934992876843336
leaf_weight=19992.461279417155 37.037157774466323 6609.6622536618779 497.3304563058191 304.31621760818234 990.50781215075403 1267.3776140898481 285.8432163397847 1476.0417234837078 793.68364490149543 609.7646961491555 3069.5598748027624 1092381.6594740786 353.43925091243 817.67837690387387 2831.008012994891 709.63202518870821 4666.3904549181461 1662.6109152268618 66.939686976373196 2262.3185807466507 258.86211675405502 138.49624103307724 34.416661903262138 165.52832319587469 379.78186519443989 115.27705633407459 70.14707362651825 120.89492336660624 433.14496415313624 109.15481816232204
leaf_count=261079 273 102557 2002 14924 4368 255073 4732 6734 10192 5096 63427 17654819 4550 2912 19201 11739 17927 20293 455 5369 455 637 182 819 819 273 364 273 31213 182
internal_value=1.01371e-05 -0.000110916 -0.0119839 0.00436848 -0.00122091 -0.024888 0.0417368 0.0124036 -0.00136556 -0.0180777 -0.0234165 6.54664e-05 0.0113117 0.013741 0.0102977 0.0177055 0.0185231 0.00431079 -0.00416865 0.0189978 -0.044294 -0.00582694 0.0323365 -0.0242733 0.0270201 -0.0623976 0.0588445 -0.0286113 -0.0480099 -0.0670748
internal_weight=1.14351e+06 1.12352e+06 16446.4 6767.17 6269.83 2290.68 590.159 3979.15 2988.64 2194.96 9679.22 1.10707e+06 14690.5 14221.7 13213 10382 10345 5098.86 4389.23 2726.62 464.298 397.358 5246.12 579.727 414.199 468.716 1008.72 191.042 1700.52 718.92
internal_count=18502939 18241860 500500 334516 332514 305942 19656 26572 22204 12012 165984 17741360 86541 81718 78169 58968 58695 38948 27209 6916 1547 1092 19747 1820 1001 4823 3549 637 286286 5278
is_linear=0
shrinkage=0.05


Tree=215
num_leaves=31
num_cat=0
split_feature=11 11 0 1 0 1 12 12 6 4 0 1 1 12 6 5 5 0 6 12 5 5 6 4 11 12 4 4 12 12
split_gain=369.177 1053.55 912.501 2154.35 1160.16 1276.8 990.659 1309.51 1205.09 1014.32 1160.69 943.955 940.484 861.843 1058.33 1116.35 1355.73 958.355 1889.54 2098.23 974.22 4276.91 1459.14 875.362 841.799 902.294 1596.26 1141.39 828.697 1095.98
threshold=8.5000000000000018 11.500000000000002 0.42961256187062641 0.15849282296650721 0.38373219373219375 0.11583184257602865 61.500000000000007 36.500000000000007 0.17752100840336138 0.99912280701754397 0.37895144308187795 0.30495169082125612 0.038838612368024113 11.500000000000002 0.85357142857142865 0.87108993157380266 0.85770528683914526 0.37006688963210704 0.72902097902097907 12.500000000000002 0.43881221553369559 0.43427698032961198 0.43875000000000003 0.71172765193042098 9.5000000000000018 53.500000000000007 0.82661732769978669 0.91605170333264907 1.0000000180025095e-35 78.500000000000014
decision_type=2 2 2 2 2 2 2 2 2 2 2 2 2 2 2 2 2 2 2 2 2 2 2 2 2 2 2 2 2 2
left_child=-1 2 4 24 6 -6 7 9 -8 11 -11 12 -2 14 15 16 -14 18 19 -15 21 -19 -22 -21 25 26 -4 -28 -26 -30
right_child=1 -3 3 -5 5 -7 8 -9 -10 10 -12 -13 13 17 -16 -17 -18 20 -20 23 22 -23 -24 -25 28 -27 27 -29 29 -31
leaf_value=0.00048177505639462924 -0.02293957590569776 0.00075969146659100276 -0.052860215010637271 -0.0061109978797215282 -0.057175139273082903 -0.0031504799888527422 0.085013019059862929 -0.072195398724192339 -0.082693678264224107 -0.041007268637989647 -0.23475341160557084 -0.11086796001533797 -0.013939927008446415 0.29776899376253535 0.040328794043713784 -0.075388385075489645 0.1066949100541853 0.035860120317060248 -0.40413882762058545 -0.081554396901433179 -0.089306365603050802 0.71413118991349944 0.030262138931224015 0.081962335005416206 0.050642661170170772 0.16160451594906722 0.094813565747905615 0.0099588985823392037 -0.01285158777132377 0.10963762493547564
leaf_weight=895984.16257156245 3406.3021970617847 157650.5622383634 371.76307902045301 66464.965102230577 2999.8196118047563 1721.1240604230916 529.03079927944782 832.73377984898252 134.31250013038516 516.44401143677533 90.909089311957359 200.96796165180422 2592.7098657556489 106.11012531330925 1061.4083738029003 657.3932494353503 255.88384421169758 414.95219351223204 19.731212042272091 95.770076912267541 406.81198591622524 24.620431505143642 684.43669407814741 562.99264724837849 955.66275676998339 167.31570583059511 1016.3091607218521 649.60411184467375 2442.8383829725171 197.37401438907546
leaf_count=13816621 36400 3055052 76804 1092819 71708 64519 7280 21112 910 2457 546 2821 38220 1638 2184 3549 364 14833 182 14742 4004 182 1547 4004 5369 4186 5915 2457 148512 2002
internal_value=9.79422e-06 -0.0017007 -0.0060307 -0.00356058 -0.0163403 -0.0374793 -0.00841594 -0.0117227 0.0510561 -0.00718494 -0.0700073 -0.00354766 -0.00145147 0.00918298 -0.00341446 -0.0166574 -0.00310353 0.0340326 0.0789645 0.091427 0.0110033 0.07385 -0.0143124 0.0581905 0.0256616 0.0499851 0.0408199 0.0617254 0.0107464 -0.00369468
internal_weight=1.14322e+06 247231 89580.3 72265.8 17314.5 4720.94 12593.5 11930.2 663.343 11097.4 607.353 10490.1 10289.1 6882.82 4567.4 3505.99 2848.59 2315.43 784.604 764.873 1530.82 439.573 1091.25 658.763 5800.87 2204.99 2037.68 1665.91 3595.88 2640.21
internal_count=18502939 4686318 1631266 1338064 293202 136227 156975 148785 8190 127673 3003 124670 121849 85449 44317 42133 38584 41132 20566 20384 20566 15015 5551 18746 245245 89362 85176 8372 155883 150514
is_linear=0
shrinkage=0.05


Tree=216
num_leaves=31
num_cat=0
split_feature=11 6 6 4 4 1 11 0 5 10 12 1 5 11 5 4 0 11 4 6 9 0 6 6 1 1 1 4 5 1
split_gain=369.125 711.306 718.908 664.58 636.648 480.253 1185.58 1081.1 1308.06 1389.42 1136.38 964.303 732.63 671.712 1047.02 723.478 966.235 656.459 885.855 893.724 655.781 655.215 1248.61 1206.12 955.171 1826.71 902.127 1044.05 893.68 1440.3
threshold=30.500000000000004 0.73798627002288331 0.1012820512820513 0.92795653174635884 0.91105120100449632 1.0000000180025095e-35 25.500000000000004 0.38747850017199864 0.32960789210789221 1.0000000180025095e-35 44.500000000000007 0.023532668881506128 0.33442982456140358 4.5000000000000009 0.76728257406817468 0.80468074283614099 0.34780767907702898 26.500000000000004 0.57901175497666735 0.29520697167755999 1.0000000180025095e-35 0.30349511599511608 0.24621212121212124 0.72902097902097907 0.29679679679679682 0.3133928571428572 0.10471491228070175 0.8913727434087354 0.62031176746366634 0.28436657681940708
decision_type=2 2 2 2 2 2 2 2 2 2 2 2 2 2 2 2 2 2 2 2 2 2 2 2 2 2 2 2 2 2
left_child=5 2 -2 4 -3 6 7 8 -1 10 13 -7 -11 14 -10 -16 -17 -8 -19 -20 -15 22 -13 24 28 -26 -25 -28 29 -24
right_child=1 3 -4 -5 -6 11 17 -9 9 12 -12 21 -14 20 15 16 -18 18 19 -21 -22 -23 23 26 25 -27 27 -29 -30 -31
leaf_value=-0.077358764090036836 0.064793255729066412 -0.061003485030932093 -0.060942724909287753 -0.018224744694732582 0.097791121689231431 -0.046157293814377554 0.069633973630317245 0.017995115538607994 -0.083248678484899974 0.10550063666226023 0.10887868257445872 -0.072977710714924357 0.0063973392092444266 -0.092079094360662486 0.14458434874587206 0.019518343458394725 -0.11157768056466628 0.087186796078391249 -0.07118290829823179 0.022135820813556559 0.0059275285174281147 -0.00011980400120222019 -0.021357335512997115 -0.061647747403555921 -0.30172577875483242 0.011266610364800381 -0.19674990791999838 0.039437930034512757 0.070984490876035033 0.22690257843839134
leaf_weight=638.09278732395614 127.54471617666422 80.700881339609623 1045.9901967417973 774.74198122834787 289.73940181732178 1134.6016822820529 1003.8420474395389 6674.380059855408 448.03072693361901 192.29959639813751 132.76406043441966 350.55363964382559 6169.4385790037923 828.93796891669626 89.019880518317223 764.81916630268097 172.20018703490496 397.07765013200697 318.79941757768393 1314.3972747325897 214.93897161766654 1115286.3587031479 584.20079077454284 591.84642148017883 50.148587442934513 661.92639520019293 50.445236057043076 645.62067687883973 2001.3582314169034 64.913965702056885
leaf_count=62517 39039 819 42952 4459 364 13286 4459 112749 11102 637 1001 72527 25298 12558 182 1820 1001 1911 8372 3913 2548 18055492 9828 2184 364 1911 273 3003 6279 91
internal_value=8.79061e-06 -0.0199205 -0.0472772 0.0081135 0.0631975 4.92983e-05 0.00785742 0.00252304 -0.00817755 -0.00327943 -0.0336934 -8.54928e-05 0.00939299 -0.0412108 -0.0194786 0.00836731 -0.00457375 0.0365588 0.0202052 0.00392004 -0.0718991 -3.88324e-05 0.0180188 0.0248782 0.0406371 -0.0107762 -0.016266 0.0223209 0.0544497 0.00346961
internal_weight=1.1431e+06 2318.72 1173.53 1145.18 370.44 1.14078e+06 19359 16324.9 9650.54 9012.45 2650.71 1.12142e+06 6361.74 2517.95 1474.07 1026.04 937.019 3034.12 2030.27 1633.2 1043.88 1.12029e+06 5001.01 4650.46 3362.55 712.075 1287.91 696.066 2650.47 649.115
internal_count=18502939 87633 81991 5642 1183 18415306 250068 231413 118664 56147 30212 18165238 25935 29211 14105 3003 2821 18655 14196 12285 15106 18151952 96460 23933 18473 2275 5460 3276 16198 9919
is_linear=0
shrinkage=0.05


Tree=217
num_leaves=31
num_cat=0
split_feature=6 4 12 4 5 12 4 6 5 6 4 5 4 4 12 12 5 5 4 4 0 0 4 5 6 6 4 1 12 5
split_gain=366.287 4395.75 1791.98 2130.11 1421.96 1613.28 1286.15 1283.54 1104 1103.5 1326.55 1324.53 1150.35 1376.96 1039.38 1034.83 970.373 969.206 967.501 1470.83 867.815 2014.5 863.404 2176.01 861.543 917.959 925.009 884.529 845.908 841.777
threshold=0.065591397849462371 0.49538950897983552 62.500000000000007 0.6040448793958183 0.22778543677152527 28.500000000000004 0.5497621591371592 0.12060606060606062 0.37544326241134757 0.053342816500711245 0.51856137909709343 0.24594547207854831 0.61864627291239371 0.61428859813907855 35.500000000000007 61.500000000000007 0.20977698128235769 0.18926915080761234 0.58603698401233617 0.5850056214994297 0.4778219987897408 0.50005260942760954 0.56055365482784847 0.15300120048019208 0.084523809523809543 0.070197044334975381 0.61954455525152263 0.029857397504456321 61.500000000000007 0.14717282261741912
decision_type=2 2 2 2 2 2 2 2 2 2 2 2 2 2 2 2 2 2 2 2 2 2 2 2 2 2 2 2 2 2
left_child=1 16 8 22 5 7 -7 -2 9 -3 -11 -12 13 14 -13 24 20 -17 19 -16 -1 -22 -4 29 25 -8 -27 -26 -18 -24
right_child=4 2 3 -5 -6 6 15 -9 -10 10 11 12 -14 -15 18 17 28 -19 -20 -21 21 -23 23 -25 27 26 -28 -29 -30 -31
leaf_value=-0.064398498395764545 -0.04229292149258658 -0.042210007686079763 -0.043625601896379609 0.094416249155553703 7.5175730646345127e-05 0.003027300092982483 -0.062689215819307101 0.0079180407576226342 0.031669669679584608 0.10862636358014094 -0.059184306681770195 -0.052612911101152737 -0.054806694661355716 0.17197023831630689 0.06042400022120225 0.039695011679581671 0.046227281760875302 -0.0049782829721183941 -0.0584420781257394 0.35950917993960374 0.088013268960284163 0.00040812575224296991 0.061922693975658041 -0.0292548191593093 0.10450130255298312 0.096882511327555154 -0.08614292940102912 0.024559144866706982 0.24438405689407294 0.21954604085912363
leaf_weight=511.61227331130067 1992.3397714499588 11502.878681822196 1077.6665970828617 603.11129610242642 971218.00041258638 6062.5138379251293 108.02913136417192 3524.1065515000373 644.81499295001413 225.25612694777374 1127.5007420163129 354.3264343931005 466.29451720974248 165.01106028233335 438.69856949900714 2279.359608232684 424.09068455931265 2597.9073194073426 145.88315437322308 45.356800787878456 659.52895744910347 130690.64216131679 233.77982481523213 760.81325431367804 391.49734001769684 1447.3415956223253 72.49163895737729 2978.6914327532286 61.691959684656467 132.82855843486323
leaf_count=65156 486850 5397756 139958 27300 10713248 97279 9100 95095 17472 11466 201292 74347 156975 12922 17108 19292 34216 24570 14560 819 18291 718900 6370 76076 2184 22750 4277 35672 455 1183
internal_value=8.17595e-06 -0.00229238 -0.0255297 0.0111497 0.000356436 0.0130889 0.0211554 -0.0102163 -0.0323438 -0.0351962 -0.0080161 -0.0175946 0.0114307 0.0383052 0.0158964 0.0322843 0.000854716 0.0158995 0.0544313 0.0884488 0.000594854 0.000848004 -0.0116245 0.0189643 0.0482731 0.0781425 0.0881527 0.0338456 0.0713922 0.119032
internal_weight=1.14294e+06 150272 17924.2 2808.2 992672 21454.3 15937.8 5516.45 15116 14471.2 2968.33 2743.07 1615.57 1149.28 984.265 9875.32 132348 4877.27 629.939 484.055 131862 131350 2205.09 1127.42 4998.05 1627.86 1519.83 3370.19 485.783 366.608
internal_count=18502939 6992622 6155604 250887 11510317 797069 215124 581945 5904717 5887245 489489 478023 276731 119756 106834 117845 837018 43862 32487 17927 802347 737191 223587 83629 73983 36127 27027 37856 34671 7553
is_linear=0
shrinkage=0.05


Tree=218
num_leaves=31
num_cat=0
split_feature=11 1 12 12 4 5 6 12 4 0 0 4 4 11 11 0 5 5 12 0 12 5 6 12 5 11 0 1 0 0
split_gain=362.965 859.293 756.75 1198.96 1157.21 1353.2 2294.46 1913.33 1852.96 1457.15 1512.62 2141.75 1851.35 1437.47 1196.99 989.014 935.115 930.679 872.202 847.027 839.553 1090.73 820.567 750.897 946.972 1199.13 1044.89 1003.59 872.19 747.171
threshold=18.500000000000004 0.033908045977011476 45.500000000000007 84.500000000000014 0.68518264143264151 0.56443628233791132 0.26491228070175443 35.500000000000007 0.89951013682213132 0.39146276428885135 0.36612436612436622 0.8659537305672772 0.81711599808393987 2.5000000000000004 12.500000000000002 0.36339188453159038 0.22648879716981132 0.36497211497211507 63.500000000000007 0.36445214690650801 2.5000000000000004 0.57203907203907212 0.37715517241379315 14.500000000000002 0.66298241328773833 16.500000000000004 0.48962695800931105 0.032795698924731172 0.35808694229746868 0.36883862071960577
decision_type=2 2 2 2 2 2 2 2 2 2 2 2 2 2 2 2 2 2 2 2 2 2 2 2 2 2 2 2 2 2
left_child=1 2 4 18 16 8 20 23 9 10 12 -12 -6 -11 -14 -5 -1 -16 19 -4 -7 -22 -20 -8 27 26 28 -25 -26 -2
right_child=29 -3 3 15 5 6 7 -9 -10 13 11 -13 14 -15 17 -17 -18 -19 22 -21 21 -23 -24 24 25 -27 -28 -29 -30 -31
leaf_value=-0.064650443900843332 0.0022818654744748974 -8.2313880770751115e-05 0.0072734507173511584 -0.12867498683744921 -0.038839247067140759 0.22869240543488562 0.012365434742905012 -0.56015971631654249 -1.0970008088331951 -0.011765067975249798 -0.070893855821005242 -0.57277441671200346 -0.16492841224058294 0.094379717272494335 0.1131753076964476 0.079007207372396845 0.031099828062258968 0.018460548130523793 -0.080202381748052595 -0.064324432717264429 0.28233112621722112 0.039264108974537748 -0.41297823522761895 0.022078704257426078 -0.02169347394729184 0.05431766899315698 0.091565135075469969 -0.086077848716917829 -0.11852862246119387 -0.010493464227664184
leaf_weight=264.92309828232464 22040.349194026163 1056844.9327804921 1197.830937459803 65.897514945841976 2538.0610261619368 129.01320709474385 19690.336765032262 14.793130271136759 3.9586263336241236 776.29001654329477 998.00227386396728 21.719973687082529 72.810550946625881 541.42489650382777 351.17889453470707 440.66155198299384 6801.6289677882996 991.98677643015981 447.89151210115961 630.52408694662154 55.12196375336498 283.6632544901222 19.323890313506126 1729.0700153186917 366.863445982337 244.51645818352699 93.659485101699829 244.85410359501839 635.06238078698516 23807.780232953995
leaf_count=38402 200564 17151134 11921 1820 32305 273 78078 182 91 15288 8645 273 1365 5096 1183 2548 135954 3913 13195 14651 182 1638 182 6097 1638 1001 91 1183 3276 770770
internal_value=6.55704e-06 0.000188804 0.00741509 -0.0176337 0.0093199 0.00500384 0.0105217 0.00829388 -0.0155822 -0.0149017 -0.0272873 -0.0815839 -0.0132845 0.0318479 0.0325209 0.0519901 0.0275102 0.0432243 -0.0329975 -0.0174177 0.120147 0.0788123 -0.0939659 0.00865943 -0.0133599 -0.0457981 -0.0681423 0.0086625 -0.0830716 -0.00435204
internal_weight=1.14234e+06 1.0965e+06 39651.1 2802.13 36848.9 29782.4 23487 23019.2 6295.43 6291.47 4973.76 1019.72 3954.04 1317.71 1415.98 506.559 7066.55 1343.17 2295.57 1828.36 467.798 338.785 467.215 23004.4 3314.03 1340.1 1095.59 1973.92 1001.93 45848.1
internal_count=18502939 17531605 380471 44317 336154 161798 93639 91546 68159 68068 47684 8918 38766 20384 6461 4368 174356 5096 39949 26572 2093 1820 13377 91364 13286 6006 5005 7280 4914 971334
is_linear=0
shrinkage=0.05


Tree=219
num_leaves=31
num_cat=0
split_feature=2 6 7 1 5 11 4 11 11 5 2 12 5 4 5 1 6 12 0 11 2 5 6 0 11 5 0 2 1 0
split_gain=368.203 1045.43 818.244 716.796 1212.82 957.101 952.066 745.966 707.328 1697.34 2192.11 1335.16 1157.87 1028.52 969.453 777.859 1222.94 1083.69 1110.13 961.289 1726.59 1611.24 2027.88 1291.4 1780.19 1349.49 1283.13 2052.98 1648.71 1864.66
threshold=0.43650793650793657 0.94590643274853814 1.0000000180025095e-35 0.27823315118397091 0.41696642685851321 4.5000000000000009 0.70845555119537962 3.5000000000000004 13.500000000000002 0.8287593984962407 0.5634920634920636 4.5000000000000009 0.80073529411764721 0.89409924340816793 0.88413424866514123 0.53950103950103967 0.38585607940446659 38.500000000000007 0.86327376327376337 6.5000000000000009 0.88194444444444453 0.43427698032961198 0.30901856763925734 0.93648926237161534 7.5000000000000009 0.84753833736884598 0.99772727272727291 0.63068181818181823 0.81016731016731025 0.85748893760402711
decision_type=2 2 2 2 2 2 2 2 2 2 2 2 2 2 2 2 2 2 2 2 2 2 2 2 2 2 2 2 2 2
left_child=-1 2 3 4 -2 6 -6 -8 15 10 11 -10 -13 -11 -15 16 -5 18 -18 26 21 -21 -23 -24 -25 -26 27 28 29 -17
right_child=1 -3 -4 8 5 -7 7 -9 9 13 -12 12 -14 14 -16 19 17 -19 -20 20 -22 22 23 24 25 -27 -28 -29 -30 -31
leaf_value=-0.0010944479194063808 -0.051698277616416967 0.041407787653006067 0.026769206358609555 0.026070978919899623 -0.16637584727653887 0.036122457024132623 0.010904470161467821 -0.13970090615972242 -0.11071789785308615 -0.11990991523505537 0.037073348569904428 -0.0051238276581077507 -0.15994969421966865 0.0083336223140881415 -0.076713900754769013 0.0058180123531890848 -0.0049827998257511346 -0.23927692065288811 0.017177188007875124 0.017178402820700722 0.035292131877506197 -0.055544000856738975 -0.0052747622938719117 -0.064564692113699362 0.01137153085041308 -0.060744664084930712 5.4204589487753314e-05 0.0171139835603587 0.012304025845414271 -0.031746978876339024
leaf_weight=456155.06048454263 569.18808190163691 1576.5346310078166 2984.2331275974866 7343.1453706410248 95.133681580424309 4242.2467201985419 1002.05384285748 89.569487243890762 442.41383294109255 478.9793004989624 2140.2224598125322 1911.7628095052205 128.89900175482035 664.55741299688816 675.84189961850643 6148.7450021957338 15224.905492702499 46.150517277419567 8988.1034127864987 6071.3280528503237 2476.9211574178189 2336.1172284781933 47741.749779935926 2288.8664105720818 2490.1455326974392 877.22580809891224 520506.50259503553 29144.52719398553 10278.684318177868 7139.0138543212379
leaf_count=11217297 18473 483210 137774 74074 455 11284 3731 455 4459 2093 10556 8645 637 1911 2912 35854 49868 364 26390 63609 11011 8463 158340 9373 7371 4914 5832463 186641 78078 52234
internal_value=6.50851e-06 0.000738478 0.000644812 0.000530423 0.0177387 0.0250187 -0.0146736 -0.00145295 0.00037763 -0.0161103 -1.09912e-05 -0.0319749 -0.0149034 -0.0570209 -0.0345481 0.000536389 0.00819332 0.00278183 0.0032432 0.000156818 -0.00564108 -0.00728153 -0.00994604 -0.00795117 -0.0305415 -0.00741529 0.000807012 0.00824078 -0.00273268 -0.0143642
internal_weight=1.14226e+06 686104 684527 681543 5998.19 5429 1186.76 1091.62 675545 6442.68 4623.3 2483.08 2040.66 1819.38 1340.4 669102 31602.3 24259.2 24213 637500 64282.4 61805.4 55734.1 53398 5656.24 3367.37 573217 52711 23566.4 13287.8
internal_count=18502939 7285642 6802432 6664658 34398 15925 4641 4186 6630260 31213 24297 13741 9282 6916 4823 6599047 150696 76622 76258 6448351 263081 252070 188461 179998 21658 12285 6185270 352807 166166 88088
is_linear=0
shrinkage=0.05


Tree=220
num_leaves=31
num_cat=0
split_feature=6 6 4 5 4 5 12 6 12 5 5 5 5 5 0 0 5 10 1 4 11 6 1 6 2 0 1 0 1 5
split_gain=374.284 3507.34 2187.91 1361.98 1486.94 1785.22 1620.7 1713.67 1740.17 1587.16 1507.56 1309.31 1278.77 5416.97 3642.72 2119.5 2151.66 1191.02 1388.95 1358.93 1890.71 1210.47 1243 1201.6 1122.34 1631.05 1584.69 2594.36 1753.87 1519.72
threshold=0.21132376395534294 0.20294117647058826 0.65252482798908107 0.50129533678756488 0.59944411053808488 0.41202270381836947 54.500000000000007 0.05634920634920635 2.5000000000000004 0.37544326241134757 0.24253565062388596 0.64204028589993511 0.40078740157480319 0.40549990549990556 0.99772727272727291 0.90639936576637359 0.35743321718931476 1.0000000180025095e-35 0.080540540540540509 0.61864627291239371 1.5000000000000002 0.19677419354838713 1.0000000180025095e-35 0.16064516129032261 0.23611111111111113 0.73320234348314062 0.94201680672268917 0.93135579017931969 0.55684754521963831 0.32209077465589814
decision_type=2 2 2 2 2 2 2 2 2 2 2 2 2 2 2 2 2 2 2 2 2 2 2 2 2 2 2 2 2 2
left_child=1 3 -2 4 5 -1 7 9 12 -6 -8 -5 15 14 -14 -9 -17 24 21 -20 23 -19 -23 -21 25 -10 27 28 -26 -28
right_child=2 -3 -4 11 6 -7 10 8 17 -11 -12 -13 13 -15 -16 16 -18 18 19 20 -22 22 -24 -25 26 -27 29 -29 -30 -31
leaf_value=0.00056379132301737349 0.011975896506796646 -0.064415327388497187 -4.1791959191981573e-05 0.030176270700262582 -0.050388381397870857 0.10433414119568159 0.035372029560402585 -0.055491041544838096 -0.041869264592373626 0.040299735641438655 -0.0052760815870648674 -0.062393440430128504 -0.050270431698787747 0.038458913233451908 1.3252390161881269 0.037830833628945924 -0.093735281114725441 -0.010751952536789575 0.16736406868130815 -0.056646496438042343 -0.030175145996563381 0.13182393998284472 0.017527466321860839 0.25149213669740283 0.021696231093911326 0.034062720205725032 -0.0024342198948598941 0.07429742960570071 -0.038445148358785458 -0.025130855416397813
leaf_weight=178164.71807705905 39656.779009869439 2207.5361318598734 841926.76662821334 5161.2764938122709 4097.7591303731097 415.428594677418 3934.9019525438925 1233.6196072929815 6137.416455176186 546.84323611890431 5427.1593241175942 412.51200761157088 7.4150022255489612 2323.0436928153649 13.717848286032677 2645.2678638209472 352.12761220522225 6847.9446472265554 238.96758946278715 42.946806011779699 420.93626382164803 279.98488232307136 1581.5103112354409 120.1478171274066 2744.3971967368343 799.33296643081121 12450.488621903001 1310.8274403738324 2171.3717894450529 18093.094778164756
leaf_count=5593588 325598 53417 6102551 67340 2294656 8645 66157 425334 2578576 12012 94276 3731 2002 58240 91 54873 5369 268632 3458 2366 20657 1092 16016 364 78351 12376 185185 5096 26390 136500
internal_value=7.00525e-06 -0.00165938 0.000498807 -0.00112236 -0.00166224 0.000805191 -0.00763118 -0.0104546 -0.00818284 -0.039711 0.0118084 0.0233253 0.0160846 0.0457083 0.842606 -0.000328273 0.0223747 -0.0111799 0.0048336 0.0669214 0.0258233 -0.00103338 0.0347186 0.170352 -0.0146725 -0.0331195 -0.0111924 0.0117971 -0.00486915 -0.015879
internal_weight=1.14177e+06 260183 881584 257975 252401 178580 73821.2 64459.2 59814.6 4644.6 9362.06 5573.79 6575.19 2344.18 21.1329 4231.02 2997.4 53239.4 9532.44 822.998 584.031 8709.44 1861.5 163.095 43706.9 6936.75 36770.2 6226.6 4915.77 30543.6
internal_count=18502939 12074790 6428149 12021373 11950302 5602233 6348069 6187636 3880968 2306668 160433 71071 545909 60333 2093 485576 60242 3335059 312585 26845 23387 285740 17108 2730 3022474 2590952 431522 109837 104741 321685
is_linear=0
shrinkage=0.05


Tree=221
num_leaves=31
num_cat=0
split_feature=6 5 4 12 1 5 0 12 12 12 12 2 12 12 1 0 0 6 5 4 5 12 6 11 6 4 5 5 0 4
split_gain=369.321 1449.58 1250.28 1269.57 1428.46 1182.98 1383.9 1260.37 1143.83 1051.62 1241.44 896.867 876.253 994.923 971.205 1792.46 1243.84 872.188 2435.56 1812.8 1514.73 1288.65 1208.04 1166.01 1147.27 1034.02 991.033 2059.4 1964.89 1386.56
threshold=0.65301003344481623 0.87108993157380266 0.94069986234841318 5.5000000000000009 0.20864427860696524 0.83398950131233607 0.38224867724867734 6.5000000000000009 14.500000000000002 9.5000000000000018 10.500000000000002 0.23611111111111113 15.500000000000002 9.5000000000000018 0.19098277608915912 0.54800637958532705 0.66215654156830639 0.62731481481481499 0.6564078282828284 0.81068356246927686 0.8287593984962407 4.5000000000000009 0.63818181818181829 5.5000000000000009 0.63245614035087727 0.96843892137751797 0.79324593901396423 0.79768592830390594 0.99772727272727291 0.93758399495241618
decision_type=2 2 2 2 2 2 2 2 2 2 2 2 2 2 2 2 2 2 2 2 2 2 2 2 2 2 2 2 2 2
left_child=17 2 9 -4 5 6 -5 -7 -9 -2 -11 -8 13 -3 15 -15 -16 -1 24 -20 21 -21 26 -24 -19 -22 -23 28 -28 -29
right_child=1 12 3 4 -6 7 11 8 -10 10 -12 -13 -14 14 16 -17 -18 18 19 20 25 22 23 -25 -26 -27 27 29 -30 -31
leaf_value=-0.00033461304553337925 0.0070676257325037965 -0.00078839751601053392 -0.0026748493352025376 0.037045269547750379 0.038296030248021001 -0.049452407819494705 -0.08847393022288226 0.059105206281504036 -0.11928692014961394 -0.019886268526326627 0.0013893551349422207 0.056972302495309074 0.091867542620106768 -0.015668518640282372 -0.088046841452922853 0.07879367673873533 -0.021318781802690572 -0.1289177888376879 -0.057048231213444191 0.024089555865261739 -0.031912707865238234 0.020891345851948434 -0.082145952796448249 -0.008079963000810016 0.049902314653208039 -0.17856995738876219 -0.21378238650649575 -0.014935520251981535 -1.0470034423581394 -0.84566391790257933
leaf_weight=786861.72034182004 78372.328781200864 187212.2578408955 5108.0765473302454 445.55917326360941 8300.2140912928153 436.85692281275988 825.74958533793688 1363.7762948889285 96.194577023386955 8344.9027581629343 38441.202505680732 121.5971776843071 251.50736100226641 2981.4088641405106 879.24153493344784 603.92405819147825 3394.911518918816 94.304939392954111 2537.0005405154079 3545.6384821180254 3792.8343968242407 2333.847489153035 1030.4105707695708 1097.2037561647594 1835.1980536496267 124.12159207835793 48.84549243748188 647.20930870994925 8.2740435227751714 5.0622718892991534
leaf_count=15719158 561379 1567748 52143 1729 119392 2184 4550 3822 455 55055 265811 273 819 10738 4550 1092 42315 1001 14105 17745 16289 12103 9464 3913 10556 910 273 3094 182 91
internal_value=5.13721e-06 0.0013941 0.00524101 0.0180923 0.0272451 -0.000637098 -0.0356261 0.0250565 0.0473513 0.00352646 -0.00240543 -0.0698051 -0.00139979 -0.00152004 -0.0189476 0.000242972 -0.0350455 -0.000577389 -0.0117488 -0.0184785 -0.0107331 0.000872828 -0.0150468 -0.0439504 0.0411624 -0.03656 0.00516048 -0.046593 -0.334479 -0.0213828
internal_weight=1.14114e+06 337180 141856 16698 11589.9 3289.73 1392.91 1896.83 1459.97 125158 46786.1 947.347 195323 195072 7859.49 3585.33 4274.15 803962 17100 15170.4 12633.4 8716.49 5170.85 2127.61 1929.5 3916.96 3043.24 709.391 57.1195 652.272
internal_count=18502939 2694055 1066793 184548 132405 13013 6552 6461 4277 882245 320866 4823 1627262 1626443 58695 11830 46865 15808884 89726 78169 64064 46865 29120 13377 11557 17199 15743 3640 455 3185
is_linear=0
shrinkage=0.05


Tree=222
num_leaves=31
num_cat=0
split_feature=6 4 5 1 5 12 4 0 10 5 4 4 7 5 4 12 4 1 5 5 12 5 12 4 6 4 2 0 4 5
split_gain=369.008 1536.37 1305.38 1283.7 1265.96 1817.56 2338.54 1264.57 1737.82 1361.47 1579.93 1440.53 1328.65 1161.31 1854.49 2713.96 1814.47 1549.43 1460.55 1454.66 3004.91 2607.46 2861.26 3250.37 2163.08 1937.06 1429.89 1492.22 1669.95 1686.7
threshold=0.78759398496240618 0.99222761596548015 0.97315315315315332 0.13840996168582378 0.89893315174214061 6.5000000000000009 0.94069986234841318 0.54228221910550112 1.0000000180025095e-35 0.80569039913700113 0.8888932345988042 0.89666399019002252 1.0000000180025095e-35 0.83398950131233607 0.96843892137751797 1.5000000000000002 0.94744415456745323 0.12933094384707292 0.94771018455228995 0.95500556736511799 1.0000000180025095e-35 0.92340286831812268 1.0000000180025095e-35 0.98065871509894298 0.70710784313725505 0.97210656064751488 0.23611111111111113 0.37895144308187795 0.9579003598740442 0.79324593901396423
decision_type=2 2 2 2 2 2 2 2 2 2 2 2 2 2 2 2 2 2 2 2 2 2 2 2 2 2 2 2 2 2
left_child=1 13 -3 -4 5 7 -7 8 9 -2 12 -12 -11 16 18 19 -1 -17 -15 21 25 -16 -23 -24 -25 -21 27 -18 29 -29
right_child=4 2 3 -5 -6 6 -8 -9 -10 10 11 -13 -14 14 15 17 26 -19 -20 20 -22 22 23 24 -26 -27 -28 28 -30 -31
leaf_value=3.4648454792134499e-05 -0.11695935421511622 0.042715235628520601 0.045923573713383486 -0.049557990783495216 -0.0014087877255371478 -0.0040391937696127762 0.034083378283560374 0.029307258118104987 0.02915283238965731 -0.076130166058017854 0.12175735191573506 -0.0021140719995120698 0.12324819349186714 -0.0086038539746162764 0.020995843119417171 -0.028347330362621926 0.0735919175503921 0.024974643691442013 0.018417992258535781 0.071032349841513437 0.035093858559479267 -0.012302464805226473 -0.11538104135732322 0.023594573172296407 -0.1425674660849989 -0.010416785400382138 0.028804958317822617 -0.045444673984485012 -0.075528187085048076 0.060720578080761048
leaf_weight=810301.39023036242 342.79701805114746 3700.3396566901356 572.73166656494141 913.46141922660172 82893.437760560191 28539.574535289314 4682.7724079205655 13301.547925952356 3145.7709873747081 1009.4704673849046 273.49575567245483 1654.7739914879203 91.100051522254944 119148.55754313897 3253.7946589998901 1494.7637625038624 442.5831455886364 15383.080934548983 5219.7190970941447 763.39452369511127 5653.9188828561455 6509.5484904991463 1744.9457057658583 988.61587558221072 244.25182503275573 16677.08645371953 9443.7856667197775 749.00632281973958 1013.852731924504 747.48060354962945
leaf_count=16027557 1729 36036 1638 7917 901264 216489 47593 139958 11921 7735 273 4732 91 643552 13559 6370 1092 152971 24388 1547 40859 30758 9737 4550 1274 61061 93457 4459 6097 2275
internal_value=6.00835e-06 -0.000324706 0.0268182 -0.0127624 0.00245098 0.00848307 0.00133428 0.0204665 0.00242326 -0.0225157 -0.0118268 0.0154552 -0.0596266 -0.000465515 -0.00413855 0.00372086 0.000325087 0.0202523 -0.00746975 -0.00406511 0.00341736 -0.0176277 -0.0308741 -0.0714719 -0.00932492 -0.00685164 0.0193094 -0.0110585 -0.0259827 0.00758383
internal_weight=1.1409e+06 1.00497e+06 5186.53 1486.19 135935 53041.3 33222.3 19819 6517.41 3371.64 3028.84 1928.27 1100.57 999780 177082 52713.4 822698 16877.8 124368 35835.6 23094.4 12741.2 9487.36 2977.81 1232.87 17440.5 12396.7 2952.92 2510.34 1496.49
internal_count=18502939 17171154 45591 9555 1331785 430521 264082 166439 26481 14560 12831 5005 7826 17125563 990626 322686 16134937 159341 667940 163345 103467 59878 46319 15561 5824 62608 107380 13923 12831 6734
is_linear=0
shrinkage=0.05


Tree=223
num_leaves=31
num_cat=0
split_feature=12 8 0 2 2 6 6 11 11 2 0 12 5 6 1 4 9 11 5 5 4 12 6 0 2 6 5 6 2 6
split_gain=361.052 360.088 357.845 1387.97 1207.99 2658.91 1019.97 884.335 3153.24 1319.41 1131.51 1407.69 1229.82 1267.75 951.039 825.729 790.405 1439.96 1096.39 998.241 978.264 866.477 865.679 867.88 861.665 843.016 831.49 1219.5 781.998 768.94
threshold=157.50000000000003 1.0000000180025095e-35 0.93135579017931969 0.88194444444444453 0.73214285714285732 0.26491228070175443 0.8973684210526317 7.5000000000000009 6.5000000000000009 0.58571428571428574 0.94672705314009675 9.5000000000000018 0.91704892966360874 0.65301003344481623 0.68042553191489363 0.86957066531369953 1.0000000180025095e-35 4.5000000000000009 0.42912946428571436 0.40930735930735934 0.77034296658459778 10.500000000000002 0.70710784313725505 0.95279581529581547 0.78888888888888908 0.17752100840336138 0.26202034211742953 0.12060606060606062 0.38750000000000007 0.098387096774193564
decision_type=2 2 2 2 2 2 2 2 2 2 2 2 2 2 2 2 2 2 2 2 2 2 2 2 2 2 2 2 2 2
left_child=1 -1 3 -3 5 15 16 8 9 -7 11 12 13 -10 -15 -4 -6 18 19 20 21 25 23 24 -19 26 27 -18 -9 -20
right_child=-2 2 4 -5 6 7 -8 28 10 -11 -12 -13 -14 14 -16 -17 17 22 29 -21 -22 -23 -24 -25 -26 -27 -28 -29 -30 -31
leaf_value=-0.051884633831150842 -0.22602546221171638 -0.0010443940451735807 0.039716980343821054 0.034467897488740594 -0.00084736880674943075 -0.0024001425633791065 0.034331915973144493 -0.41889366804314154 -0.13012098533061597 0.019976655325384923 0.002977698092647483 -0.025680467968772137 -0.022691297973495575 0.052144816821967116 -0.37775435651308426 -0.1310914270328217 -0.028868198753443448 -0.06997114353060413 0.069234230041482034 -0.038803590255057724 0.054836010767964065 0.0027436625314602404 0.017741903645220217 -0.10538305306755849 0.02374451014596738 0.0028233294783814151 -0.055319229100963624 0.073757828637354819 0.034070560112877887 0.0096822237758030973
leaf_weight=334.17528647370636 17.666980122216046 560976.36923097936 6668.5281892023049 2765.0271155270748 423513.79774569481 19325.949038644787 2189.2041284730658 9.5654409453272802 480.78594346344471 9994.2372392198304 494.57449511392042 575.05083627998829 204.34327817661688 14.902194485068319 94.10070188716054 71.514115486294031 1409.2374795868527 545.03890194476116 548.35138976573944 1595.5628927201033 840.43630475923419 50880.467490985524 534.26310064736754 566.48698239494115 445.9676487360266 3135.5388421732932 1912.0625506385695 364.30326626077294 2457.7512331153266 47171.639742142055
leaf_count=651105 364 11181534 51506 16289 4329780 204022 423514 91 2184 84175 1547 2184 1183 91 910 546 262080 3549 819 10283 7371 417326 2002 3276 1911 11102 55965 1547 8736 765947
internal_value=6.62692e-06 1.01295e-05 2.53446e-05 -0.000870214 0.000901777 0.00923995 0.000273031 0.00349867 0.00121872 0.00522733 -0.0618438 -0.0852586 -0.128401 -0.165026 -0.318981 0.0379046 0.000133261 0.00391055 0.0047074 0.000216808 0.00128031 0.000500259 -0.0371778 -0.0560168 -0.0277977 -0.0162338 -0.0324467 -0.00778777 0.0323145 0.0103665
internal_weight=1.14014e+06 1.14012e+06 1.13979e+06 563741 576044 40391.3 535652 33651.3 31183.9 29320.2 1863.76 1369.18 794.132 589.789 109.003 6740.04 533463 109949 107858 60137.6 58542 57701.6 2091.76 1557.49 991.007 6821.14 3685.6 1773.54 2467.32 47720
internal_count=18502939 18502575 17851470 11197823 6653647 357175 6296472 305123 296296 288197 8099 6552 4368 3185 1001 52052 5872958 1543178 1532440 765674 755391 748020 10738 8736 5460 330694 319592 263627 8827 766766
is_linear=0
shrinkage=0.05


Tree=224
num_leaves=31
num_cat=0
split_feature=6 5 12 4 1 1 6 4 4 5 4 5 12 5 12 0 7 0 5 0 1 6 12 4 11 11 12 6 1 12
split_gain=362.887 3127.08 1686.05 1179.71 1463.86 1558.86 11060.9 1477.43 1175.28 2064.86 1116.16 1521.6 1202.75 1084.19 1430.48 1329.95 1588.6 1185.93 2042.88 1284.93 1377.4 1193.96 1146.97 2364.15 1112.64 1099.7 1084.05 2120.85 1040.68 1009.29
threshold=0.41421568627450983 0.55603864734299535 38.500000000000007 0.73449661031740543 0.12403846153846156 0.12599206349206352 0.42582417582417587 0.69973025969582159 0.86217891839009864 0.67580080080080085 0.81068356246927686 0.57962779973649547 34.500000000000007 0.88413424866514123 12.500000000000002 0.39146276428885135 1.0000000180025095e-35 0.59735092235092246 0.80569039913700113 0.68817201317201315 0.53410852713178303 0.73798627002288331 5.5000000000000009 0.84651154486867386 5.5000000000000009 7.5000000000000009 7.5000000000000009 0.55277777777777792 0.68496240601503777 13.500000000000002
decision_type=2 2 2 2 2 2 2 2 2 2 2 2 2 2 2 2 2 2 2 2 2 2 2 2 2 2 2 2 2 2
left_child=-1 -2 3 4 7 6 -6 -3 10 -10 11 12 -5 14 15 16 -12 18 24 21 -21 -19 -15 -24 -16 -26 -13 -28 -4 -20
right_child=1 2 28 8 5 -7 -8 -9 9 -11 13 26 -14 22 17 -17 -18 19 29 20 -22 -23 23 -25 25 -27 27 -29 -30 -31
leaf_value=-0.0010698455773521132 0.015849239918492717 -0.1007160435197758 -0.12394941770840412 -0.039729114159471821 1.7538882437553776 0.020017763648384725 0.053986711948807435 -0.0025378952307090075 0.015617674679597224 0.00026580821058557955 0.005461907090242463 0.0064266422548778417 -0.78505236174950754 0.01860819741817675 -0.046573566992942891 -0.015848142611411365 0.2708237858068599 0.042899419777549373 0.0069228423819966516 -0.050635424477160657 0.014302303122268187 0.19667465421830466 -0.0035412938657448782 -0.17185663763092968 0.059216771448120667 -0.0082211837228524515 -0.018735184991510178 0.0043749851017179263 0.051646964979170276 -0.20588585499722378
leaf_weight=463860.28471414815 32618.811071642675 432.71523090428673 425.32354287616909 2129.2158258184791 10.464539147913454 12163.946391595528 111.87041935510933 3348.2763727158308 23076.97981712874 430643.3915346826 6690.8517289366573 45612.425946359057 5.4266577325761309 6619.6786304851994 1317.6983503568918 53874.150930028176 56.879409730434418 1364.6581069007516 77.015503369271755 924.95923893153667 6969.8840055819601 139.09401714801788 1493.5714025655761 242.49776203557849 790.31693059392273 2571.2789792520925 16389.02754625259 25180.758215484209 105.25878199934959 201.45190131664276
leaf_count=13974324 217945 3731 3276 16107 91 73437 728 16289 167258 3095365 20748 247156 91 35581 8827 308672 91 3549 455 3640 46410 182 7371 1729 2730 13013 99372 132132 1001 1638
internal_value=7.00577e-06 0.000746375 -1.98171e-05 5.37647e-05 0.0134316 0.0218038 0.199396 -0.0137739 -0.000289395 0.00104663 -0.00380042 8.28136e-05 -0.0416239 -0.00796245 -0.00986631 -0.0132272 0.00769875 0.00432542 -0.015461 0.0147627 0.0066942 0.0571233 0.00912142 -0.0270519 -0.00763125 0.00763359 0.00110399 -0.00473628 -0.089114 -0.14703
internal_weight=1.13945e+06 675588 642969 642438 16067.3 12286.3 122.335 3780.99 626371 453720 172651 89316.9 2134.64 83334 74978.2 60621.9 6747.73 14356.4 4957.76 9398.6 7894.84 1503.75 8355.75 1736.07 4679.29 3361.6 87182.2 41569.8 530.582 278.467
internal_count=18502939 4528615 4310670 4306393 94276 74256 819 20020 4212117 3262623 949494 494858 16198 454636 409955 329511 20839 80444 26663 53781 50050 3731 44681 9100 24570 15743 478660 231504 4277 2093
is_linear=0
shrinkage=0.05


Tree=225
num_leaves=31
num_cat=0
split_feature=6 5 12 4 4 4 2 7 11 1 0 11 12 9 0 5 1 11 0 0 11 4 0 1 0 6 6 5 12 12
split_gain=345.581 827.537 1404.69 1284.12 732.201 2651.93 990.003 962.621 1136.29 955.928 1868.01 930.757 886.227 849.432 1091.54 953.293 788.116 783.7 741.301 730.344 1627.35 1243.85 1006.69 2371.96 1283.38 931.431 1109.4 1362.91 1280.45 862.719
threshold=0.82480818414322254 0.90336728919071885 6.5000000000000009 0.94069986234841318 0.99912280701754397 0.96156106909502503 0.23611111111111113 1.0000000180025095e-35 18.500000000000004 0.12403846153846156 0.58169288795887275 18.500000000000004 9.5000000000000018 1.0000000180025095e-35 0.44218954248366021 0.91704892966360874 0.32529069767441865 14.500000000000002 0.34780767907702898 0.88463861018208856 1.5000000000000002 0.8888932345988042 0.6344958951866847 0.89039039039039047 0.57879750569851007 0.85357142857142865 0.84412955465587058 0.87545620437956218 12.500000000000002 19.500000000000004
decision_type=2 2 2 2 2 2 2 2 2 2 2 2 2 2 2 2 2 2 2 2 2 2 2 2 2 2 2 2 2 2
left_child=-1 2 -2 19 5 12 7 11 9 18 16 17 -3 14 -14 -15 -11 -6 -9 20 22 25 24 -24 -4 26 27 -21 -29 -28
right_child=1 4 3 -5 6 -7 -8 8 -10 10 -12 -13 13 15 -16 -17 -18 -19 -20 21 -22 -23 23 -25 -26 -27 29 28 -30 -31
leaf_value=-0.00027222663522380501 0.023535546008260223 0.0099295372602164009 -0.049477566184680605 0.030637189796795573 0.0042098438657802908 -0.024636884865548735 0.031135423074958965 -0.16589349364613271 0.040312219667461152 -0.081895551177952788 0.00352192017466993 -0.017512528425179232 0.017285834654046997 -0.012398293021505344 -0.084571163541582672 0.19686395037256268 0.028163724263186259 0.025931084188560345 0.018285059599728284 0.022715559648976175 -0.0020308808797379996 0.031082793173092645 0.0027077761107418652 -1.3541232182208798 -0.16852001314645038 0.017110054358458825 -0.11032025662231267 -0.12761857531783888 -1.0034006525862809 -0.47882087529488271
leaf_weight=1033674.6640282942 11298.548938249063 15076.462050401373 915.89197819679976 3366.9432974364609 24983.617557147518 11848.918537399033 3069.3875625561341 57.218701332807541 722.46505877375603 1812.4876065552235 1389.4794653933495 4125.0328294821084 401.0007910579443 180.60307588567957 764.43252796144225 77.896896311780438 178.69522705674171 4980.414204608649 1209.0465582609177 499.26372098736465 12844.840048677754 3423.4638518986758 694.88274536002427 3.2360383719205847 300.75352802872658 886.9191359304823 306.34883828833699 133.19126277416945 4.3086188547313204 16.751517177093774
leaf_count=17364711 105378 109928 3367 41223 78806 70343 504595 273 1365 6825 6370 13286 1183 2639 6825 728 364 22386 2730 4641 50232 84994 4277 91 1547 10556 2184 819 91 182
internal_value=6.07723e-06 0.00273099 0.0090581 0.0020668 -0.000366223 -0.00659062 0.003783 0.00165531 -0.0180223 -0.0270917 -0.0409708 0.00475475 0.00636839 -0.0313367 -0.0495243 0.0506612 -0.0720185 0.0078202 0.00996259 -0.00273577 -0.008441 0.013242 -0.0514421 -0.00358164 -0.0789047 -0.0198302 -0.0539632 -0.0156728 -0.155062 -0.129426
internal_weight=1.13925e+06 105573 34695.3 23396.8 70877.2 28349.3 42527.8 39458.5 5369.39 4646.93 3380.66 34089.1 16500.4 1423.93 1165.43 258.5 1991.18 29964 1266.27 20029.9 14759.6 5270.25 1914.76 698.119 1216.65 1846.78 959.864 636.764 137.5 323.1
internal_count=18502939 1138228 309582 204204 828646 191646 637000 132405 17927 16562 13559 114478 121303 11375 8008 3367 7189 101192 3003 162981 59514 103467 9282 4368 4914 18473 7917 5551 910 2366
is_linear=0
shrinkage=0.05


Tree=226
num_leaves=31
num_cat=0
split_feature=8 0 2 1 12 9 11 0 6 11 11 6 0 1 12 2 0 5 4 6 2 1 6 0 6 1 5 12 6 4
split_gain=341.421 343.014 1281.42 1120.31 1293.13 888.975 1527.14 810.703 3628.88 1114.04 1936.1 1110.9 1746.33 1041.54 1567.29 1034.43 1030.09 1024.83 969.859 974.744 995.745 799.23 1221.26 1313.38 791.489 1678.47 972.477 849.437 2378.93 838.178
threshold=1.0000000180025095e-35 0.93135579017931969 0.88194444444444453 0.68042553191489363 85.500000000000014 1.0000000180025095e-35 8.5000000000000018 0.97673913043478267 0.32305502846299816 6.5000000000000009 7.5000000000000009 0.64852941176470602 0.95901098901098913 0.77888888888888907 10.500000000000002 0.88194444444444453 0.941701680672269 0.84753833736884598 0.93123244500198898 0.87867647058823539 0.63068181818181823 0.72850122850122856 0.42582417582417587 0.95279581529581547 0.44722222222222224 0.89039039039039047 0.6564078282828284 30.500000000000004 0.64852941176470602 0.97657880461357338
decision_type=2 2 2 2 2 2 2 2 2 2 2 2 2 2 2 2 2 2 2 2 2 2 2 2 2 2 2 2 2 2
left_child=-1 2 -2 4 -3 7 -7 8 16 -10 11 21 13 14 15 18 -5 -12 19 20 -13 -11 -23 -24 25 -9 -26 -28 -29 -27
right_child=1 3 -4 5 -6 6 -8 24 9 10 17 12 -14 -15 -16 -17 -18 -19 -20 -21 -22 22 23 -25 26 29 27 28 -30 -31
leaf_value=-0.051793884172798857 -0.0010211089584294454 0.028205926696072026 0.033559114995742316 -0.0059230669590872786 -0.70809228132525659 0.0048228034232601306 -0.085577791012822688 -0.18679035945337463 0.0044380078077986013 -0.074542791108127643 0.018574690145372514 0.053348616913286219 -0.70674203720051443 0.019873708978285751 -0.52993969780008154 0.055162757457509683 0.047888146451732644 -0.045925897532640703 -0.072251643161653972 0.052552891489457777 -0.30352460965915928 -0.13857963511654955 0.044476925048749144 -0.14995186654829903 0.015222826291836716 -0.0026673800513314656 0.00079332369375312252 -1.733109929382836 -0.12811916938957163 0.045038552576140339
leaf_weight=318.00836326787248 560588.69049123174 4033.9216037737206 2691.8853231495013 1050.8813542944263 5.971981853246688 121713.29617187945 468.97031803947175 123.6084637909662 17526.881471402012 674.07496999204159 2582.63125352934 22.228078842163086 11.957125436514614 149.41924410848878 23.324470445513725 79.532961877994239 5785.7123811261845 808.66514628916048 244.4605251532048 28.75261876732111 161.99656405672431 141.83719356358051 705.60199330747128 99.050617858767509 12604.034550401382 260950.40368291724 144373.95648687915 2.5495976228266981 24.440577015280724 923.9883164986968
leaf_count=651105 11181625 19474 16289 12285 91 1875692 3549 1820 124852 2730 7735 91 182 637 273 455 38402 5551 1638 182 1274 637 1365 455 102011 3317678 1132404 91 273 2093
internal_value=6.74789e-06 2.12156e-05 -0.000855852 0.000879926 0.0271175 0.000694384 0.00447582 -0.000334395 0.00759201 -0.00182051 -0.0209522 -0.0559137 -0.107514 -0.0974188 -0.128698 -0.11127 0.0396166 0.00319432 -0.140206 -0.218207 -0.260465 -0.0329348 -0.00330227 0.0205433 -0.000903749 -0.002586 0.00190347 0.00074089 -0.279733 -0.00249906
internal_weight=1.13892e+06 1.1386e+06 563281 575322 4039.89 571282 122182 449100 30097 23260.4 5733.53 2342.24 721.672 709.714 560.295 536.971 6836.59 3391.3 457.438 212.977 184.225 1620.56 946.49 804.653 419003 261998 157005 144401 26.9902 261874
internal_count=18502939 17851834 11197914 6653920 19565 6634355 1879241 4755114 198744 148057 23205 9919 4732 4550 3913 3640 50687 13286 3185 1547 1365 5187 2457 1820 4556370 3321591 1234779 1132768 364 3319771
is_linear=0
shrinkage=0.05


Tree=227
num_leaves=31
num_cat=0
split_feature=11 6 6 4 4 11 5 1 11 0 4 10 12 1 11 5 4 0 11 4 6 9 6 6 5 5 5 6 2 0
split_gain=329.072 682.407 683.135 601.993 576.436 453.593 504.94 408.045 1113.34 951.858 1206.8 970.538 999.388 882.602 737.484 1176.24 895.467 712.439 614.688 794.191 830.873 613.913 590.762 1287.79 921.348 1090.64 790.908 809.659 812.373 799.503
threshold=30.500000000000004 0.73798627002288331 0.1012820512820513 0.92795653174635884 0.91105120100449632 38.500000000000007 0.97969490826633698 1.0000000180025095e-35 25.500000000000004 0.38224867724867734 0.6249405738713133 1.0000000180025095e-35 44.500000000000007 0.023532668881506128 4.5000000000000009 0.76728257406817468 0.80468074283614099 0.34780767907702898 26.500000000000004 0.57901175497666735 0.29520697167755999 1.0000000180025095e-35 0.21583850931677021 0.19677419354838713 0.72104203935599298 0.73931311655096832 0.66298241328773833 0.41421568627450983 0.23611111111111113 0.39887757026976051
decision_type=2 2 2 2 2 2 2 2 2 2 2 2 2 2 2 2 2 2 2 2 2 2 2 2 2 2 2 2 2 2
left_child=7 2 -2 4 -3 6 -5 8 9 10 -1 12 14 -9 15 -12 -17 -18 -10 -20 -21 -16 23 -11 26 -26 27 28 -24 -29
right_child=1 3 -4 5 -6 -7 -8 13 18 22 11 -13 -14 -15 21 16 17 -19 19 20 -22 -23 24 -25 25 -27 -28 29 -30 -31
leaf_value=-0.082792318961709188 0.06158739039756881 -0.060333645157033669 -0.060649127756719823 -0.066516883115791334 0.09320295255299077 -0.10678598182723925 0.028723583596624337 -0.044607043518051039 0.067831955313207626 -0.01871169220057908 -0.083078039143053284 0.0065127831308114384 0.1024385016394873 -3.4243551588125277e-05 -0.089643738081591554 0.18404468190766529 0.018710222802657904 -0.13527702009643147 0.082618188400099754 -0.070435303714093886 0.021243926369523623 0.0055816615134840555 -0.052063795996778461 0.095639483030282302 0.13681852316517049 0.019768880433400023 -0.076731742988109808 -0.047704271972992089 0.071387137435797929 0.051856099450082287
leaf_weight=514.64345955073441 129.10031958011677 77.430967912077904 996.98096949869068 200.81612076982856 290.41322001814842 118.61624160781503 453.32620495324954 1111.7252281322144 979.10012274200562 404.12835699024799 416.83741778815966 6253.3783854501089 134.03976810333552 1115788.6121199848 811.95128035879679 74.762857258319855 760.37141211330891 83.3470463976264 398.6593615511083 305.43928746436723 1294.6437726691365 213.82854809678975 859.38068900350481 630.07289805309847 212.36698351800442 3164.7623991668224 405.42924860864878 263.05506595224142 157.71929198503494 863.75856152549386
leaf_count=35763 39039 819 42952 1365 364 637 2457 13286 4459 81809 14924 35217 1456 18151952 19747 91 1820 546 1911 8372 3913 3913 16107 3913 546 9009 2639 1183 182 2548
internal_value=7.66308e-06 -0.0190245 -0.0466352 0.00823478 0.0608836 -0.0168268 -0.000514428 4.56349e-05 0.00727255 0.00211447 -0.00838398 -0.00400681 -0.0303713 -7.86098e-05 -0.0379109 -0.0134189 0.0181947 0.00349853 0.0353747 0.0194753 0.00374331 -0.0697936 0.0160857 0.0509552 0.0100007 0.0271294 -0.0126897 -0.000578938 -0.0329206 0.0286137
internal_weight=1.13837e+06 2266.68 1126.08 1140.6 367.844 772.759 654.142 1.1361e+06 19201.7 16223.8 9263.16 8748.52 2495.14 1.1169e+06 2361.1 1335.32 918.481 843.718 2977.84 1998.74 1600.08 1025.78 6960.67 1034.2 5926.47 3377.13 2549.34 2143.91 1017.1 1126.81
internal_count=18502939 87633 81991 5642 1183 4459 3822 18415306 250068 231413 113477 77714 42497 18165238 41041 17381 2457 2366 18655 14196 12285 23660 117936 85722 32214 9555 22659 20020 16289 3731
is_linear=0
shrinkage=0.05


Tree=228
num_leaves=31
num_cat=0
split_feature=8 6 0 0 2 9 5 12 6 11 1 0 4 0 1 0 0 11 4 6 6 1 1 4 1 11 12 11 1 12
split_gain=324.154 317.595 791.443 1432.24 1759.07 1594.18 1530.29 1770.07 6476.88 1328.03 1824.88 1886.28 1939.59 1372.59 1356.54 1598.16 1508.61 1281.23 1308.8 1196.8 1149 1185.44 1145.84 1120.27 1073.82 1061.46 1059.79 1024.3 1085.63 1050.84
threshold=1.0000000180025095e-35 0.82480818414322254 0.3760162314083883 0.57407123032123042 0.080128205128205135 1.0000000180025095e-35 0.95500556736511799 6.5000000000000009 0.95346320346320357 4.5000000000000009 0.21244358478401035 0.43415286404416847 0.94389916592433776 0.45240306648975387 0.20156250000000001 0.51586661546338974 0.43814559623383159 1.0000000180025095e-35 0.91902622287429614 0.86811594202898557 0.90692640692640702 0.091966173361522255 0.30860805860805868 0.91105120100449632 0.080540540540540509 1.5000000000000002 19.500000000000004 5.5000000000000009 0.035098522167487663 10.500000000000002
decision_type=2 2 2 2 2 2 2 2 2 2 2 2 2 2 2 2 2 2 2 2 2 2 2 2 2 2 2 2 2 2
left_child=-1 -2 -3 4 5 9 23 -8 -9 10 11 -4 26 -14 15 27 -16 18 -7 -12 21 -17 -18 -5 -25 -15 -13 29 -29 -11
right_child=1 2 3 6 -6 17 7 8 -10 14 19 12 13 25 16 20 22 -19 -20 -21 -22 -23 -24 24 -26 -27 -28 28 -30 -31
leaf_value=-0.051709774407700748 -0.00024575552300516794 0.012625753222153192 0.0040408638058543386 0.0032465664155855002 0.029823833310008603 -0.17535715960694195 -0.0048111323716464732 -4.5889133179453898 0.050273803818261548 0.040493264357036693 0.085216103542812408 -0.092936120562355021 -0.14280028519092638 0.0060585692543486487 0.0763197325107762 0.093209577262855017 -0.049268317936449986 -0.057064844344025895 0.049970684939359272 0.00056968865598154095 0.034929909252192158 -0.046249864686472783 0.043211621506283333 -0.30316656945364556 0.02436994761469536 -0.042214282167774064 0.082507286789229542 -0.084423299855358638 -0.005112448837486008 -0.093081256218113487
leaf_weight=302.90956143545918 1032714.9410072679 16688.904291736952 3097.8326971381903 11952.689274351578 3302.0913948426023 73.15001055598259 15527.223810746276 0.98071669228374858 3.2310157692991197 1900.0608270019293 558.75911024212837 1876.6131010651588 238.93656130135059 2119.7227304875851 314.8339084982872 184.60290712118149 2839.2388532236218 2617.9104171609506 541.4783326536417 1652.7602057754993 5588.5605461299419 872.91654209047556 379.74046905338764 25.066006153821945 14808.389347499236 2460.7717365473509 90.215040862560272 444.41859011352062 14816.983005795628 159.60934557020664
leaf_count=651105 16713606 69979 10192 134680 25207 364 558194 91 273 4277 728 8099 1092 4914 455 182 10010 14287 910 4004 10010 3367 637 182 218309 7280 91 1820 47866 728
internal_value=7.01116e-06 2.07788e-05 0.00263881 0.000754432 -0.00533946 -0.00805052 0.0073975 -0.00508913 -1.02998 -0.00529431 -0.0191015 -0.028288 -0.0430457 -0.0259693 0.000778438 0.00504253 -0.0281416 -0.0418123 0.0231533 0.0219563 0.0258863 -0.0219055 -0.0383585 0.0146376 0.0238165 -0.019875 -0.0848888 -0.00295521 -0.00742201 0.0301422
internal_weight=1.13816e+06 1.13785e+06 105138 88448.8 46131.2 42829.1 42317.6 15531.4 4.21173 39596.6 12095.6 9884.09 6786.26 4819.43 27501 23967.2 3533.81 3232.54 614.628 2211.52 6646.08 1057.52 3218.98 26786.1 14833.5 4580.49 1966.83 17321.1 15261.4 2059.67
internal_count=18502939 17851834 1138228 1068249 156520 131313 911729 558558 364 115752 36400 31668 21476 13286 79352 68250 11102 15561 1274 4732 13559 3549 10647 353171 218491 12194 8190 54691 49686 5005
is_linear=0
shrinkage=0.05


Tree=229
num_leaves=31
num_cat=0
split_feature=11 11 0 1 0 7 12 2 1 2 2 2 2 2 5 4 0 11 6 4 6 5 4 6 12 4 6 1 6 5
split_gain=316.405 977.398 846.512 2491.84 1464.37 999.768 907.251 950.943 1085.94 945.446 1993.67 1352.57 1134.42 1098.88 1048.66 2256.19 945.517 1262.9 2003.1 1340.77 1258.3 1244.35 1570.71 1267.61 1196.05 1116.7 1106.31 1052.31 1002.52 919.027
threshold=8.5000000000000018 11.500000000000002 0.48413160913160919 0.10582306830907058 0.53062807117934174 1.0000000180025095e-35 11.500000000000002 0.63068181818181823 0.41277890466531447 0.26136363636363641 0.19090909090909094 0.35416666666666669 0.41428571428571431 0.61250000000000016 0.6350278850278851 0.70532092006646852 0.85748893760402711 9.5000000000000018 0.55777777777777793 0.76080849281877538 0.37268518518518523 0.75721220527045785 0.73093975874921124 0.43875000000000003 9.5000000000000018 0.92499961861174695 0.73798627002288331 0.60263157894736852 0.58957219251336912 0.81594071385359956
decision_type=2 2 2 2 2 2 2 2 2 2 2 2 2 2 2 2 2 2 2 2 2 2 2 2 2 2 2 2 2 2
left_child=-1 2 -2 -4 5 -5 9 8 29 10 14 -11 -13 -14 -6 -16 17 20 19 -19 -15 22 27 -24 -25 26 -22 -18 -27 -8
right_child=1 -3 3 4 6 -7 7 -9 -10 11 -12 12 13 16 15 -17 21 18 -20 -21 25 -23 23 24 -26 28 -28 -29 -30 -31
leaf_value=0.00044656004805582211 -0.014100246836416107 0.00079882690230865497 0.080506026666349068 0.02464137122805268 -0.054888234897828153 -0.052364413043614104 -0.0097576443920755068 -0.0095646516131325868 0.033968247379014764 0.035887130494668962 -0.070912266934380325 -0.055404430956589514 0.010995873930464133 0.026699412238628276 0.33830588735168904 -0.0072528123220490827 -0.1041785379730904 -0.091282541465521089 -0.045805330681659227 0.061195479100616727 -0.075755526186762748 0.0026592630052907976 -0.068904785707252988 -0.031979090661648377 0.04569153737149155 -0.12255324002941587 -0.20604154080090417 0.046718266427839023 -0.00044193420715690638 0.071110000258881187
leaf_weight=891883.98451740318 22681.559234260902 156622.65591165388 883.3211580683419 5776.0260209205298 1242.0447227408913 454.67414001912402 3808.985173269677 6942.1710364985047 4062.4453248627178 1804.2243640089073 1833.322711629171 1244.3799618094054 6846.1192828379571 443.46541707450524 47.590168833732605 6345.5060263841879 130.82893379288726 165.87507184420247 1380.401926771272 1101.8964934572577 1392.3420643806458 12783.903296587523 1884.3969695568085 2627.2863687723875 610.89804043248296 209.56611584126949 184.532540936023 988.50208454969106 849.11873841611668 387.03181730210781
leaf_count=13816621 527891 3055052 16835 226954 223041 46137 248430 28847 48139 14378 60788 10010 30758 2912 91 44044 2275 1456 6643 2184 5733 48321 7826 9191 1547 1001 1092 9646 4277 819
internal_value=8.86432e-06 -0.00157973 -0.00576025 -0.00291272 -0.00403687 0.019022 -0.006459 0.00407548 0.0155415 -0.0100887 -0.0240906 -0.00626234 -0.00857778 -0.00673373 -0.012848 -0.00468048 -0.0116373 -0.0294485 -0.00413122 0.0412453 -0.051223 -0.00627579 -0.0245754 -0.0362999 -0.0173262 -0.0643344 -0.0910021 0.0290812 -0.0246138 -0.00229858
internal_weight=1.13762e+06 245735 89112.4 66430.9 65547.5 6230.7 59316.8 15200.6 8258.46 44116.2 9468.46 34647.7 32843.5 31599.1 7635.14 6393.1 24753 5727.2 2648.17 1267.77 3079.02 19025.8 6241.91 5122.58 3238.18 2635.56 1576.87 1119.33 1058.68 4196.02
internal_count=18502939 4686318 1631266 1103375 1086540 273091 813449 326235 297388 487214 327964 159250 144872 134862 267176 44135 104104 25298 10283 3640 15015 78806 30485 18564 10738 12103 6825 11921 5278 249249
is_linear=0
shrinkage=0.05


Tree=230
num_leaves=31
num_cat=0
split_feature=6 5 6 4 2 12 4 1 11 2 0 0 1 11 12 5 1 1 0 11 11 1 4 4 4 4 5 6 6 12
split_gain=318.061 2632.75 1891.77 2658.83 1837.41 956.201 1370.07 1384.83 1508.28 1329.6 1780.52 7583.41 3132.47 1238.38 1202.43 2004.34 1139.16 1133.37 994.392 930.853 908.947 878.693 867.742 839.577 1637.92 1643.97 1624.26 1573.81 1523.49 1178.94
threshold=0.24621212121212124 0.40078740157480319 0.23205128205128209 0.64285114539179589 0.63068181818181823 8.5000000000000018 0.60970861581845581 0.1980392156862745 19.500000000000004 0.47222222222222227 0.51055537394210171 0.50941181566181581 0.24417344173441738 10.500000000000002 82.500000000000014 0.27669072948328272 0.028174603174603189 0.025320512820512845 0.91663398692810472 15.500000000000002 21.500000000000004 0.58898944193061853 0.72244810297499618 0.59944411053808488 0.73093975874921124 0.72244810297499618 0.41202270381836947 0.048809523809523817 0.12660256410256412 11.500000000000002
decision_type=2 2 2 2 2 2 2 2 2 2 2 2 2 2 2 2 2 2 2 2 2 2 2 2 2 2 2 2 2 2
left_child=2 5 23 19 -5 9 7 16 14 10 11 13 -13 -2 -9 -16 17 -7 -17 21 -8 -4 -15 26 25 27 -1 -25 29 -26
right_child=1 -3 3 4 -6 6 20 8 -10 -11 -12 12 -14 22 15 18 -18 -19 -20 -21 -22 -23 -24 24 28 -27 -28 -29 -30 -31
leaf_value=0.0007568101056855325 -0.044359416275453811 -9.0646559942126519e-05 -0.091139356140561872 -0.058370338170804031 -0.19140228284681893 -0.12138856616393026 0.02649193393307488 0.019871555320959838 0.27677827645999359 0.015066743170351119 -0.061691914198313706 -0.05148956525159331 1.4737383119548648 0.05186330325233432 -0.011073669511534115 -0.054270606289904336 -0.046376678895763954 0.082023545222086491 -0.78154190327280582 0.08715119722790976 -0.03010202356641984 0.0096515379551546238 -0.067325023549224608 -0.038365318453416175 0.012087490393404753 -0.080129481913969139 0.083866774204748334 -0.0054116472083801954 0.0018661943144834634 0.070157750187789539
leaf_weight=181454.53676821679 918.47777746315114 814185.50250557717 278.15588041418232 1189.1405934140785 332.03239620476961 85.020414344966412 20136.207795763621 2820.8279370339587 55.926842868328094 5905.6620654058643 1658.8292169321794 4.6229630885645756 12.384322479367256 981.5599126284942 51.845403779298067 6.5973804816603687 2074.3354410431348 351.97713608667254 16.343272220343351 286.42396664386615 735.38751462404616 971.43700749799609 180.84357474162243 3796.6833020038466 1924.7362976489239 773.93233406904619 589.79262869030936 79262.722109700859 14724.244404096913 1601.0837603660766
leaf_count=5620433 34489 5661110 4914 61880 1820 637 146419 17745 91 24479 66703 273 91 16562 364 91 15652 637 273 1001 6279 3913 4823 2043496 181818 50141 9646 4255888 224770 46501
internal_value=8.43977e-06 0.000494399 -0.00143019 -0.040552 -0.0874077 0.0137271 0.0186633 -0.00362857 0.0195926 0.000273687 -0.0229814 0.00762754 1.05915 -0.000966656 0.0146253 -0.183258 -0.0309202 0.0424485 -0.57239 0.00585092 0.0244979 -0.0127842 0.0333203 -0.00100925 -0.00463881 -0.00759385 0.00102607 -0.00691797 0.00893542 0.0384573
internal_weight=1.13737e+06 850182 287185 3057.19 1521.17 35996.8 26334.5 5462.87 2951.54 9662.38 3756.72 2097.89 17.0073 2080.88 2895.61 74.7861 2511.33 436.998 22.9407 1536.02 20871.6 1249.59 1162.4 284128 102083 83833.3 182044 83059.4 18250.1 3525.82
internal_count=18502939 5996718 12506221 73528 63700 335608 188188 35490 18564 147420 122941 56238 364 55874 18473 728 16926 1274 364 9828 152698 8827 21385 12432693 6802614 6349525 5630079 6299384 453089 228319
is_linear=0
shrinkage=0.05


Tree=231
num_leaves=31
num_cat=0
split_feature=11 11 10 6 0 1 11 0 1 1 5 5 4 12 2 1 1 0 4 6 0 0 0 6 4 12 5 1 12 1
split_gain=320.751 786.792 2585.87 1332.28 1934.39 1655.71 1473.67 1368.57 1111.8 1530.53 2425.09 4967.42 2624.85 1431.16 1050.86 1805.97 1135.02 1229.22 1767.04 1106.11 1025.74 1042.25 1100.21 921.82 1095.39 1117.47 1400.5 1115.85 1260.23 1097.12
threshold=18.500000000000004 14.500000000000002 1.0000000180025095e-35 0.90692640692640702 0.63893883258871831 0.50555555555555565 17.500000000000004 0.8445851016799294 0.16172624237140368 0.14854215918045707 0.72104203935599298 0.71480709071949955 0.83261318913644511 20.500000000000004 0.07417582417582419 0.065942028985507231 0.036375661375661401 0.37744769991146815 0.99912280701754397 0.77525252525252542 0.41475260532754815 0.39635934833703595 0.39887757026976051 0.62731481481481499 0.69484466761986563 38.500000000000007 0.32209077465589814 0.028174603174603189 41.500000000000007 0.035098522167487663
decision_type=2 2 2 2 2 2 2 2 2 2 2 2 2 2 2 2 2 2 2 2 2 2 2 2 2 2 2 2 2 2
left_child=1 -1 3 4 5 8 7 -6 9 -3 11 12 -11 -14 15 16 17 23 -19 -17 21 -18 -23 24 25 26 -4 -27 -29 -30
right_child=-2 2 14 -5 6 -7 -8 -9 -10 10 -12 -13 13 -15 -16 19 20 18 -20 -21 -22 22 -24 -25 -26 27 -28 28 29 -31
leaf_value=-0.00015079989557368416 -0.0041027044059383242 -0.028876060248983371 -0.01550908401117353 0.014274377988311261 0.0069185175172749875 -1.0193816406870162 0.042160995541992569 -0.055670752688363717 -0.050176524560230099 -0.051815154704153966 -0.065702303091148481 0.90842787916065193 0.098546626183976083 0.3630991764974088 0.053328962888099476 -0.088191086778718952 0.024577781789116626 -0.069486557755908659 -1.1588411759323711 0.050125436098504943 0.13043101653770015 -0.17548443598870661 -0.0015729348270427535 0.020723739460967328 -0.010568416247976734 -0.10907727999527515 0.043090584267414092 -0.092765984692127393 0.016011635116260789 -0.12720217437946099
leaf_weight=1029201.6025105597 45568.328319262713 2596.156974048663 1365.6656518990203 4135.6960853600176 2763.0683722068134 4.2653617442119858 1741.0779923012742 1277.0621794796607 4468.2674315460936 171.33770593134977 248.23708950448781 19.651954188942909 118.88227358437143 89.689602649770677 1491.8811558224261 706.746096531082 13246.753339453542 407.61776781844674 3.756928287446498 181.70219539105892 222.03199731558561 130.8335068160668 298.25572816981003 9057.6858976893127 9537.4177891155123 251.21498314919882 4023.7709707005415 331.41245379357133 3034.0020199520732 139.89520856318995
leaf_count=16537612 971334 190554 35945 29666 46683 182 12194 12103 386477 47138 3094 91 1729 273 5096 10010 68887 4368 91 455 455 1001 2639 44408 42861 2366 22568 3731 17472 1456
internal_value=7.26769e-06 0.000178889 0.00564609 -0.0105544 -0.0181619 -0.0345456 0.0037063 -0.0128656 -0.0340009 -0.0117204 0.0570338 0.133287 0.09319 0.212309 0.0120756 0.0106423 0.0121328 0.00636113 -0.0794352 -0.0599031 0.0238243 0.0220935 -0.0546003 0.00763341 0.00128723 0.0136503 0.0282416 -0.00728367 1.15699e-05 0.00969923
internal_weight=1.13683e+06 1.09127e+06 62064 17633.4 13497.7 7716.49 5781.21 4040.13 7712.22 3243.96 647.799 399.562 379.91 208.572 44430.6 42938.8 42050.3 28152.4 411.375 888.448 13897.9 13675.8 429.089 27741.1 18683.4 9145.96 5389.44 3756.52 3505.31 3173.9
internal_count=18502939 17531605 993993 730184 700518 629538 70980 58786 629356 242879 52325 49231 49140 2002 263809 258713 248248 175266 4459 10465 72982 72527 3640 170807 126399 83538 58513 25025 22659 18928
is_linear=0
shrinkage=0.05


Tree=232
num_leaves=31
num_cat=0
split_feature=2 6 7 1 5 11 4 6 4 10 2 0 1 9 1 11 0 6 1 6 4 5 9 2 1 6 0 11 1 4
split_gain=314.035 921.301 756.571 652.387 1084.76 896.233 799.474 612.389 1156.87 611.381 2355.53 1429.52 972.734 961.721 930.328 1167.28 991.263 896.452 2920.87 3103.55 2072.08 1699.93 1693.31 2991.46 2409.96 1432.73 1377.74 1822.42 1638.71 7248.08
threshold=0.43650793650793657 0.94590643274853814 1.0000000180025095e-35 0.27823315118397091 0.41696642685851321 4.5000000000000009 0.70845555119537962 0.73798627002288331 0.88286091815161594 1.0000000180025095e-35 0.07417582417582419 0.41921134421134426 0.15301003344481609 1.0000000180025095e-35 0.12403846153846156 1.5000000000000002 0.39635934833703595 0.21132376395534294 0.81322674418604668 0.20942982456140355 0.63382580602177963 0.40078740157480319 1.0000000180025095e-35 0.30952380952380959 0.38548951048951052 0.17752100840336138 0.4859379286374193 1.0000000180025095e-35 0.096006144393241191 0.62936800744129362
decision_type=2 2 2 2 2 2 2 2 2 2 2 2 2 2 2 2 2 2 2 2 2 2 2 2 2 2 2 2 2 2
left_child=9 2 3 4 -2 6 -6 -8 -9 17 11 13 -13 14 16 -16 -11 18 22 -20 21 26 -1 -24 25 -25 27 -19 29 -28
right_child=1 -3 -4 -5 5 -7 7 8 -10 10 -12 12 -14 -15 15 -17 -18 20 19 -21 -22 -23 23 24 -26 -27 28 -29 -30 -31
leaf_value=-0.022804162666005282 -0.048714430243330942 0.040599501869881587 0.026092215042473638 0.00034557190223473178 -0.14905150639443016 0.035018463974679157 0.018413622927470848 -0.34174409519869797 -0.027615001118462257 0.0014371718377012865 0.042301235057725838 -0.071061108022540176 0.020538438830333464 0.037698133945039902 0.14155909888647442 -0.10155074231146295 -0.017336584387169451 0.12130790197580568 0.046643645893734723 -1.6655439028950596 -0.0021164316665737565 -0.029418013850853481 -0.036407693181885484 0.089841025843189912 0.0013492756049746481 -0.090709382384274242 0.09814817646141602 -0.050019526266699955 0.044698393849357455 1.2986081297444412
leaf_weight=19645.749802495993 566.67861236364115 1442.5872501768172 2898.0778125713114 672571.75088297075 100.7132286131382 4142.1549191512167 841.1304247379303 34.097513765096664 208.72856368497014 138844.02799416994 3466.9173489264213 1131.8708845303336 389.59413867571857 1774.3312132389983 230.87530252709985 62.807317826693179 7406.2115606867301 194.12430644314736 2203.1100646557752 2.6498298328369847 265038.78412167612 1121.9937641664874 2618.1101394304133 1595.601628988501 2655.3131953061529 118.002795830369 124.2458742777817 774.40259396401234 4236.7732238478493 13.989598008804021
leaf_count=6347705 18473 483210 137774 6630260 455 11284 2639 273 1274 1080261 12740 28756 6461 9009 364 1365 80080 1092 16744 91 2451813 31577 944307 42315 64792 546 3458 29575 63609 637
internal_value=6.6327e-06 0.00068411 0.0005996 0.000490708 0.0170538 0.0240504 -0.0142992 -0.00177904 -0.0717248 -0.00101306 0.00155611 0.000613371 -0.0476057 0.00110801 0.000664979 0.0895673 0.000486456 -0.00232447 -0.0107061 0.0445868 -0.0014342 0.0265323 -0.0152855 0.00585513 0.0311815 0.0774079 0.0382803 -0.0156799 0.0502258 0.219636
internal_weight=1.13646e+06 682806 681363 678465 5893.5 5326.82 1184.67 1083.96 242.826 453649 153307 149840 1521.47 148318 146544 293.683 146250 300343 28838.5 2205.76 271504 6465.53 26632.8 6987.03 4368.92 1713.6 5343.54 968.527 4375.01 138.235
internal_count=18502939 7285642 6802432 6664658 34398 15925 4641 4186 1547 11217297 1219036 1206296 35217 1171079 1162070 1729 1160341 9998261 7416500 16835 2581761 129948 7399665 1051960 107653 42861 98371 30667 67704 4095
is_linear=0
shrinkage=0.05


Tree=233
num_leaves=31
num_cat=0
split_feature=6 4 6 12 5 5 12 5 4 6 6 4 4 5 0 4 4 5 5 6 4 5 12 5 4 4 12 12 4 5
split_gain=309.322 3887.5 1931.01 1517.15 1259.23 1222.45 1050.17 953.295 1013.94 1083.6 939.774 1642.55 5276.31 12016.1 2008.36 1849.87 2105.35 1823.32 1682.71 1521.59 1473.23 1205.5 1173.96 1057.25 1048.91 2710.58 956.669 992.743 1268.15 1109.73
threshold=0.065591397849462371 0.44347452395479253 0.048809523809523817 58.500000000000007 0.37544326241134757 0.19241053064582478 10.500000000000002 0.22994252873563223 0.61864627291239371 0.053342816500711245 0.077935222672064791 0.61335922531574705 0.61250118957194033 0.32960789210789221 0.72279980368215668 0.55554022262139924 0.57026054987212282 0.38829240434037698 0.21631706333198872 0.087595907928388769 0.55691091578624474 0.26837452938287776 60.500000000000007 0.19702499447024999 0.53878263460440257 0.5403909112509756 88.500000000000014 81.500000000000014 0.61250118957194033 0.27669072948328272
decision_type=2 2 2 2 2 2 2 2 2 2 2 2 2 2 2 2 2 2 2 2 2 2 2 2 2 2 2 2 2 2
left_child=1 -1 4 7 -3 6 -2 -4 9 -9 11 12 15 -14 -15 -7 21 18 22 20 24 -17 -18 -21 -12 -26 27 -25 29 -29
right_child=5 2 3 -5 -6 10 -8 8 -10 -11 19 -13 13 14 -16 16 17 -19 -20 23 -22 -23 -24 26 25 -27 -28 28 -30 -31
leaf_value=0.00097614904937388188 -0.016305864563872161 -0.038000334608300122 -0.057654019344137199 0.029056766661531643 0.038273262510561734 -0.02010629196532121 0.025325179951237287 -0.052175358316529787 -0.05330838587080744 0.03549144507664282 -0.05667119152704158 -0.018200092577935888 -0.052537374876118974 -0.050054627614496409 2.6650616746288547 0.063216619669405547 0.14251298605102156 0.31982753069038883 -0.010479711312846402 -0.065101585609843846 -0.048985902674637767 0.16617354062619402 -0.072163707668527907 0.00016429477106053513 0.52759984313117547 0.048104150677028612 0.035266513720867962 -0.051780563723445097 0.033133021814340052 -0.20053404588274959
leaf_weight=130003.31178892878 1857.0849946660965 12051.492951389591 1198.6800246600724 2548.5003849923814 566.56195906028734 1213.8590326300218 8219.4256929202893 460.94324339312516 755.91414432125021 1497.9901341411241 176.77189929732049 2016.1181777037018 14.201987911386825 0.7550195810617869 6.955850750207901 689.86082957595499 341.43715815389805 49.892413145571481 1537.8876701170193 620.64235555566847 2717.453810904477 483.63452230159601 78.284322407562286 963061.59669645003 32.509894944378175 315.57843367008172 1938.6506008951692 693.61012269731145 362.1139625646174 153.04291896894574
leaf_count=473655 215943 5629533 247793 94094 8008 69797 137137 85722 296387 157430 18473 383201 3822 819 91 25116 16562 1092 144508 33124 459277 11830 1274 9952852 1274 14469 9100 5824 2639 2093
internal_value=5.74819e-06 -0.00211702 -0.0231925 -0.000965354 -0.0345756 0.000326522 0.0176526 -0.0205158 -0.00411832 0.0148632 0.000147734 0.0191955 0.0362654 0.810202 2.39921 0.0324065 0.0524453 0.0213451 0.0137378 2.14219e-05 -0.0341737 0.105648 0.102473 0.000136097 0.042516 0.0928869 0.000178002 0.000107457 -0.0451765 -0.0786696
internal_weight=1.13566e+06 149083 19080.1 6462.03 12618.1 986581 10076.5 3913.53 2714.85 1958.93 976505 6432.89 4416.77 21.9129 7.71087 4394.86 3181 2007.5 1957.61 970072 3242.31 1173.5 419.721 966830 524.86 348.088 966209 964270 1208.77 846.653
internal_count=18502939 6992622 6518967 881426 5637541 11510317 353080 787332 539539 243152 11157237 658112 274911 4732 910 270179 200382 163436 162344 10499125 493493 36946 17836 10005632 34216 15743 9972508 9963408 10556 7917
is_linear=0
shrinkage=0.05


Tree=234
num_leaves=31
num_cat=0
split_feature=11 9 2 2 2 0 11 6 11 11 0 5 6 1 0 1 2 5 0 0 1 5 4 6 4 4 5 12 5 1
split_gain=310.558 913.098 2395.16 2309.86 1439.1 1115.97 1050.5 1129.97 931.809 1087.24 1530.5 2077.46 1824.42 1474.6 1163.4 1095.81 1079.57 983.224 843.929 1866.51 841.917 759.009 1594.93 770.28 740.599 1026.93 902.909 989.079 824.791 909.802
threshold=8.5000000000000018 1.0000000180025095e-35 0.26136363636363641 0.63068181818181823 0.78888888888888908 0.93135579017931969 10.500000000000002 0.69397993311036799 15.500000000000002 10.500000000000002 0.5401710950080516 0.59537185660781178 0.70710784313725505 0.407785336356765 0.57879750569851007 0.39339826839826847 0.38750000000000007 0.76279923117246207 0.71212121212121227 0.8336956949860177 0.73746867167919816 0.73931311655096832 0.89666399019002252 0.63245614035087727 0.87661889473430366 0.88578179283369018 0.80569039913700113 4.5000000000000009 0.28215467328370558 0.46770833333333339
decision_type=2 2 2 2 2 2 2 2 2 2 2 2 2 2 2 2 2 2 2 2 2 2 2 2 2 2 2 2 2 2
left_child=-1 20 -3 8 6 -6 7 24 9 10 11 -4 -13 21 -15 -12 -16 -14 -18 -20 -2 -11 -23 -24 28 -26 -27 -28 -5 -30
right_child=1 2 3 4 5 -7 -8 -9 -10 13 15 12 17 14 16 -17 18 -19 19 -21 -22 22 23 -25 25 26 27 -29 29 -31
leaf_value=0.00043549802315430701 -0.0001362566683478521 -0.037003194771925645 0.064649514178355239 0.033868830034112368 0.057374347224894019 -0.090177598627352418 -0.003289901265007323 -0.076282247385038471 0.042478302239111962 0.034964505885648818 -0.0062506708851000417 -0.19757316354077506 -0.60510378304199275 0.038034055210050613 0.061316599305926728 0.047522372176149165 -0.14046455037449096 -0.0011922178204087741 0.020672866141525449 -0.10431784943119207 -0.031599829011180185 -0.1255416134548783 -0.13310839721525244 0.036602283496713926 0.065496722495523463 -0.082128062438818816 -0.050625595369717502 0.055774196367079754 0.10156853402432303 -0.05653149673020267
leaf_weight=890276.89122183272 213358.87676579511 6361.6487321967434 303.74400887551019 323.82369662472047 894.62095207418315 149.56929854105692 3396.7988917443436 1463.7623700811528 2125.7968139423756 1602.9115198559593 1319.7344754893566 251.36250569671392 6.8980421945452681 370.59058464737609 167.30516033474123 3358.4199935104989 352.38438230287284 293.76054001227021 508.68975108524319 723.50377733726054 2147.5482687788899 265.33938157558441 74.877191588282585 624.49696147022769 443.77795201539993 427.61253248155117 407.0707911029458 471.29939153790474 94.43853747844696 2496.3592571392655
leaf_count=13816621 4120844 423696 2366 2275 4186 1456 14014 7553 24570 7826 5278 1365 91 2821 2275 9555 4823 1001 6734 8190 11102 1183 364 3185 910 2093 2730 910 91 12831
internal_value=1.82457e-06 -0.00157542 -0.00986008 -0.00232593 -0.0194843 0.0362391 -0.0255931 -0.0379556 0.0123584 0.00609584 0.0211064 -0.040373 -0.0981606 -0.0116153 -0.0424515 0.0323527 -0.0594773 -0.0150478 -0.0722311 -0.0527176 -0.000449795 0.0138747 -0.0211668 0.0184325 -0.025928 -0.000214226 -0.0225431 0.00646441 -0.041365 -0.0507685
internal_weight=1.13506e+06 244787 29280.6 22918.9 10569.1 1044.19 9524.94 6128.14 12349.8 10224 5533.92 855.765 552.021 4690.1 2122.47 4678.15 1751.88 300.659 1584.58 1232.19 215506 2567.63 964.714 699.374 4664.38 1749.76 1305.98 878.37 2914.62 2590.8
internal_count=18502939 4686318 554372 130676 49049 5642 43407 29393 81627 57057 19656 4823 2457 37401 24843 14833 22022 1092 19747 14924 4131946 12558 4732 3549 21840 6643 5733 3640 15197 12922
is_linear=0
shrinkage=0.05


Tree=235
num_leaves=31
num_cat=0
split_feature=6 6 4 12 5 4 1 4 12 5 0 0 6 11 4 6 5 6 0 0 12 5 1 1 0 6 6 6 12 12
split_gain=311.112 2498.15 2101.01 1027.84 1017.8 1246.53 2540.84 1503.87 1705.97 1350.49 1095.27 1082.84 1024.32 956.133 936.49 1051.21 1574.1 1198.88 1017.75 1013.38 1521.73 1004.13 933 1193.84 1265.08 1270.79 8055.04 1056.22 2390.28 924.977
threshold=0.47722567287784684 0.47213622291021679 0.71868117470489601 41.500000000000007 0.79324593901396423 0.85818651392118561 0.036375661375661401 0.79885892921026314 15.500000000000002 0.57962779973649547 0.47566485658590923 0.55485607742640997 0.86811594202898557 1.0000000180025095e-35 0.78710929072559799 0.87867647058823539 0.82063376874697636 0.79057017543859665 0.3760162314083883 0.40071984209915251 12.500000000000002 0.82487113402061862 0.033908045977011476 0.048199767711962889 0.38224867724867734 0.78019323671497598 0.77525252525252542 0.73798627002288331 16.500000000000004 17.500000000000004
decision_type=2 2 2 2 2 2 2 2 2 2 2 2 2 2 2 2 2 2 2 2 2 2 2 2 2 2 2 2 2 2
left_child=1 -1 -2 4 5 7 10 8 -4 11 -7 13 29 -9 15 16 19 -18 -16 20 -6 -19 -10 -24 -25 26 27 -26 -29 -11
right_child=2 -3 3 -5 14 6 -8 9 22 12 -12 -13 -14 -15 18 -17 17 21 -20 -21 -22 -23 23 24 25 -27 -28 28 -30 -31
leaf_value=-0.00065478286373617754 0.025212979507850293 -0.068662704622786369 0.0082696762824451785 -0.068160957070747125 -0.13208641540637875 -0.026801907487384161 0.0094267284124566614 -0.1902121012231909 -0.07455376879205719 -0.013782489801821556 0.056175897192967922 0.034955029713511471 -0.35024791352677709 -0.0060999389320448528 0.0075183932558226009 0.12787198241355538 -0.062480867684358045 -1.0295145289801617 -0.0016520593352098677 0.001246553920841516 0.038195885612513671 -0.23082616078830187 0.042547968454411882 -0.12501542932465215 -0.014101177781773869 0.16511411136534412 -2.2972579605406507 -1.6903662632361152 -0.15023542799692285 0.010891142358950919
leaf_weight=573683.15602458757 8705.2951598302461 1353.5145181457046 47126.442656815925 545.22181563638151 365.74603222310543 6580.4988253563643 94303.985133733368 73.412866830825806 658.94273321330547 32512.496857356513 423.26177608966827 3076.2784162415192 22.250899061560631 1787.6367556173354 33478.771911399439 114.22913917899132 1198.8028212450445 4.2049159482121459 314220.87118512654 3256.8497602809221 204.59344846755266 61.370096415281296 866.10974416136742 275.33480920642614 5239.8185536209494 96.036160983145237 3.8748775590211144 2.6121047381311646 70.881820891052485 4300.9104096479714
leaf_count=14561365 48867 9919 262990 3913 1911 30121 686959 455 3185 176995 728 28028 182 8190 128219 182 6643 91 2460549 15925 455 364 1547 1638 38857 546 182 91 637 23205
internal_value=1.88565e-06 -0.000814859 0.000841195 0.000456054 0.000524034 0.00339894 0.0072688 -0.00068008 0.00480359 -0.00781346 -0.0217873 0.0167424 -0.0111049 -0.0133626 -0.00108423 -0.0221342 -0.0254996 -0.073868 -0.000769069 -0.0095202 -0.0710024 -0.282041 -0.0178403 -0.0121389 -0.0204652 -0.0151475 -0.0184033 -0.0167413 -0.204974 -0.0108999
internal_weight=1.13461e+06 575037 559577 550871 550326 197421 101308 96113 54340.1 41773 7003.76 4937.33 36835.7 1861.05 352905 5205.8 5091.57 1264.38 347700 3827.19 570.339 65.575 7213.61 6554.67 5688.56 5413.22 5317.19 5313.31 73.4939 36813.4
internal_count=18502939 14571284 3931655 3882788 3878875 1264536 717808 546728 309673 237055 30849 36673 200382 8645 2614339 25571 25389 7098 2588768 18291 2366 455 46683 43498 41951 40313 39767 39585 728 200200
is_linear=0
shrinkage=0.05


Tree=236
num_leaves=31
num_cat=0
split_feature=6 5 4 1 0 12 5 1 0 4 12 6 12 12 5 0 6 12 5 0 5 4 4 6 6 1 6 12 12 4
split_gain=310.422 1383.2 1669.6 1313.94 1621.28 1117.26 1113.74 1338.51 1416.38 1792.15 1206.03 944.407 1140.36 1369.25 1430.64 1577.88 1115.72 1564.24 2153.94 1164.19 1869.06 2630.16 2068.11 4191.5 1707.6 1487.16 1474.01 7061.85 9495.1 8784.97
threshold=0.61721611721611735 0.87108993157380266 0.94069986234841318 0.16530054644808742 0.3760162314083883 5.5000000000000009 0.67580080080080085 0.15301003344481609 0.48195191158900846 0.88286091815161594 40.500000000000007 0.69397993311036799 9.5000000000000018 10.500000000000002 0.68304757304998798 0.99772727272727291 0.62731481481481499 6.5000000000000009 0.81096096096096104 0.9648090815273479 0.86219390304847587 0.89951013682213132 0.91341179135247119 0.65301003344481623 0.68990384615384626 0.52223320158102771 0.6858552631578948 9.5000000000000018 7.5000000000000009 0.88286091815161594
decision_type=2 2 2 2 2 2 2 2 2 2 2 2 2 2 2 2 2 2 2 2 2 2 2 2 2 2 2 2 2 2
left_child=-1 2 6 4 -4 -5 7 10 9 -9 -2 16 -13 14 15 -14 -8 -18 -19 25 26 -22 -23 -24 -25 -20 -21 28 -28 -30
right_child=1 -3 3 5 -6 -7 11 8 -10 -11 -12 12 13 -15 -16 -17 17 18 19 20 21 22 23 24 -26 -27 27 -29 29 -31
leaf_value=-0.00057251639036126265 -0.0030826985962857214 -0.0016850406734342121 0.038195862211555541 0.0057587375929982042 -0.032371697712155915 0.034762822984198721 0.0089322455166622756 0.1351723811448402 0.021335813533282889 -0.041849041645211221 -0.16862733013124295 0.0094471629797785658 -1.7429934828024025 0.0026426293617614043 -0.021810938317140826 0.050318435486771652 0.0014783379672112925 -0.0086505716125168473 -0.067697628256979767 -0.052006160144822157 -1.3115423876205881 0.05184975392180205 -0.23542241478297404 -3.5236191179499858 -1.3605598357207929 -0.0028290420992056493 -0.24339733739671995 -0.019917505131275617 -1.1284506095599434 -4.0410599841585775
leaf_weight=763725.70906849019 3650.1641598231508 196463.21051677881 1232.6434000730515 4970.2112506497651 2396.120275914669 10002.02660263842 13590.557768413331 586.75052505731583 8152.4480293346569 189.03941866755486 113.43854312598705 51936.081766576739 2.5355673711746922 27747.75605160743 6770.0244969145861 2.3760190661996603 22725.814945048653 15429.092221762054 1664.0679678954184 911.44370245374739 6.6738802194595328 25.245513506233692 15.222219958901407 1.2729626949876536 3.2213131673634052 1883.7110766340047 30.834652923047543 127.49329576641321 11.560229696333407 3.335996499285101
leaf_count=15585206 14833 1638910 4732 53235 10374 131768 86905 1183 83538 1001 546 370643 91 190463 45682 91 153153 104013 7917 8645 182 182 91 91 91 6825 455 1547 273 273
internal_value=3.6911e-06 0.00119099 0.00443493 0.0185923 -0.00840082 0.0251346 0.00274228 0.0169368 0.0274792 0.092037 -0.00807237 0.00148148 0.00476545 -0.00227773 -0.0224298 -0.875465 -0.00355008 -0.00751007 -0.017666 -0.0473625 -0.091408 -0.385313 -0.247829 -0.631546 -1.97323 -0.0332553 -0.0774165 -0.211117 -0.744162 -1.78073
internal_weight=1.13437e+06 370644 174181 18601 3628.76 14972.2 155580 12691.8 8928.24 775.79 3763.6 142888 86458.8 34522.7 6774.94 4.91159 56429.5 42839 20113.2 4684.08 1136.3 51.6359 44.962 19.7165 4.49428 3547.78 1084.67 173.224 45.7309 14.8962
internal_count=18502939 2917733 1278823 200109 15106 185003 1078714 101101 85722 2184 15379 977613 606970 236327 45864 182 370643 283738 130585 26572 11830 637 455 273 182 14742 11193 2548 1001 546
is_linear=0
shrinkage=0.05


Tree=237
num_leaves=31
num_cat=0
split_feature=12 8 2 6 7 0 0 4 4 6 6 1 4 5 12 5 4 6 4 6 4 5 6 12 6 12 12 5 5 6
split_gain=308.819 304.554 307.808 871.062 696.638 589.895 1636.4 873.286 719.544 942.188 648.288 630.746 610.17 2187.3 1204.4 1664.61 1784.82 1131.09 992.552 1032.32 986.052 3853.89 1830.72 1381.4 1535.22 1274.32 2016.29 2300.56 1224.81 1234.7
threshold=157.50000000000003 1.0000000180025095e-35 0.43650793650793657 0.94590643274853814 1.0000000180025095e-35 0.58305485937064894 0.59606410746116645 0.75600130307653191 0.77580604783599594 0.44722222222222224 0.2834821428571429 0.22996794871794871 0.85433160035260658 0.59537185660781178 7.5000000000000009 0.83398950131233607 0.92499961861174695 0.86811594202898557 0.95105840198245273 0.42582417582417587 0.78710929072559799 0.48584779706275044 0.79057017543859665 6.5000000000000009 0.86038961038961048 12.500000000000002 11.500000000000002 0.62031176746366634 0.82063376874697636 0.267948717948718
decision_type=2 2 2 2 2 2 2 2 2 2 2 2 2 2 2 2 2 2 2 2 2 2 2 2 2 2 2 2 2 2
left_child=1 -1 -3 4 5 7 11 -4 9 -9 -10 -7 20 -14 -15 18 17 -17 -16 -20 28 -22 25 24 -24 26 -23 -28 29 -8
right_child=-2 2 3 -5 -6 6 12 8 10 -11 -12 -13 13 14 15 16 -18 -19 19 -21 21 22 23 -25 -26 -27 27 -29 -30 -31
leaf_value=-0.051652972020181001 -0.20400703263105802 -0.00098377737106171556 0.031821748148649069 0.040239075224713261 0.02539931776199052 0.060210138867189011 -0.0012928512334877398 0.035197063705305918 -0.1369573422649856 -0.15867185316523136 0.0065455570581647209 -0.12451560953966199 0.031000537397570405 -0.00039112684941864306 0.01036472250879422 -0.033056539647854176 0.016014436694219366 0.021019917224166396 -0.52223079645816639 0.051412294559692595 0.029910824585844344 -0.01134741598235735 0.04312683606251283 -0.017124624866245337 -0.063602894022874695 0.0039216266571241148 0.0140339019078506 -0.069993359142576123 -0.060353933220458435 0.0058067652272321291
leaf_weight=285.14891919936053 18.548225938109681 452684.20133841387 3630.8425289170118 1389.9918668299215 2824.0512122567743 53.207796573697124 228928.49158976914 106.31379814073443 79.353812426328659 152.66190476715565 9583.2449377030134 351.38038724666694 6447.6720918230712 195646.57550018886 47033.38621061435 6111.8257919559255 4345.0628324868158 1148.7412372869439 7.878449209034442 1732.5706065827981 7037.9112235121429 57706.066587299109 3823.9924744730815 1960.0594617417082 369.48648487217724 12186.977327663451 1113.4648555433378 3034.6352390088141 826.15458711050451 83603.958702049218
leaf_count=651105 364 10642177 34034 483210 137774 91 3929016 273 364 728 27300 2366 61152 1187368 372918 46865 52143 30667 91 19292 38493 253799 46774 12831 4004 64974 4459 15015 4004 379288
internal_value=1.04709e-05 1.38073e-05 2.68001e-05 0.000698333 0.000617489 0.000514117 0.00030318 0.0108407 0.00316264 -0.0790855 0.00536704 -0.100222 0.000364518 0.00223833 0.00151399 0.00768711 -0.00933216 -0.0245008 0.0117368 0.0488156 -0.000863231 -0.00556488 -0.00867824 0.0175267 0.0337229 -0.0108561 -0.0137678 -0.0474381 0.000445612 0.000606331
internal_weight=1.13422e+06 1.13421e+06 1.13392e+06 681236 679846 677022 663469 13552.4 9921.57 258.976 9662.6 404.588 663065 262474 256026 60379.5 11605.6 7260.57 48773.8 1740.45 400591 87232.6 80194.7 6153.54 4193.48 74041.1 61854.2 4148.1 313359 312532
internal_count=18502939 18502575 17851470 7209293 6726083 6588309 6525610 62699 28665 1001 27664 2457 6523153 1770496 1709344 521976 129675 77532 392301 19383 4752657 440349 401856 63609 50778 338247 273273 19474 4312308 4308304
is_linear=0
shrinkage=0.05


Tree=238
num_leaves=31
num_cat=0
split_feature=11 6 6 4 4 11 5 0 6 5 4 0 1 12 6 11 12 1 11 6 12 1 10 11 1 5 5 4 12 0
split_gain=297.558 638.226 647.869 536.39 517.29 411.236 473.175 395.312 1892.61 1665.97 1123.48 1107.72 1179.85 1050.88 994.429 816.439 700.324 701.685 928.422 706.075 1070.75 689.345 1118.01 667.799 1070.74 930.062 979.698 1321.96 973.904 1365.37
threshold=30.500000000000004 0.73798627002288331 0.1012820512820513 0.92795653174635884 0.91105120100449632 38.500000000000007 0.97969490826633698 0.30349511599511608 0.72902097902097907 0.62031176746366634 0.87973419829524491 1.0000000180025095e-35 0.045983086680761072 19.500000000000004 0.56385869565217395 26.500000000000004 3.5000000000000004 0.28436657681940708 16.500000000000004 0.2834821428571429 42.500000000000007 0.10471491228070175 1.0000000180025095e-35 21.500000000000004 0.029857397504456321 0.79324593901396423 0.83398950131233607 0.91105120100449632 20.500000000000004 0.35808694229746868
decision_type=2 2 2 2 2 2 2 2 2 2 2 2 2 2 2 2 2 2 2 2 2 2 2 2 2 2 2 2 2 2
left_child=7 2 -2 4 -3 6 -5 8 9 16 15 -11 -13 21 -14 -10 -1 18 19 -18 -21 22 -12 24 -9 28 -27 -28 -25 -30
right_child=1 3 -4 5 -6 -7 -8 23 10 11 13 12 14 -15 -16 -17 17 -19 -20 20 -22 -23 -24 25 -26 26 27 -29 29 -31
leaf_value=-0.070153514249986226 0.058799983074138223 -0.060122698433784295 -0.060146626996719924 -0.065108789116624197 0.088076736590135596 -0.10182116112279829 0.028313731788910963 0.010882110038947825 -0.1239689963481091 0.027552372520667563 -0.051009997574168867 -0.084651694572573322 0.16145800669765636 -0.261576729736191 0.053662140559987609 0.064990417945824386 -0.06789632224885471 0.078381512808334733 0.014707254306112791 -0.027959234368310361 0.091368764676649075 0.038358300419045227 0.012088936120506504 -0.039682051457973405 -0.00014995532710918458 0.038686408627423334 -0.075679672266771525 0.0016244540387402495 0.21799759963146337 -0.0079047808997409468
leaf_weight=336.42427749546914 130.17817923768598 73.893775597214699 949.21265141975891 194.80519850179553 289.83493512868881 117.63539795950055 445.49051869660616 22452.101639508037 387.73266476392746 4704.7150123557076 1428.4552127718925 90.762326784431934 407.90031655319035 41.845965422689915 449.95617690682411 67.049869894981384 707.05018298856885 301.01016784455715 3682.2893948154451 977.28726822277531 232.76913377456367 617.21210632752627 1380.4045817032456 4029.7623483398456 1078805.8567353263 1469.1959799276665 626.08394698332995 4739.9269504384138 68.252206504606875 3347.0577225499037
leaf_count=20020 39039 819 42952 1365 364 637 2457 225043 2002 14287 4914 546 1274 273 1001 91 95550 4095 44590 10192 546 3003 5642 259168 17564183 5187 4095 24843 1638 123123
internal_value=1.12007e-05 -0.018355 -0.0458013 0.008057 0.0579691 -0.0158956 -0.000109374 4.69323e-05 0.00789709 0.0178327 -0.0222188 0.0374907 0.0867801 -0.0125287 0.104918 -0.0961102 1.38165e-05 0.00401456 1.67668e-05 -0.0282 -0.00500504 -0.00948686 -0.0200002 -6.43445e-05 7.4963e-05 -0.0108074 0.00250993 -0.00739507 -0.0230338 -0.0033903
internal_weight=1.13355e+06 2201.05 1079.39 1121.66 363.729 757.931 640.296 1.13135e+06 15812.9 11890.2 3922.7 5653.33 948.619 3467.92 857.856 454.783 6236.83 5900.41 5599.4 1917.11 1210.06 3426.07 2808.86 1.11554e+06 1.10126e+06 14280.3 6835.21 5366.01 7445.07 3415.31
internal_count=18502939 87633 81991 5642 1183 4459 3822 18415306 208026 192101 15925 17108 2821 13832 2275 2093 174993 154973 150878 106288 10738 13559 10556 18207280 17789226 418054 34125 28938 383929 124761
is_linear=0
shrinkage=0.05


Tree=239
num_leaves=31
num_cat=0
split_feature=6 4 5 12 4 1 12 12 5 1 0 1 5 0 4 12 1 0 12 5 4 6 5 4 6 12 1 0 1 0
split_gain=298.803 721.375 2196.52 1716.02 1325.11 1238.23 1209.14 1102.2 2147.38 1039.22 1008.54 1150.67 1606.38 962.874 962.624 912.948 889.161 1923.94 847.346 973.733 963.557 874.452 863.481 844.459 816.132 1472.4 1691.28 1088.65 953.526 892.081
threshold=0.82480818414322254 0.97210656064751488 0.97969490826633698 2.5000000000000004 0.99222761596548015 0.045983086680761072 9.5000000000000018 1.5000000000000002 0.97315315315315332 0.68857758620689669 0.57032432259414378 0.056349206349206378 0.88935969868173259 0.36883862071960577 0.987266214824983 1.0000000180025095e-35 0.68496240601503777 0.89476748937561312 12.500000000000002 0.85516781083142657 0.8913727434087354 0.86811594202898557 0.87545620437956218 0.79885892921026314 0.93933823529411775 1.0000000180025095e-35 0.3816526610644258 0.36699527324527331 0.031754032258064509 0.62333546462063105
decision_type=2 2 2 2 2 2 2 2 2 2 2 2 2 2 2 2 2 2 2 2 2 2 2 2 2 2 2 2 2 2
left_child=-1 6 3 4 5 7 9 -3 -9 15 11 -5 -13 -6 -4 -2 -17 -18 20 -20 21 22 -8 -24 25 26 29 28 -27 -16
right_child=1 2 14 10 13 -7 18 8 -10 -11 -12 12 -14 -15 24 16 17 -19 19 -21 -22 -23 23 -25 -26 27 -28 -29 -30 -31
leaf_value=-0.00024789883064503954 0.047198771625649047 0.021521074532109705 0.072351774188086915 0.019276005148697557 -0.58986891974224953 -0.10469472071780778 -0.032050619150596975 -0.48263330698018242 0.056974288621070707 0.027809158554507208 0.01824608005159303 0.063806080708728743 -0.077031760737370503 -0.0036711143152200012 -0.025711565919106921 0.0054768422994791949 -0.13348828172483096 -1.4822758670190566 0.00014586496769627985 0.05284694939688226 -0.0025812212636667376 -0.0034883616057876385 0.059510726468766643 -0.12243163227623879 0.0036809845133253896 -0.043866387748286155 -0.092348101213026404 0.024548997432833411 -0.36839326370169467 0.098412818976422248
leaf_weight=1029135.466538182 1361.8861590959714 399.24681942164898 487.95176457241178 784.19261692836881 7.0597397685050955 1427.8821791838855 1279.4898536140099 33.781171880662441 40.590546220541 8081.9797322244849 2022.8488595641684 239.76590792834759 1301.3888558987528 906.91952768340707 620.36162060499191 25107.075580033707 24.340933650732044 2.9660603553056708 3322.8295238525607 1190.5016612955369 8556.8736337164883 1345.4026253782213 71.581101149320602 584.81524207256734 42095.016303259355 77.37036395072937 1080.2995833866298 1512.6874030567706 31.994398467242718 188.81032693386078
leaf_count=17364711 4368 1001 1365 3003 91 8736 7462 364 91 186004 28847 455 6279 3640 2002 104650 273 91 26390 7553 84721 9009 182 3094 637182 273 5005 5642 273 182
internal_value=1.04213e-05 0.00256203 -0.00150647 -0.0272638 -0.0576756 -0.0814571 0.00681653 -0.0113996 -0.188127 0.0121144 -0.00757201 -0.0300315 -0.0551208 -0.00819901 0.00249655 0.00732711 0.0051667 -0.279992 -0.00438675 0.0140471 -0.0114147 -0.0344504 -0.0559684 -0.102591 0.00174915 -0.021409 -0.0514074 0.013535 -0.138806 0.00325133
internal_weight=1.13332e+06 104188 53258.2 7163.68 2815.48 1901.5 50929.7 473.619 74.3717 34578.2 4348.2 2325.35 1541.15 913.979 46094.5 26496.3 25134.4 27.307 16351.5 4513.33 11838.2 3281.29 1935.89 656.396 45606.5 3511.52 1889.47 1622.05 109.365 809.172
internal_count=18502939 1138228 704431 52507 13923 10192 433797 1456 455 295386 38584 9737 6734 3731 651924 109382 105014 364 138411 33943 104468 19747 10738 3276 650559 13377 7189 6188 546 2184
is_linear=0
shrinkage=0.05


Tree=240
num_leaves=31
num_cat=0
split_feature=0 2 1 9 11 0 6 11 11 12 5 0 6 6 2 1 6 5 6 4 5 1 12 12 2 0 12 5 11 4
split_gain=292.321 1163.85 1020.68 816.679 1362.54 746.344 3344.41 979.523 1693.85 968.995 1067.52 945.298 878.731 781.266 1183.86 722.988 719.59 2293.56 2048.16 2005.23 1231.85 1110.44 1057.72 1890.55 2242.9 1618.15 1531.27 2208.47 923.347 865.847
threshold=0.93135579017931969 0.88194444444444453 0.68042553191489363 1.0000000180025095e-35 8.5000000000000018 0.97673913043478267 0.32305502846299816 6.5000000000000009 7.5000000000000009 8.5000000000000018 0.60428113553113572 0.941701680672269 0.64852941176470602 0.82480818414322254 0.88194444444444453 0.97014260249554385 0.69397993311036799 0.88935969868173259 0.67333333333333345 0.987266214824983 0.96992311171415657 0.94590643274853814 12.500000000000002 27.500000000000004 0.58571428571428574 0.98480769230769238 21.500000000000004 0.64888572783309639 1.5000000000000002 0.96156106909502503
decision_type=2 2 2 2 2 2 2 2 2 2 2 2 2 2 2 2 2 2 2 2 2 2 2 2 2 2 2 2 2 2
left_child=1 -1 -2 5 -5 6 11 15 12 10 -10 -4 -9 14 -14 -8 18 -18 19 20 21 22 -7 24 26 -26 28 -28 -24 -20
right_child=2 -3 3 4 -6 16 7 8 9 -11 -12 -13 13 -15 -16 -17 17 -19 29 -21 -22 -23 23 -25 25 -27 27 -29 -30 -31
leaf_value=-0.00095767234510310572 0.026067489604595602 0.032547281087708067 -0.0051000993113168667 0.0045863431814398385 -0.083608140727915281 -0.018579438660528146 0.0049057377737082774 -0.031044023285952273 -0.22569853347539853 0.034267785109921699 -0.013219993716049819 0.04650302685638949 -0.15848483675229824 -0.017231122649145055 0.054939824031945139 -0.14052476429094793 0.018022093118280926 -0.005385707832843525 -0.060570640903089494 0.041129598458345767 0.054208576525998899 -0.0016470946062818173 0.0092311457618939052 -0.010995335633376124 -0.52112714881256217 -1.9013548558397018 -0.24351047170086085 -1.149607856816802 -0.34198762678334421 -0.38575912248637456
leaf_weight=557228.51232028264 3970.4637351880083 2604.0160086631076 1052.9747147522867 120901.79938153748 439.5234808929963 1545.407233749982 17345.768428237061 1633.1483669802547 61.058436140418053 1442.0205505918711 1855.7974282354116 5646.5074267019518 463.8465325050056 222.47031502448954 75.560411654412746 85.882628006860614 19237.432901668129 22948.015703964978 1206.3184364745393 2752.8522873637266 982.56734576821327 368812.86158917111 107.78247588826343 257.68145863618702 23.952634435612712 2.330100815743207 60.199786230921745 7.5705437138676634 22.644887186586857 20.823009667918086
leaf_count=11763934 19747 16289 12285 1876147 3549 10010 124033 5187 364 3913 9009 38402 2821 1638 273 819 264992 363818 12012 23296 2275 3943576 1183 1638 455 91 455 182 182 364
internal_value=1.0817e-05 -0.000801827 0.00080453 0.000628312 0.00426688 -0.000357478 0.00727591 -0.00171524 -0.019603 0.0033048 -0.0199882 0.0383924 -0.0517298 -0.0960716 -0.128588 0.00418923 -0.000903244 0.00528873 -0.00159832 -0.00138704 -0.00170182 -0.00184996 -0.0387511 -0.103405 -0.209481 -0.643491 -0.151928 -0.34473 -0.0517477 -0.0660887
internal_weight=1.13302e+06 559833 573185 569215 121341 447873 29885 23185.6 5753.9 3358.88 1916.86 6699.48 2395.03 761.877 539.407 17431.7 417988 42185.4 375803 374576 371823 370840 2027.57 482.162 224.48 26.2827 198.198 67.7703 130.427 1227.14
internal_count=18502939 11780223 6722716 6702969 1879696 4823273 198744 148057 23205 13286 9373 50687 9919 4732 3094 124852 4624529 628810 3995719 3983343 3960047 3957772 14196 4186 2548 546 2002 637 1365 12376
is_linear=0
shrinkage=0.05


Tree=241
num_leaves=31
num_cat=0
split_feature=8 12 6 1 11 1 5 5 0 1 4 0 12 5 5 4 5 5 6 12 9 0 5 6 0 6 12 9 0 5
split_gain=288.788 286.736 587.504 925.719 683.05 1237.42 1055.89 1598.92 1054.94 1005.36 869.817 1040.8 534.026 1419.22 2183.97 685.996 1104.78 508.745 646.37 480.009 728.886 613.09 474.284 784.939 444.195 432.578 422.506 495.55 407.065 386.255
threshold=1.0000000180025095e-35 88.500000000000014 0.11882352941176472 0.030776515151515142 6.5000000000000009 0.65751879699248128 0.15811403508771935 0.26202034211742953 0.94672705314009675 0.15849282296650721 0.57584729582587857 0.91147186147186166 81.500000000000014 0.20977698128235769 0.13900966183574878 0.6040448793958183 0.30798149219201859 0.21458087367178277 0.15504807692307696 82.500000000000014 1.0000000180025095e-35 0.99772727272727291 0.18433827286663265 0.16064516129032261 0.99772727272727291 0.098387096774193564 82.500000000000014 1.0000000180025095e-35 0.93135579017931969 0.27669072948328272
decision_type=2 2 2 2 2 2 2 2 2 2 2 2 2 2 2 2 2 2 2 2 2 2 2 2 2 2 2 2 2 2
left_child=-1 12 4 -4 6 9 10 24 -7 -6 11 -3 -2 14 26 16 17 18 -15 20 -17 28 -16 -24 -8 -26 27 -14 -21 -19
right_child=1 2 3 -5 5 8 7 -9 -10 -11 -12 -13 13 15 22 19 -18 29 -20 21 -22 -23 23 -25 25 -27 -28 -29 -30 -31
leaf_value=-0.05157586711620224 2.0952836841326485e-05 -0.068256188517034952 -0.091676176148636254 0.03829686127375459 0.065805430967869075 0.41679688511851903 0.0044353770843464481 0.11739652127849326 0.057241725123408686 -0.074351390246468488 0.090513109618176657 0.0046772833546872171 -0.032606969414884786 -0.095450106143127628 0.074659920183506076 -0.052281205080068976 -0.48481957945469506 -0.059000088882509766 -0.49736033791361367 -0.067139611192374257 -0.71877887059343581 0.042037362443977655 -0.10275636904013369 0.060981713237839755 -0.073900769314923495 -0.17607442997023898 -0.013144374147234933 -0.12755461150197259 -0.40242016160430405 -0.17107624286602274
leaf_weight=271.22049336554483 1112975.9770618766 518.90526505716844 146.16088340431452 2185.1857943283394 450.70951673586387 39.889588922262192 81.696209766319953 99.573666365817189 41.75412654876709 178.66906611080049 276.56440045207273 8534.5692023478914 607.70010884967633 25.60277154808864 880.505089788232 13.514301495626571 17.566926311701536 602.48811188887339 16.419246844947338 105.59625780419447 5.8898377418518058 266.48680729977787 112.53969082655385 209.35640617460012 215.06499426625669 199.86033983528614 3196.0844524579588 177.58029255259316 9.901766285300253 88.119250961579382
leaf_count=651105 17697862 16653 1092 9646 11648 91 9555 637 91 9828 1911 27391 4095 728 12740 637 273 7189 182 3458 91 1001 5551 637 4368 1001 20839 1274 91 1274
internal_value=1.18432e-05 2.42002e-05 0.00741622 0.0301484 0.00243407 0.0497745 -0.000956959 -0.0654682 0.232914 0.0260175 0.00316535 0.000497058 -6.14455e-05 -0.0145369 -0.00338283 -0.0647462 -0.0929741 -0.0835785 -0.252488 -0.0119884 -0.254587 0.000335198 0.0556729 0.00373643 -0.102133 -0.123116 -0.0212181 -0.0540781 -0.0958836 -0.0733006
internal_weight=1.13255e+06 1.13228e+06 12968.6 2331.35 10637.3 711.022 9926.23 596.195 81.6437 629.379 9330.04 9053.47 1.11931e+06 6335.35 5183.77 1151.59 750.196 732.629 42.022 401.389 19.4041 381.985 1202.4 321.896 496.622 414.925 3981.36 785.28 115.498 690.607
internal_count=18502939 17851834 93912 10738 83174 21658 61516 15561 182 21476 45955 44044 17757922 60060 45136 14924 9646 9373 910 5278 728 4550 18928 6188 14924 5369 26208 5369 3549 8463
is_linear=0
shrinkage=0.05


Tree=242
num_leaves=31
num_cat=0
split_feature=6 6 4 0 0 7 11 0 1 1 0 0 12 4 0 0 4 1 1 11 11 0 10 1 0 1 11 5 4 0
split_gain=278.744 849.963 1144.92 1182.49 813.284 756.993 1164.43 795.694 1791.71 772.644 688.916 666.63 664.079 629.89 619.66 806.893 1415.78 1076.04 1005.42 1422.08 670.481 1268.5 755.5 665.727 1669.17 657.264 665.291 648.239 7860.38 3205.64
threshold=0.90238095238095251 0.89087301587301593 0.79284797486062575 0.64679768701507845 0.35808694229746868 1.0000000180025095e-35 18.500000000000004 0.58169288795887275 0.11215932914046124 0.30116279069767449 0.63011417870752917 0.34780767907702898 24.500000000000004 0.81068356246927686 0.3760162314083883 0.38546586819613143 0.99222761596548015 0.036375661375661401 0.070598006644518277 1.0000000180025095e-35 17.500000000000004 0.38072466748937345 1.0000000180025095e-35 0.048199767711962889 0.38224867724867734 0.30495169082125612 1.5000000000000002 0.80569039913700113 0.95105840198245273 0.9648090815273479
decision_type=2 2 2 2 2 2 2 2 2 2 2 2 2 2 2 2 2 2 2 2 2 2 2 2 2 2 2 2 2 2
left_child=1 -1 -3 4 -4 12 7 8 11 -10 -6 -7 14 -5 -2 16 17 -16 20 -20 22 -22 -18 -23 -25 26 -21 28 -17 -30
right_child=5 2 3 13 10 6 -8 -9 9 -11 -12 -13 -14 -15 15 27 18 -19 19 25 21 23 -24 24 -26 -27 -28 -29 29 -31
leaf_value=-7.7820589055776986e-05 0.017227137675309905 -0.29348151611580653 -0.21070094599288219 -0.18642798658333642 -0.030526753936416764 -0.14396339739787117 0.041149743283529584 0.0042172459095362195 -0.073263721001646215 0.029815213119757367 -0.18833161865913223 0.02556211249312362 -0.16382360540683627 0.021289671147156207 -0.25738694765517395 -0.079316389910198154 -0.27403490759958754 0.05823198719366595 -1.0896928010739404 0.053767929850230246 -0.031449218795057153 -0.13590230542158468 -0.0074159882481147346 0.052208260401516077 -0.59762388844634595 0.054320249333567806 -0.23172013421938353 0.0051221913773204855 -6.3314021428271712 0.05003602223768111
leaf_weight=1072054.0479214462 9355.0214734227047 38.537241756916046 67.129164360463619 37.429201386868954 2699.1238570325077 61.570135727524757 831.24721248750575 1763.6604121006094 1958.703096985817 200.39335549250245 70.980416402220726 997.353067163378 57.891132339835167 1465.4631122658029 28.339136026799679 92.911258441628888 27.144353330135345 573.59301255270839 3.983898550271987 24.62290146946907 391.88467750698328 110.72468728199601 1255.865049354732 15.30573634803295 27.885637897998095 36.663567025214434 119.18073625862598 38132.175291081832 0.71296498272567888 0.27182775666005909
leaf_count=17680208 44408 273 455 273 11011 273 5460 63882 7644 1274 364 2548 273 22568 182 2730 182 2184 91 91 1365 637 6643 91 364 182 728 646373 91 91
internal_value=1.14123e-05 -0.000167613 -0.022152 -0.0197428 -0.0387376 0.00344852 -0.0136339 -0.0227752 -0.0375686 -0.0636966 -0.0345703 0.0157052 0.00542446 0.0161165 0.00561965 0.00296086 -0.0239084 0.0433726 -0.0440244 -0.155284 -0.0328029 -0.0792198 -0.0130568 -0.200848 -0.367343 -0.134656 -0.182837 0.00479909 -0.126415 -4.56996
internal_weight=1.1325e+06 1.07643e+06 4378.66 4340.13 2837.23 56067.1 5812.93 4981.68 3218.02 2159.1 2770.1 1058.92 50254.2 1502.89 50196.3 40841.3 2615.19 601.932 2013.26 184.451 1828.81 545.801 1283.01 153.916 43.1914 180.467 143.804 38226.1 93.8961 0.984793
internal_count=18502939 17715152 34944 34671 11830 787787 81081 75621 11739 8918 11375 2821 706706 22841 706433 662025 12740 2366 10374 1092 9282 2457 6825 1092 455 1001 819 649285 2912 182
is_linear=0
shrinkage=0.05


Tree=243
num_leaves=31
num_cat=0
split_feature=11 6 6 4 4 11 5 1 11 6 6 12 1 4 12 0 5 5 5 6 5 5 4 2 11 4 6 4 5 6
split_gain=281.057 591.329 607.878 497.082 468.592 379.69 433.153 362.443 990.427 824.791 1924.97 933.769 797.164 753.037 652.21 888.023 838.387 855.903 680.742 821.164 637.983 964.386 632.665 627.46 584.43 666.297 771.628 571.24 547.45 866.539
threshold=30.500000000000004 0.73798627002288331 0.1012820512820513 0.92795653174635884 0.91105120100449632 38.500000000000007 0.97969490826633698 1.0000000180025095e-35 25.500000000000004 0.19677419354838713 0.21583850931677021 49.500000000000007 0.023532668881506128 0.6249405738713133 30.500000000000004 0.39887757026976051 0.72104203935599298 0.73931311655096832 0.6564078282828284 0.42582417582417587 0.42912946428571436 0.40549990549990556 0.76598173581492834 0.30952380952380959 26.500000000000004 0.57901175497666735 0.41421568627450983 0.69650265317874049 0.62031176746366634 0.72902097902097907
decision_type=2 2 2 2 2 2 2 2 2 2 2 2 2 2 2 2 2 2 2 2 2 2 2 2 2 2 2 2 2 2
left_child=7 2 -2 4 -3 6 -5 8 9 -1 11 -11 -9 -12 15 23 18 -18 19 -17 21 -16 -21 28 -10 -26 -27 -22 -15 -30
right_child=1 3 -4 5 -6 -7 -8 12 24 10 13 -13 -14 14 20 16 17 -19 -20 22 27 -23 -24 -25 25 26 -28 -29 29 -31
leaf_value=-0.042999219473766448 0.055052856138425789 -0.059619693453193803 -0.05970797373182183 -0.063581188086177839 0.084056803074434361 -0.098823915897509496 0.02677619195770934 -0.042964262304487855 0.06581643952233461 0.088522373095586138 -0.097932600179929719 -0.075244261099179172 -2.6002655767529121e-05 -0.036004489184634794 0.031492880277787232 -0.040225010828617173 0.12535029651902305 0.022554608653416689 -0.072960604091035483 -0.075360210495870578 0.0740821370643691 -0.10316746677133343 0.05827077315590156 -0.1067598238304782 0.075935563690555916 -0.046540233420668625 0.028157234209085991 -7.6531121783620233e-05 0.015840475014667964 -0.024044765859606045
leaf_weight=956.06354568144889 132.18998666229891 70.665728166699409 907.95124089386081 190.02783018350601 288.17356511950493 116.38282636925578 439.14052729588002 1081.9869233171921 954.44684935163241 888.26038260036148 192.95750632183626 96.49797210469842 1110227.1894555588 1704.5146934003569 408.95206141564995 598.35110210906714 218.16399928182364 2819.4397093653679 379.33094212040305 103.45051013305783 821.49910031072795 197.00760443322361 615.86970334500074 176.27909869886935 396.83539321206626 517.43624399130931 1041.8492978662252 379.70215646922588 2802.6657644053921 2648.7610074728727
leaf_count=152698 39039 819 42952 1365 364 637 2457 13286 4459 7280 2730 1001 18151952 15288 1456 12467 546 7735 2548 819 2093 1456 1365 910 1911 9100 3185 1547 9464 10010
internal_value=1.4703e-05 -0.0180691 -0.0451232 0.00741114 0.0557628 -0.0158609 -0.000514464 4.90158e-05 0.00691153 0.00203329 0.00489369 0.0724746 -6.7808e-05 0.000162677 0.00152697 -0.00266834 0.0142112 0.0299375 -0.0139385 0.00305271 0.0295401 -0.0122874 0.0390524 -0.0135679 0.0337413 0.0180909 0.00336949 0.0506404 -0.0112722 -0.00353913
internal_weight=1.13237e+06 2144.53 1040.14 1104.39 358.839 745.551 629.168 1.13023e+06 18918.3 16007.8 15051.7 984.758 1.11131e+06 14066.9 13874 12066.8 4734.61 3037.6 1697 1317.67 1807.16 605.96 719.32 7332.22 2910.57 1956.12 1559.29 1201.2 7155.94 5451.43
internal_count=18502939 87633 81991 5642 1183 4459 3822 18415306 250068 231413 78715 8281 18165238 70434 67704 61152 25480 8281 17199 14651 6552 2912 2184 35672 18655 14196 12285 3640 34762 19474
is_linear=0
shrinkage=0.05


Tree=244
num_leaves=31
num_cat=0
split_feature=11 11 10 6 0 11 0 1 1 1 11 12 6 1 1 12 2 1 1 0 6 0 5 0 0 7 11 9 0 1
split_gain=282.289 718.994 2302.31 1238.21 1767.74 1319.55 1193 1112.22 1340.84 1149.26 7723.55 1192.09 1600.55 1467.26 1028.8 2088.79 942.856 1574.61 1059.29 1056.41 998.215 945.786 929.259 903.495 962.35 864.13 845.31 1004.11 1711.46 1379.74
threshold=18.500000000000004 14.500000000000002 1.0000000180025095e-35 0.90692640692640702 0.63893883258871831 17.500000000000004 0.8445851016799294 0.16172624237140368 0.11215932914046124 0.11583184257602865 15.500000000000002 20.500000000000004 0.32305502846299816 0.13423423423423422 0.15849282296650721 1.5000000000000002 0.07417582417582419 0.065942028985507231 0.036375661375661401 0.37744769991146815 0.77525252525252542 0.41475260532754815 0.73363914373088701 0.39635934833703595 0.39887757026976051 1.0000000180025095e-35 8.5000000000000018 1.0000000180025095e-35 0.43630124777183604 0.096006144393241191
decision_type=2 2 2 2 2 2 2 2 2 2 2 2 2 2 2 2 2 2 2 2 2 2 2 2 2 2 2 2 2 2
left_child=1 26 3 4 7 6 -6 8 -3 10 22 14 -13 -14 -11 -16 17 18 19 -4 -19 23 -10 -20 -25 -5 -1 28 -28 -30
right_child=-2 2 16 25 5 -7 -8 -9 9 11 -12 12 13 -15 15 -17 -18 20 21 -21 -22 -23 -24 24 -26 -27 27 -29 29 -31
leaf_value=0.00042394002053197736 -0.0038613920467040056 -0.050912709768616816 0.0072052827631577422 0.02321000501500944 0.0065607108410040459 0.040469641133093516 -0.051875206701442647 -0.049763057057702564 -0.050124038206737991 -0.033703259439258101 -0.059633099054338085 -0.051997536610305123 -0.055616532341288952 0.22224541020645061 0.21071800149999562 -0.061059279598737373 0.051890913211459867 -0.083076570055893847 0.023623644368993488 -0.072152580736225685 0.048679684862632383 0.12554562664466926 1.3544226558232866 -0.1609734464704069 -2.1415733203510676e-05 -0.043509094215889735 -0.010610625913589982 -0.013110818743455176 0.040200168615638965 0.0012710263785279988
leaf_weight=888610.8110219735 45120.451823235722 1267.9121622966959 27550.189977770387 3534.1333565723617 2741.9373903422202 1701.5151140978487 1281.6772619161638 4345.8908048408011 1.2907700924843055 1180.6205582192342 54.368838018948736 141.26583011736875 62.202610247768462 201.1467930492945 138.97397118578374 143.90472191818844 1399.8677700720727 699.29543835066579 13102.218711518937 425.84770597220631 180.95309717953205 220.99247048795223 13.433610513806343 134.14126767544076 301.85973422101233 562.56076762662269 37235.607067970064 23882.210266704671 2348.6773714663286 73640.555130350287
leaf_count=13816621 971334 89544 170807 25025 46683 12194 12103 386659 910 88725 5278 38311 1092 1456 2730 14742 5096 10010 68887 4459 455 455 91 1001 2639 4641 540540 375466 53690 1751295
internal_value=1.38561e-05 0.000174699 0.00543086 -0.00998177 -0.0173968 0.00355651 -0.0120534 -0.0332835 -0.0109385 0.0152249 0.215476 0.00781848 0.0837808 0.156615 -0.0131829 0.0724607 0.0115142 0.0101879 0.0115837 0.00599731 -0.0559914 0.0229422 1.2313 0.0212674 -0.0495404 0.0140481 -0.000139877 -0.00379406 -0.0018289 0.00247425
internal_weight=1.13223e+06 1.08711e+06 61388.2 17372.8 13276.1 5725.13 4023.61 7551.01 3205.12 1937.21 69.0932 1868.11 404.615 263.349 1463.5 282.879 44015.4 42615.5 41735.2 27976 880.249 13759.2 14.7244 13538.2 436.001 4096.69 1.02572e+06 137107 113225 75989.2
internal_count=18502939 17531605 993993 730184 700518 70980 58786 629538 242879 153335 6279 147056 40859 2548 106197 17472 263809 258713 248248 175266 10465 72982 1001 72527 3640 29666 16537612 2720991 2345525 1804985
is_linear=0
shrinkage=0.05


Tree=245
num_leaves=31
num_cat=0
split_feature=6 6 4 5 4 5 1 4 5 6 6 6 12 12 11 0 5 5 0 1 4 9 10 2 1 12 0 0 5 11
split_gain=282.298 2849.13 2310.54 981.364 856.403 1574.64 1164.83 1044.19 1099.99 1198.75 959.794 957.903 1330.75 953.29 1644.45 2008.7 2183.88 1321.6 1215.76 913.226 1442.14 841.97 1346.03 2155.86 3617.99 1126.24 1252.11 1055.67 1000.92 804.592
threshold=0.35388994307400384 0.33854166666666669 0.73093975874921124 0.33442982456140358 0.86217891839009864 0.73363914373088701 0.0439613526570048 0.92499961861174695 0.61170759565962318 0.6132478632478634 0.39642857142857152 0.60357142857142865 2.5000000000000004 2.5000000000000004 2.5000000000000004 0.40071984209915251 0.71480709071949955 0.67580080080080085 0.53062807117934174 0.14854215918045707 0.8888932345988042 1.0000000180025095e-35 1.0000000180025095e-35 0.23611111111111113 0.38956639566395668 63.500000000000007 0.8445851016799294 0.39635934833703595 0.54915769124551239 26.500000000000004
decision_type=2 2 2 2 2 2 2 2 2 2 2 2 2 2 2 2 2 2 2 2 2 2 2 2 2 2 2 2 2 2
left_child=1 21 29 -3 -4 6 10 8 19 11 -6 -10 -13 18 15 16 17 -15 -11 20 -8 -1 23 25 -25 26 -23 -27 -24 -2
right_child=2 3 4 -5 5 -7 7 -9 9 13 -12 12 -14 14 -16 -17 -18 -19 -20 -21 -22 22 28 24 -26 27 -28 -29 -30 -31
leaf_value=-0.0020185481368168215 0.011581689838544858 0.069222809317200068 -0.0027332897902989008 -0.065813295066007124 -0.11113060973163601 -0.00015638890991224205 -0.032405651737702997 0.036825474760212813 0.00073538295551751301 0.070245169060296361 -0.0090596298509448055 -0.42516582944966652 -0.056564341729595395 -0.81828658404142074 -0.0070199036578211379 0.034973967502717231 -0.53453708648535703 0.0016428180564465812 0.014812628369554444 0.032379213598360115 0.050169153999213116 -0.047917993314995827 0.055283611776191822 0.053664093585687855 0.0026206362958172413 0.12976513606686965 0.054065718451152267 -0.0092583750308710931 0.27452577426165742 -0.052336006723691444
leaf_weight=299919.43237709987 49660.580988428788 143.73002882488072 220937.52270293632 2105.6034324646462 240.10416354238987 400554.66367252974 1511.7636306360364 3438.867748035118 33243.819687867071 1676.2317784279585 5646.2090446464717 28.427774388343096 176.60188779700547 5.2206404693424693 6640.8667560359463 5192.6310977069661 30.854328565299511 83.836927175521851 2413.1320688454434 7434.9528204514645 813.16570967435837 3744.1013311452043 622.81948700538487 3628.4618536928901 80292.147325387297 190.51428381995356 327.27517708722735 482.06594059873169 56.806417809799314 497.27966724592261
leaf_count=11416951 315770 364 1285466 29484 1274 2883244 7189 28119 208572 4095 24752 364 1820 91 32487 78442 364 364 27300 68887 2275 966056 8281 95641 962780 4004 4368 39221 364 4550
internal_value=1.22343e-05 -0.00107359 0.000586537 -0.0571846 -0.000166588 0.0010422 0.00804313 0.0100399 0.00848533 0.00546001 -0.0132231 7.08859e-05 -0.107672 0.0166962 0.00956728 0.0303018 -0.172018 -0.0464222 0.0375344 0.0238265 -0.00352434 -0.000749356 0.00351119 0.00297388 0.00482759 -0.0298183 -0.0397201 0.0301213 0.0736089 0.010948
internal_weight=1.13174e+06 391513 740227 2249.33 690069 469131 68576.7 62690.4 59251.5 49491.6 5886.31 33448.8 205.03 16042.8 11953.4 5312.54 119.912 89.0576 4089.36 9759.88 2324.93 389264 89344.2 88664.6 83920.6 4743.96 4071.38 672.58 679.626 50157.9
internal_count=18502939 13527514 4975425 29848 4655105 3369639 486395 460369 432250 353899 26026 210756 2184 143143 111748 79261 819 455 31395 78351 9464 13497666 2080715 2072070 1058421 1013649 970424 43225 8645 320320
is_linear=0
shrinkage=0.05


Tree=246
num_leaves=31
num_cat=0
split_feature=6 5 4 12 1 5 0 12 12 12 12 2 4 12 5 1 0 5 0 0 1 4 6 12 5 6 6 4 11 5
split_gain=276.186 1201.06 988.398 1151.09 1276.17 1056.36 1158.65 1118.09 1011.25 831.318 964.697 804.372 785.199 838.517 819.563 776.152 1340.93 837.005 1546.72 2412.09 1192.86 1474.71 1292.92 1561.12 1581.71 1623.03 2172.21 1534.35 1405.85 1422.52
threshold=0.65301003344481623 0.87108993157380266 0.94069986234841318 5.5000000000000009 0.20864427860696524 0.83398950131233607 0.38224867724867734 6.5000000000000009 14.500000000000002 9.5000000000000018 10.500000000000002 0.23611111111111113 0.96843892137751797 1.5000000000000002 0.82063376874697636 0.14854215918045707 0.53174181019925715 0.76728257406817468 0.59606410746116645 0.43415286404416847 0.23861283643892342 0.90795562770562788 0.76696832579185525 14.500000000000002 0.83889506859473506 0.68990384615384626 0.6858552631578948 0.93758399495241618 1.0000000180025095e-35 0.83398950131233607
decision_type=2 2 2 2 2 2 2 2 2 2 2 2 2 2 2 2 2 2 2 2 2 2 2 2 2 2 2 2 2 2
left_child=-1 2 9 12 5 6 -5 -7 -9 -2 -11 -8 13 -4 -15 16 -12 18 19 -17 21 -19 23 24 -22 26 -26 -27 -25 -30
right_child=1 -3 3 4 -6 7 11 8 -10 10 15 -13 -14 14 -16 17 -18 20 -20 -21 22 -23 -24 28 25 27 -28 -29 29 -31
leaf_value=-0.00049205913602013882 0.0064392921680237027 -0.0013304045375826549 0.019815815945369242 0.034121168624776883 0.036818763519917211 -0.047000660750594031 -0.084381749070567807 0.057466995136508651 -0.11075310572161011 -0.017303673482840478 -0.0041882651426281984 0.056585953786986533 0.039259124332038188 0.020247881347452808 -0.043505389718246558 0.067810711819386957 -0.066632280158817281 0.044198131978713334 0.026378153972128157 -0.05862008591772621 0.00085296859222732399 -0.035973097247407097 0.0062411236264891187 -0.0070385369631537761 -0.25812290185264714 -0.04879374771896286 -1.7514005488893027 -0.99071812156239725 -0.10221750286834315 -0.41508457980879787
leaf_weight=798701.95567172952 77166.074391077447 193164.68004176539 1352.0479243034497 417.1747812256217 7619.5931215053424 425.46012027561665 796.38318009674549 1280.9548023883253 96.03790819644928 8451.3814750690944 11650.963596493006 115.92496800422668 893.1444230962079 662.97457016585395 2103.5951131500769 521.38751468807459 928.23295324295759 2494.9281026534736 8511.1213281615637 1364.5977795645595 3458.1994362287223 744.84668084979057 6622.7501660252456 457.13219458516687 69.518482960760593 504.4477406591177 2.5237538497894993 4.3608454130589953 728.22780725732446 38.238788977265358
leaf_count=15808884 561379 1627262 9555 1729 119392 2184 4550 3822 455 55055 41951 273 12194 6097 24297 1183 4095 8099 89362 7462 24661 3094 71435 5824 546 3185 91 91 4368 364
internal_value=1.21051e-05 0.00122263 0.00475825 0.0165498 0.0257747 -0.00109414 -0.0349053 0.0238449 0.0457345 0.00325586 -0.002021 -0.0664693 -0.00323996 -0.0124561 -0.0282277 0.00136889 -0.00879608 0.0063789 0.0173001 -0.0236678 -0.00112834 0.0257662 -0.00845937 -0.0269591 -0.0119704 -0.0883164 -0.310435 -0.0568667 -0.0764364 -0.117826
internal_weight=1.13135e+06 332647 139482 15763.3 10751.5 3131.94 1329.48 1802.45 1376.99 123719 46552.9 912.308 5011.76 4118.62 2766.57 38101.5 12579.2 25522.3 10397.1 1885.99 15125.2 3239.77 11885.4 5262.65 4039.05 580.851 72.0422 508.809 1223.6 766.467
internal_count=18502939 2694055 1066793 184548 132405 13013 6552 6461 4277 882245 320866 4823 52143 39949 30394 265811 46046 219765 98007 8645 121758 11193 110565 39130 28574 3913 637 3276 10556 4732
is_linear=0
shrinkage=0.05


Tree=247
num_leaves=31
num_cat=0
split_feature=6 4 6 5 5 4 1 12 6 5 12 0 6 4 5 5 12 11 6 4 12 6 4 5 12 5 6 5 6 12
split_gain=275.08 682.482 2985.46 1661.86 1673.45 2023.19 1894.32 1363.16 1183.97 1399.31 1551.21 1955.76 1427.41 2570.28 2201.1 2146 1597.92 1731.92 1271.64 1682.08 1935.92 2767.92 2017.48 1379.46 1181.26 1986.01 1187.86 1175.73 1124.55 1110.3
threshold=0.82480818414322254 0.987266214824983 0.68990384615384626 0.97315315315315332 0.87108993157380266 0.9579003598740442 0.28436657681940708 1.0000000180025095e-35 0.69397993311036799 0.7835585585585586 1.5000000000000002 0.32877846790890269 0.6858552631578948 0.79885892921026314 0.81594071385359956 0.83889506859473506 5.5000000000000009 16.500000000000004 0.55777777777777793 0.87661889473430366 3.5000000000000004 0.63245614035087727 0.79284797486062575 0.79324593901396423 3.5000000000000004 0.8287593984962407 0.37268518518518523 0.85516781083142657 0.47722567287784684 2.5000000000000004
decision_type=2 2 2 2 2 2 2 2 2 2 2 2 2 2 2 2 2 2 2 2 2 2 2 2 2 2 2 2 2 2
left_child=1 3 -3 4 5 8 -7 -4 9 -1 28 -12 16 14 -14 -15 17 18 24 20 22 -22 -20 -24 25 -13 -27 -26 -11 -28
right_child=-2 2 7 -5 -6 6 -8 -9 -10 10 11 12 13 15 -16 -17 -18 -19 19 -21 21 -23 23 -25 27 26 29 -29 -30 -31
leaf_value=0.00021835481176826689 0.0024689502594991523 0.035956639603985777 -0.025546703975418542 0.037621712831571424 -0.00610914162346238 -0.02114352842667332 0.029219439230532575 0.010929608507038363 0.0059358691100400351 -0.016659710907017306 0.060684700798574624 -0.0015452030480208494 -0.1978246633784097 -0.0095905491687386171 -0.86353942506544401 -0.11653143702900498 -0.0017549789324169875 0.034957125776187252 -0.11928085325234575 -0.016983011539597276 -0.11455242582926689 -0.004102769882498569 -0.14061920651055143 0.020975378800563119 -0.006387526108486143 0.0089047667044285655 -0.026910955078565869 0.036335294480669078 0.016944183912530171 -0.074369534467861625
leaf_weight=691296.89498480898 103543.68971792236 6605.073852325324 5079.3006733199582 2865.5541566377506 117821.75030233432 2279.0061273816973 10330.894688213244 5166.7845788430423 75409.963964415947 3201.8020881796256 1021.5921400412917 5786.7760794805363 74.757304415106773 1902.688266299665 14.889717198908327 622.63259991258383 49843.229144285899 1671.6888687442988 389.73796967789531 9764.4947223123163 1877.9465875476599 812.71964127011597 144.54470974206924 1529.911770131439 13035.859324821271 935.42300820723176 2283.6665420755744 1837.3630383163691 11193.274615386501 2677.1299847774208
leaf_count=15399748 1138228 52325 22204 12012 654836 11739 102739 44044 513604 15652 2730 29029 546 9737 273 4004 250068 8372 2821 63973 13923 3367 910 6825 51597 2548 12012 4732 53690 14651
internal_value=1.26109e-05 -0.000234926 0.0097446 -0.000401324 -0.000509442 0.000231919 0.0201173 -0.00715283 -5.38941e-05 -0.000617153 -0.00583838 -0.00812842 -0.00886682 -0.0452972 -0.308395 -0.0359574 -0.00783794 -0.0149307 -0.016961 -0.0288588 -0.0532468 -0.0811909 -0.0168218 0.00702599 -0.0104559 -0.0223542 -0.042777 -0.00110976 0.00946989 -0.0525223
internal_weight=1.13102e+06 1.02748e+06 16851.2 1.01063e+06 1.00776e+06 889939 12609.9 10246.1 877329 801919 110622 96227.1 95205.5 2614.97 89.647 2525.32 92590.5 42747.3 41075.6 14519.4 4754.86 2690.67 2064.19 1674.46 26556.2 11683 5896.22 14873.2 14395.1 4960.8
internal_count=18502939 17364711 118573 17246138 17234126 16579290 114478 66248 16464812 15951208 551460 482118 479388 14560 819 13741 464828 214760 206388 91819 27846 17290 10556 7735 114569 58240 29211 56329 69342 26663
is_linear=0
shrinkage=0.05


end of trees

feature_importances:
addr_jaccard=1357
addr_jw=1080
addr_lev=962
len_diff_addr=812
name_jw=690
len_diff_name=662
name_lev=636
name_jaccard=566
suffix_match=272
pin_match=170
script_mismatch=165
country_match=68

parameters:
[boosting: gbdt]
[objective: binary]
[metric: auc,binary_logloss]
[tree_learner: serial]
[device_type: cpu]
[data_sample_strategy: bagging]
[data: ]
[valid: ]
[num_iterations: 500]
[learning_rate: 0.05]
[num_leaves: 31]
[num_threads: 8]
[seed: 42]
[deterministic: 0]
[force_col_wise: 0]
[force_row_wise: 0]
[histogram_pool_size: -1]
[max_depth: -1]
[min_data_in_leaf: 20]
[min_sum_hessian_in_leaf: 0.001]
[bagging_fraction: 1]
[pos_bagging_fraction: 1]
[neg_bagging_fraction: 1]
[bagging_freq: 0]
[bagging_seed: 400]
[bagging_by_query: 0]
[feature_fraction: 1]
[feature_fraction_bynode: 1]
[feature_fraction_seed: 30056]
[extra_trees: 0]
[extra_seed: 12879]
[early_stopping_round: 0]
[early_stopping_min_delta: 0]
[first_metric_only: 0]
[max_delta_step: 0]
[lambda_l1: 0]
[lambda_l2: 0]
[linear_lambda: 0]
[min_gain_to_split: 0]
[drop_rate: 0.1]
[max_drop: 50]
[skip_drop: 0.5]
[xgboost_dart_mode: 0]
[uniform_drop: 0]
[drop_seed: 17869]
[top_rate: 0.2]
[other_rate: 0.1]
[min_data_per_group: 100]
[max_cat_threshold: 32]
[cat_l2: 10]
[cat_smooth: 10]
[max_cat_to_onehot: 4]
[top_k: 20]
[monotone_constraints: ]
[monotone_constraints_method: basic]
[monotone_penalty: 0]
[feature_contri: ]
[forcedsplits_filename: ]
[refit_decay_rate: 0.9]
[cegb_tradeoff: 1]
[cegb_penalty_split: 0]
[cegb_penalty_feature_lazy: ]
[cegb_penalty_feature_coupled: ]
[path_smooth: 0]
[interaction_constraints: ]
[verbosity: 1]
[saved_feature_importance_type: 0]
[use_quantized_grad: 0]
[num_grad_quant_bins: 4]
[quant_train_renew_leaf: 0]
[stochastic_rounding: 1]
[linear_tree: 0]
[max_bin: 255]
[max_bin_by_feature: ]
[min_data_in_bin: 3]
[bin_construct_sample_cnt: 200000]
[data_random_seed: 175]
[is_enable_sparse: 1]
[enable_bundle: 1]
[use_missing: 1]
[zero_as_missing: 0]
[feature_pre_filter: 1]
[pre_partition: 0]
[two_round: 0]
[header: 0]
[label_column: ]
[weight_column: ]
[group_column: ]
[ignore_column: ]
[categorical_feature: ]
[forcedbins_filename: ]
[precise_float_parser: 0]
[parser_config_file: ]
[objective_seed: 16083]
[num_class: 1]
[is_unbalance: 0]
[scale_pos_weight: 4.15213]
[sigmoid: 1]
[boost_from_average: 1]
[reg_sqrt: 0]
[alpha: 0.9]
[fair_c: 1]
[poisson_max_delta_step: 0.7]
[tweedie_variance_power: 1.5]
[lambdarank_truncation_level: 30]
[lambdarank_norm: 1]
[label_gain: ]
[lambdarank_position_bias_regularization: 0]
[eval_at: ]
[multi_error_top_k: 1]
[auc_mu_weights: ]
[num_machines: 1]
[local_listen_port: 12400]
[time_out: 120]
[machine_list_filename: ]
[machines: ]
[gpu_platform_id: -1]
[gpu_device_id: -1]
[gpu_device_id_list: ]
[gpu_use_dp: 0]
[num_gpu: 1]

end of parameters

pandas_categorical:[]
